role,run,mode,reconstruction_rms
train,692,1,0.00016647934371237326
train,692,2,0.00040808837762895347
train,692,3,0.0006829246513901059
train,692,4,0.0007594079462011146
train,692,5,0.0008182491966190273
train,692,6,0.0005188478819931668
train,692,7,0.0007925512984036828
train,692,8,0.0007070489881924819
train,692,9,0.0013113671815114898
train,818,1,0.00013217635483109226
train,818,4,0.0005971179566652519
train,818,5,0.0006235271055053353
train,818,6,0.000606233286437957
train,818,9,0.0005143984118707323
train,818,10,0.0007037246617989668
train,871,1,0.0001786164703707778
train,871,2,0.00022918018770583343
train,871,3,0.00039477473174076203
train,871,4,0.0013277687228999602
train,871,5,0.00033678656688673574
train,871,6,0.0005217475130118876
train,871,7,0.0008862334130660992
train,871,8,0.0006165868584778809
train,871,9,0.00032407100058613503
train,970,1,0.00016945151245606588
train,970,2,0.00016478232826305366
train,970,3,0.00033158634276597774
train,970,4,0.0010011845280289795
train,970,5,0.00038351984406043155
train,970,6,0.0002528950877286643
train,970,7,0.000659675450332298
train,970,8,0.00045714668866320596
train,970,9,0.0005051726104585434
train,970,10,0.0008188033295640631
train,1039,1,0.0003947697372496008
train,1039,2,0.0003680967735991877
train,1039,3,0.0005691503935770388
train,1039,4,0.0008915156154977901
train,1039,5,0.001085155984458467
train,1039,6,0.0006973264224240182
train,1039,7,0.0017183352832146064
train,1039,8,0.0010632886993091465
train,1039,9,0.0006369986887286405
train,1062,1,0.0001673170312428494
train,1062,2,0.00045815276411607356
train,1062,3,0.0005757125274254656
train,1062,4,0.0005028904404817488
train,1062,5,0.0008710640212551622
train,1062,6,0.000534516105927751
train,1062,7,0.0007689443420638717
train,1062,8,0.0007343532861030583
train,1062,9,0.0013307930437123576
train,1062,10,0.0011519969748962457
train,1063,1,0.0002497559490407753
train,1063,2,0.00022407858643625912
train,1063,3,0.0003498993123198689
train,1063,4,0.0006911270842267873
train,1063,5,0.0007186395675166318
train,1063,6,0.00030269984919380384
train,1063,7,0.0005218842778230681
train,1063,8,0.0003928583145105973
train,1063,9,0.0006746422240947609
train,1063,10,0.0005307639549404464
train,1356,1,0.0003028545988145193
train,1356,2,0.00031496213510352083
train,1356,3,0.0004929600504556775
train,1356,4,0.0005169323366158728
train,1356,5,0.0009175213503416548
train,1356,6,0.0009658807774645874
train,1356,7,0.0006177358389833639
train,1356,8,0.0007399818043613348
train,1356,9,0.0008573538491470357
train,1793,1,0.0009422884352035249
train,1793,2,0.0009127177591703078
train,1793,3,0.000831650852506002
train,1793,4,0.0013174405485812592
train,1793,5,0.001380033745558553
train,1793,6,0.005063798347739412
train,1793,7,0.000977468943243197
train,1793,8,0.0012310722609636653
train,1793,9,0.0011391954727308317
train,1793,10,0.0018165148852971934
train,2304,1,0.00013380777771897345
train,2304,2,0.000183082435221086
train,2304,3,0.00024489254580471314
train,2304,4,0.0009988578767980932
train,2304,5,0.00026033829779595406
train,2304,6,0.000402820446698369
train,2304,7,0.0008426080755778516
train,2304,8,0.0007704681686080057
train,2304,9,0.000524952137737263
train,2304,10,0.0010710028209307103
train,2612,1,0.00028755522618433926
train,2612,4,0.0014485769602735033
train,2612,5,0.0005171575027954271
train,2612,6,0.00044966959639066687
train,2612,7,0.0019474666559011278
train,2612,8,0.0010625025105320195
train,2612,9,0.0015144412466254428
train,2612,10,0.0010860313095976517
train,2776,1,0.00014846223464849617
train,2776,2,0.0002465193363356171
train,2776,3,0.0006229548013168462
train,2776,4,0.0007257685391859663
train,2776,5,0.00050675803493329
train,2776,7,0.0010827325599540001
train,2776,8,0.0012400499709024598
train,2776,9,0.0010234909781678288
train,2776,10,0.0011861175105288729
train,2889,1,0.00012968789842908023
train,2889,2,0.00019499811924926933
train,2889,3,0.0006191730906390054
train,2889,4,0.0004545849303077323
train,2889,5,0.0003840721367714022
train,2889,8,0.0007674436966173175
train,2889,9,0.0006028003333809691
train,2889,10,0.0006669814592556619
train,2892,1,0.00022409404127150684
train,2892,2,0.00020361564436304887
train,2892,3,0.00031481646543716276
train,2892,4,0.000546031102007843
train,2892,5,0.0006835290113000607
train,2892,6,0.0003907801746890523
train,2892,7,0.00042254637140083477
train,2892,8,0.0004368375089522903
train,2892,9,0.0007045647519361488
train,2892,10,0.0005441977106021663
train,3144,1,0.0004287940826078472
train,3144,2,0.0008294718892110319
train,3144,3,0.0016087002327012578
train,3144,4,0.0005597230893539971
train,3144,5,0.0008985552057413949
train,3144,6,0.0007400639463621496
train,3144,7,0.0009336695201604616
train,3144,10,0.0011825192361622659
train,3261,1,0.00013502766576480244
train,3261,2,0.00031761509634889765
train,3261,3,0.0008067126577204006
train,3261,4,0.0005617589007238284
train,3261,5,0.0004828367771582956
train,3261,6,0.0006784840896623067
train,3261,7,0.0005880038729286712
train,3261,8,0.000948095211110394
train,3261,9,0.0009301394735127337
train,3283,1,0.00019803425573371609
train,3283,4,0.0006508504195041339
train,3283,10,0.0012301613114264187
train,3455,1,0.00018289838099004767
train,3455,2,0.00025289283980056346
train,3455,3,0.0003721245689856174
train,3455,4,0.0011106563937899275
train,3455,5,0.0004863938840933845
train,3455,6,0.0005068608079523744
train,3455,7,0.0012430579641059321
train,3455,8,0.0006315338280550312
train,3455,9,0.0004944908283170368
train,3565,1,0.00012388463504366324
train,3565,2,0.00024014254628476717
train,3565,3,0.0005597074937007377
train,3565,4,0.0013382580501732158
train,3565,5,0.0004449859609750367
train,3565,6,0.0005704028410011822
train,3565,7,0.0010003759498328209
train,3565,8,0.0008598620588772073
train,3565,9,0.0008905171442657911
train,3565,10,0.0013308820242551663
train,3721,1,0.00014635070697711274
train,3721,2,0.0002012218348155721
train,3721,3,0.0004106843987432706
train,3721,4,0.0007685189575252044
train,3721,5,0.0004972780577405292
train,3721,6,0.0010679555210412353
train,3721,7,0.0014099192390202807
train,3721,8,0.0005919272135034943
train,3721,9,0.0004189585694888256
train,3721,10,0.001118573499533172
train,3927,1,0.00024378531128774008
train,3927,2,0.00044470534014457493
train,3927,3,0.0005364486518657099
train,3927,4,0.0011832152753214822
train,3927,5,0.00040240484924098236
train,3927,6,0.0010029022931257923
train,3927,7,0.0009716503689936564
train,3927,8,0.0012304658708108792
train,3927,9,0.0008702905223550764
train,3927,10,0.0008797134637624274
train,3964,1,0.00021296671052877878
train,3964,2,0.0003811483716996784
train,3964,3,0.0009416695456266799
train,3964,4,0.0013056171341850897
train,3964,5,0.0008749223760083673
train,3964,6,0.0012925349759584938
train,3964,7,0.001092538082618683
train,3964,8,0.0014490331301376192
train,3964,9,0.0008994061831678695
train,3964,10,0.0027067079424028776
train,4067,1,0.00034401322353872616
train,4067,2,0.0003988191251353432
train,4067,3,0.0005594645893644579
train,4067,4,0.0009401895488679634
train,4067,5,0.00046037926340742447
train,4067,6,0.0013988303970570144
train,4067,7,0.000774545650863326
train,4067,8,0.0022734826130106924
train,4067,9,0.00043979505711431587
train,4067,10,0.0007556719564473037
train,4365,1,0.0002551669736604381
train,4365,2,0.00026322364208644286
train,4365,3,0.0003046712208229668
train,4365,4,0.00046275668682859886
train,4365,5,0.0008462092438459376
train,4365,6,0.000504084808785256
train,4365,7,0.0005252923573521892
train,4367,1,0.0001525423406482545
train,4367,2,0.00030658239283103166
train,4367,3,0.0007088528876367621
train,4367,4,0.000771672640190914
train,4367,5,0.0006221922733752968
train,4367,6,0.0007331187469544896
train,4367,7,0.0008807565549925106
train,4367,10,0.0014215729825455068
train,4387,1,0.0002447963061572924
train,4387,2,0.00036576601586737323
train,4387,3,0.0006578205695239123
train,4387,4,0.0010916364981049236
train,4387,5,0.001161657358785207
train,4387,6,0.0010173433755316743
train,4387,7,0.0006522078007413955
train,4387,8,0.0010491752259611884
train,4387,9,0.0009345601719379213
train,4387,10,0.0009053108654536871
train,4391,1,0.0001294290225327292
train,4391,4,0.0009581222626794184
train,4391,5,0.00040541503970071023
train,4391,6,0.00041874688920157533
train,4391,9,0.0004720250425895171
train,4391,10,0.0007687148325803206
train,4588,1,0.00022381188147151528
train,4588,2,0.0004368924768301594
train,4588,3,0.0005702496245784071
train,4588,4,0.0008409155256811883
train,4588,5,0.000502998558117201
train,4588,6,0.0008222747988518726
train,4588,7,0.001378751117404089
train,4588,8,0.0012093129998438771
train,4723,1,0.0001227357505416894
train,4723,2,0.00021658273199708073
train,4723,3,0.0005248413562224766
train,4723,4,0.0010429698753151003
train,4723,5,0.00033704156144730624
train,4723,6,0.000451051972612201
train,4723,7,0.0007996161192254467
train,4723,8,0.0006773185827028102
train,4723,9,0.001430830043760054
train,4919,1,0.00020343201900706881
train,4919,2,0.0004128568417509432
train,4919,3,0.0009194788560897304
train,4919,4,0.0006821348993810276
train,4919,5,0.0006480729100425065
train,4919,6,0.0006788255941206178
train,4919,7,0.001201896546445726
train,4919,8,0.0006294899175100672
train,4919,9,0.0013542154921866866
train,5674,1,0.00013304338715545814
train,5674,2,0.00021389168369824303
train,5674,3,0.00035153332523900083
train,5674,4,0.0007665913549513073
train,5674,5,0.00033409014924253353
train,5674,6,0.00033561430803040286
train,5674,7,0.0008635683113239172
train,5674,8,0.0005350599110876985
train,5674,9,0.0005434443370251807
train,5674,10,0.0007126686601730876
train,5683,1,0.00015660785542108907
train,5683,2,0.00023262051277134514
train,5683,3,0.0005193434068741413
train,5683,4,0.0006150972048403901
train,5683,5,0.0005362793463836751
train,5683,6,0.0006448145015475696
train,5683,8,0.0006441569514165458
train,5683,10,0.0011530320237338495
train,6065,1,0.0001731228432470322
train,6065,2,0.00018549065482484784
train,6065,3,0.0002595075133241945
train,6065,4,0.00039532417904332505
train,6065,5,0.0004578727243440298
train,6065,6,0.0001823125368126692
train,6065,7,0.0004914892443275175
train,6065,8,0.00036336744120804034
train,6065,9,0.0006582844336684972
train,6667,1,0.0001847881582036345
train,6667,2,0.0004452030660935366
train,6667,3,0.0006421508032424385
train,6667,4,0.00047119543879559534
train,6667,5,0.0008707663864386419
train,6667,6,0.0006369240798749696
train,6667,7,0.0005753321901092841
train,6667,8,0.0008091415562324732
train,6667,9,0.0008923928046954058
train,6667,10,0.001206901043241546
train,6742,1,0.0003060713077549908
train,6742,2,0.00044319696521883203
train,6742,3,0.0005235042125218937
train,6742,4,0.0007070664340300622
train,6742,5,0.0007493081876629823
train,6742,6,0.000710831918951179
train,6742,7,0.0007158655295032995
train,6742,8,0.0008168739272632155
train,6742,9,0.0005416294830977756
train,6742,10,0.0010311179971812094
train,6999,1,0.0002656282291379103
train,6999,2,0.00042487571751014506
train,6999,3,0.0004361778757886843
train,6999,4,0.0008403992115842002
train,6999,5,0.00046804756503735195
train,6999,6,0.0010626489739182891
train,6999,7,0.0015026687585112126
train,6999,8,0.0011552830690198018
train,6999,9,0.000504564255604415
train,6999,10,0.001026696111945723
train,7267,1,0.00022826380351413016
train,7267,2,0.0006305219526469556
train,7267,3,0.000989496399109747
train,7267,4,0.0011048711591228446
train,7267,5,0.0009340404357801047
train,7267,8,0.000955806431633007
train,7267,9,0.0015106466392334674
train,7267,10,0.001006794570162162
train,7846,1,0.0002306489269028963
train,7846,2,0.00035981708116453675
train,7846,3,0.0006538012411255929
train,7846,4,0.0007123079427041239
train,7846,5,0.0008592960391416672
train,7846,7,0.0008228356887297167
train,7846,8,0.0008068993059972203
train,7846,10,0.0008317105256672487
train,7876,1,0.0002010469726219962
train,7876,2,0.0002675709014661995
train,7876,3,0.0006422655813677472
train,7876,4,0.0015997941464288878
train,7876,5,0.0006539161264757841
train,7876,6,0.001203563261765877
train,7876,7,0.0012333275798007708
train,7876,8,0.0012971805139790195
train,7876,9,0.0006007065531984631
train,7876,10,0.0014474050559510653
train,8110,1,0.0004967569504736617
train,8110,2,0.0004443010090610828
train,8110,3,0.0007973959332756831
train,8110,4,0.0024219461846341087
train,8110,5,0.0018968464170607186
train,8110,6,0.001667310501452152
train,8110,7,0.0008319362737171319
train,8110,8,0.001091229357149154
train,8110,9,0.0007701687347397543
train,8705,1,0.0003569846902190166
train,8705,2,0.0007874804841323651
train,8705,3,0.0007401096773418654
train,8705,4,0.0014972812840711037
train,8705,5,0.0007686169246175967
train,8705,6,0.0006147511508066455
train,8705,9,0.003546506462179421
train,8705,10,0.0019051167198435557
train,8792,1,0.00017902349105267243
train,8792,2,0.00020426401621251834
train,8792,3,0.0005763794271329279
train,8792,4,0.0009611416842830763
train,8792,5,0.00040360009451197566
train,8792,6,0.0004099662891869567
train,8792,7,0.0007058329355972773
train,8792,8,0.0006890431333174178
train,8792,9,0.00038321580650721383
train,8792,10,0.0007581976426447577
train,9064,1,0.0001435394118077329
train,9064,2,0.0003551606481308358
train,9064,3,0.0006867702605085265
train,9064,4,0.0007231466863350236
train,9064,5,0.0006752258099837109
train,9064,6,0.0004073194471225807
train,9064,7,0.0007529016162710474
train,9064,8,0.0005523370000710414
train,9064,9,0.0011011831614124406
train,9064,10,0.0009801842470184266
train,9167,1,0.00017309946296069874
train,9167,2,0.0005501564702464921
train,9167,3,0.0005611244566732416
train,9167,4,0.001247457052301738
train,9167,5,0.0008576543520829609
train,9167,6,0.0009508785552758165
train,9167,7,0.0012535616880845336
train,9167,8,0.0014367630509473223
train,9167,9,0.001920247651148018
train,9183,1,0.00033900759871619647
train,9183,2,0.0009999354814824572
train,9183,3,0.0012354197551679542
train,9183,4,0.002058619510007114
train,9183,5,0.002406618213142192
train,9183,6,0.003250001109930934
train,9183,7,0.003119643921309879
train,9183,8,0.0041013021907390914
train,9183,9,0.003921260399597437
train,9436,1,0.00021190476627325165
train,9436,2,0.000508933369782393
train,9436,3,0.0005841762936586947
train,9436,4,0.0006582066310023076
train,9436,5,0.0009369733245297815
train,9436,6,0.0007245611604404874
train,9436,7,0.0013736442581967023
train,9436,8,0.0010059339403072761
train,9436,9,0.0012390070059512107
train,9436,10,0.0013478418069631142
train,9627,1,0.00021717046891116249
train,9627,2,0.0002547296356398103
train,9627,3,0.0006470180435725428
train,9627,4,0.002172254918816825
train,9627,5,0.0004412642989669627
train,9627,6,0.00043525602607728467
train,9627,7,0.0012403138343826151
train,9627,8,0.0008937111764786747
train,9627,9,0.0009389251778218989
train,9627,10,0.0014178616961262268
train,9828,1,0.00016215706818207304
train,9828,2,0.0002928123342094532
train,9828,3,0.0005958499096598956
train,9828,4,0.0004764853941067057
train,9828,5,0.0005654170593224097
train,9828,6,0.0005415737084481845
train,9828,7,0.0008309420582175333
train,9828,8,0.0007669620705233086
train,9828,9,0.001083806685166125
train,9828,10,0.0011818455919552376
calibration,11,1,0.0006722163519251066
calibration,11,2,0.0008428738891607977
calibration,11,3,0.0016872198602817558
calibration,11,4,0.002139209814567444
calibration,11,6,0.0014127745837718437
calibration,11,7,0.06405963401427928
calibration,11,9,0.00319526363612802
calibration,11,10,0.004076610515482515
calibration,297,1,0.0002911832403288755
calibration,297,2,0.0008933740139372887
calibration,297,3,0.0008096008610985268
calibration,297,4,0.0020132911625699757
calibration,297,5,0.0009045587509214552
calibration,297,7,0.0024366177092454023
calibration,297,8,0.0046288797684713116
calibration,297,9,0.002714856247395903
calibration,297,10,0.018924915776000275
calibration,373,1,0.00014794424540213362
calibration,373,2,0.00019364952839273763
calibration,373,3,0.0005481407574193835
calibration,373,4,0.0005511712876421653
calibration,373,5,0.00025671716466937856
calibration,373,6,0.0004934149147479093
calibration,373,7,0.0007633961219963689
calibration,373,8,0.0007236678064576964
calibration,373,9,0.0008150626745579646
calibration,373,10,0.0010820927637073324
calibration,795,1,0.00010411364409168407
calibration,795,2,0.00025161097726184066
calibration,795,3,0.00047431267595322623
calibration,795,4,0.0009990583519765104
calibration,795,5,0.00037599924535727683
calibration,795,6,0.00033997561924343155
calibration,795,7,0.0008229530833100503
calibration,795,8,0.000589455632489956
calibration,795,9,0.0006905542874405261
calibration,795,10,0.0009018428323462919
calibration,1720,1,0.0003782518849796374
calibration,1720,2,0.0003149162318646096
calibration,1720,3,0.0007277858694770362
calibration,1720,4,0.0009764514902778159
calibration,1720,5,0.0007246076416637033
calibration,1720,6,0.0006248987671647791
calibration,1720,7,0.0008128934248936908
calibration,1720,8,0.0006241458118099587
calibration,1720,9,0.0009969022552315289
calibration,1962,1,0.00016528528263090632
calibration,1962,2,0.00031015478467588166
calibration,1962,3,0.0006421630041719838
calibration,1962,4,0.0007316384249319777
calibration,1962,5,0.0006484325558785774
calibration,1962,6,0.0007329558082681768
calibration,1962,8,0.0010620008654793182
calibration,1962,10,0.001467759360931625
calibration,2231,1,0.00013645164809046218
calibration,2231,2,0.00022133412115280578
calibration,2231,3,0.0003208337885908711
calibration,2231,4,0.0009991429827681064
calibration,2231,5,0.0007257031479999382
calibration,2231,6,0.0010935929464735293
calibration,2231,8,0.000791980791708087
calibration,2231,10,0.0014353263080759827
calibration,2504,1,0.00015948938689707066
calibration,2504,2,0.00034207294808623996
calibration,2504,3,0.0005547511807984704
calibration,2504,4,0.0018209830616493982
calibration,2504,5,0.0004518170883030868
calibration,2504,6,0.000700542937568409
calibration,2504,7,0.0018819099628213974
calibration,2504,8,0.0018968203122978345
calibration,2504,9,0.0012235062934876392
calibration,2504,10,0.0023484790318032502
calibration,2764,1,0.0001826321274017686
calibration,2764,2,0.00018197983004738415
calibration,2764,3,0.0006085151565777601
calibration,2764,4,0.001597180706951118
calibration,2764,5,0.0003624295274232966
calibration,2764,6,0.00043174464193717374
calibration,2764,7,0.0013997133673965575
calibration,2764,8,0.00041625771177345263
calibration,2764,9,0.0005920525637660745
calibration,2764,10,0.0013257095971866606
calibration,3114,1,0.000310241241517289
calibration,3114,4,0.0008444969890500487
calibration,3114,9,0.0006584140300699209
calibration,3114,10,0.0008760340893659551
calibration,3124,1,0.00021184939666801515
calibration,3124,2,0.0003818956398459042
calibration,3124,3,0.00048366822883459497
calibration,3124,4,0.0008162747713751453
calibration,3124,5,0.0006895560015676701
calibration,3124,6,0.0008712903531749838
calibration,3124,7,0.0011255380553547101
calibration,3124,8,0.0009953923279535427
calibration,3124,9,0.0014299038928833648
calibration,3592,1,0.0004216327438912419
calibration,3592,2,0.0003404883650421507
calibration,3592,3,0.0005365145056919052
calibration,3592,4,0.001911534522334123
calibration,3592,5,0.0016805934263346184
calibration,3592,7,0.0006798444753974684
calibration,3592,8,0.0025243005139171638
calibration,3592,9,0.0008619734195298326
calibration,3592,10,0.00560619729323966
calibration,4124,1,0.00022790618286421522
calibration,4124,2,0.00019813131439505441
calibration,4124,3,0.0005081585895492509
calibration,4124,4,0.0011176306971761377
calibration,4124,5,0.0005243417931484999
calibration,4124,6,0.0003205806082013666
calibration,4124,7,0.0007811311801894303
calibration,4124,8,0.0003465847248550795
calibration,4124,9,0.0008580565239588719
calibration,4124,10,0.0007092609053712657
calibration,4463,1,0.0001867387390022187
calibration,4463,4,0.0007478414548848763
calibration,4463,5,0.000648290703296889
calibration,4463,6,0.0008396735027454719
calibration,4463,9,0.0005167477057812635
calibration,4463,10,0.0006873434498941473
calibration,5550,1,0.0002604198105041051
calibration,5550,2,0.0005340061635012253
calibration,5550,3,0.0008836609393732469
calibration,5550,4,0.0023732326536703373
calibration,5550,5,0.0006778925686025696
calibration,5550,6,0.0008660134709704135
calibration,5550,7,0.0014456682230905497
calibration,5550,8,0.0024103597999385333
calibration,5550,9,0.0018103028334617926
calibration,5550,10,0.0021961009039467173
calibration,8064,1,0.00023068017028760295
calibration,8064,2,0.00039147389952596607
calibration,8064,3,0.0003249819747147615
calibration,8064,4,0.0006496990870392531
calibration,8064,5,0.0004090784911528333
calibration,8064,6,0.0005976086070854484
calibration,8064,7,0.0008130299100941749
calibration,8064,8,0.000855157817282236
calibration,8064,9,0.0012876572860133892
calibration,8064,10,0.0013681969924408922
test,422,1,0.0001922873096896509
test,422,2,0.0004630719885733975
test,422,3,0.0007925679644114823
test,422,4,0.0005884627057977364
test,422,5,0.0009081009643733341
test,422,8,0.0010714001946700669
test,422,9,0.0012807435581706353
test,422,10,0.0016024759145288653
test,1190,1,0.00012943964719011242
test,1190,2,0.00018891106349056504
test,1190,3,0.00042224332565231104
test,1190,4,0.0012171621501999683
test,1190,5,0.0003910854917309382
test,1190,6,0.0003937941040365826
test,1190,7,0.0020969735740748244
test,1190,8,0.0007629798224949777
test,1190,9,0.0005396766542474881
test,1190,10,0.001018313779329229
test,1826,1,0.00026910312194648647
test,1826,2,0.00035422812742569185
test,1826,3,0.00037577916245995247
test,1826,4,0.0006704424819403523
test,1826,5,0.0005874410157314796
test,1826,6,0.00030976870941546553
test,1826,7,0.0009489110835210717
test,1826,8,0.00048497755767470946
test,1826,9,0.0010235947238469568
test,2209,1,0.00015995172427302624
test,2209,2,0.0002943473525126197
test,2209,3,0.0008724904156669277
test,2209,4,0.0006540051661010649
test,2209,5,0.00041016699321442965
test,2209,6,0.0008759161598295127
test,2209,7,0.07869102773892406
test,2209,8,0.0008250553011564717
test,2209,10,0.0013402429671732837
test,2802,1,0.00016723903698867673
test,2802,2,0.00018680235906049866
test,2802,3,0.00040158864411544206
test,2802,4,0.0008216203836049642
test,2802,5,0.0004107672649302166
test,2802,6,0.0004730911224605471
test,2802,7,0.0006666070020548494
test,2802,8,0.0006750523013815805
test,2802,9,0.0004280821305008556
test,3377,1,0.0004019876284508731
test,3377,2,0.0005977157346295004
test,3377,3,0.0006520766410569835
test,3377,4,0.0011767402870943152
test,3377,5,0.0011161749806266046
test,3377,6,0.0008560318002583304
test,3377,7,0.003034866967266071
test,3377,8,0.0012027294950056114
test,3377,9,0.000995312227421473
test,3377,10,0.0012776007120388567
test,3408,1,0.00010648369198656571
test,3408,2,0.00019009940289295166
test,3408,3,0.0004048914003913365
test,3408,4,0.0008418683675432314
test,3408,5,0.0003469829135328566
test,3408,6,0.0006231615904216426
test,3408,7,0.0010980533634991387
test,3408,8,0.0007819154871739973
test,3408,9,0.0010639638729931552
test,3408,10,0.00609482115589949
test,4082,1,0.0001293939754810391
test,4082,2,0.00023775214759053445
test,4082,3,0.0006125361449369975
test,4082,4,0.0008808905305380634
test,4082,5,0.00032296387227210075
test,4082,6,0.00046613024139220596
test,4082,7,0.0009870469718076807
test,4082,8,0.0008609127544120255
test,4082,9,0.000953318938290197
test,4082,10,0.0008989653242677892
test,4352,1,0.00032564960742941776
test,4352,2,0.0008767609843075571
test,4352,3,0.002890339981239565
test,4352,4,0.0037437431645106264
test,4352,5,0.001302762156701235
test,4352,6,0.002397540167681819
test,4352,7,0.004136119195061124
test,4352,8,0.0044203939442065
test,4352,9,0.003334499833887704
test,4352,10,0.0037678453174833175
test,4470,1,0.00013670830479395012
test,4470,2,0.00018802325912767125
test,4470,3,0.00024014007107490962
test,4470,4,0.0009744961796672149
test,4470,5,0.00028205210358539425
test,4470,6,0.0005138807798673763
test,4470,7,0.000922690056520457
test,4470,8,0.000734710761767299
test,4470,9,0.0005246895556020744
test,4470,10,0.001083339428482683
test,5873,1,0.00020888954241446908
test,5873,2,0.00042347398687915555
test,5873,3,0.0004596180834508617
test,5873,4,0.0018738083659306007
test,5873,5,0.0004981756383745537
test,5873,6,0.0009339644936742432
test,5873,7,0.0017956391463288034
test,5873,8,0.0027327393719729577
test,5873,9,0.003387188538228074
test,5873,10,0.0023207684439233256
test,6148,1,0.00018048362971713225
test,6148,2,0.00030680100615995015
test,6148,3,0.0005014742975725666
test,6148,4,0.0014108427344597739
test,6148,5,0.00044226899238960284
test,6148,6,0.0007467244724913134
test,6148,7,0.002662385369357138
test,6148,8,0.0008961227069683249
test,6148,10,0.0014360979920164936
test,7862,1,0.0006725198550344717
test,7862,2,0.0006986912920840476
test,7862,3,0.0007853566222082953
test,7862,4,0.0007543459995783975
test,7862,5,0.0010122383387100064
test,7862,6,0.0009917954545627691
test,7862,7,0.0006459379171918313
test,7862,8,0.00117486203260394
test,7862,9,0.0008448904373919765
test,7862,10,0.021402754402242246
test,8539,1,0.0001365960721041052
test,8539,2,0.0003341823017002689
test,8539,3,0.0005229245797830407
test,8539,4,0.0005472089469935187
test,8539,5,0.000642339684146823
test,8539,8,0.0008648419813696665
test,8539,9,0.0008982097542508535
test,8539,10,0.0008431798071701749
test,9311,1,0.00012006701771017802
test,9311,2,0.00029043596093766925
test,9311,3,0.0003948275016741593
test,9311,6,0.0009263325916624673
test,9311,7,0.001209709113510936
test,9311,8,0.0012760237179069718
test,9311,9,0.0011946754979482192
test,9311,10,0.0016165413062408332
test,9779,1,0.00016691618996690104
test,9779,2,0.00033654998250396887
test,9779,3,0.0007164596581650319
test,9779,4,0.0005951421354415292
test,9779,5,0.00043364889126042843
test,9779,6,0.0006904912843156754
test,9779,7,0.0014903390371097968
test,9779,8,0.0011237506015487207
test,9779,9,0.001422251330677808
test,9779,10,0.0016779996252975593
