run,mode,campaign_hf_mode,coarse_mesh,fine_mesh,coarse_hf_mode,fine_hf_mode,fine_mac,flags,frequency_change_pct,field_interior_rms
9828,1,1,4,3,1,1,0.9999999555438679,,0.05343508168239211,0.00010339953506285954
9828,2,2,4,3,2,2,0.999999888697549,,0.09999438525797448,0.00015160323424069148
9828,3,3,4,3,3,3,0.9999997976054347,,0.04508297791207828,0.0002350445467605965
9828,4,4,4,3,4,4,0.999999664986475,,0.07777932389934923,0.00034919718348122716
9828,5,5,4,3,5,5,0.99999972937327,,0.1375895999043374,0.00023910889414221632
9828,6,6,4,3,6,6,0.999999155796445,,0.04546565354714163,0.0004989827064943605
9828,7,7,4,3,7,7,0.9999994180022754,,0.11446755036233401,0.0006441882741106656
9828,8,8,4,3,8,8,0.9999985530852002,,0.06679715121255136,0.0005894806159553525
9828,9,9,4,3,9,9,0.9999991258566764,,0.1655308762818792,0.0005861613080760375
9828,10,10,4,3,10,10,0.9999984707584098,,0.09517275641428469,0.0006116109613114979
9828,1,1,3,2,1,1,0.9999999684257137,,0.010864059434968766,4.464352651359418e-05
9828,2,2,3,2,2,2,0.9999999278478235,,0.03456718153129468,0.00010119565589500249
9828,3,3,3,2,3,3,0.9999998632467129,,0.003105313958383611,9.462661829502206e-05
9828,4,4,3,2,4,4,0.9999997936392768,,0.023009341334212296,0.00022649330460049554
9828,5,5,3,2,5,5,0.999999852324024,,0.05110896930421108,0.0001917792091464145
9828,6,6,3,2,6,6,0.9999995600094642,,7.966472378678119e-05,0.0002884927080265794
9828,7,7,3,2,7,7,0.9999996827087813,,0.040801350244601936,0.0005723310338619555
9828,8,8,3,2,8,8,0.9999993523041614,,0.013720533327978044,0.0003605794533556574
9828,9,9,3,2,9,9,0.999999643058212,,0.06283862121331092,0.0004586147794840582
9828,10,10,3,2,10,10,0.9999993009336636,,0.028957454327807008,0.00045877185282422223
5873,1,1,4,3,1,1,0.9999999869342928,,0.03411000184846226,4.7546974902648256e-05
5873,2,2,4,3,2,2,0.9999999127305647,,0.07334436709817155,0.00014009109548025365
5873,3,3,4,3,3,3,0.9999999834709331,,0.021790516319526797,5.712445018176913e-05
5873,4,4,4,3,4,4,0.9999999270762829,,0.05562232967561966,0.00013616559658272592
5873,5,5,4,3,5,5,0.999999727783618,,0.09447621942267934,0.00023191115819055208
5873,6,6,4,3,6,6,0.9999999544281618,,0.020746439151516617,0.00010250992058945908
5873,7,7,4,3,7,7,0.9999997076549565,,0.0807999674097284,0.0002948278271024577
5873,8,8,4,3,8,8,0.9999998497976706,,0.04877426485534402,0.00019246777145413992
5873,9,9,4,3,9,9,0.99999949388668,,0.102953021400611,0.0003275489692938528
5873,10,10,4,3,10,10,0.9999998838027324,,0.07440318047886718,0.00017740998255591926
5873,1,1,3,2,1,1,0.9999999837750903,,0.004117028906155705,7.197560158353781e-06
5873,2,2,3,2,2,2,0.9999999003698647,,0.007427481394600509,1.3153097041576781e-05
5873,3,3,3,2,3,3,0.9999999806653087,,0.0021263052069155405,8.372759296240356e-06
5873,4,4,3,2,4,4,0.9999999168440916,,0.005216264502152847,1.441596185218425e-05
5873,5,5,3,2,5,5,0.9999997169151926,,0.00803407614845209,2.348327807484388e-05
5873,6,6,3,2,6,6,0.9999999606000657,,0.0014015295868758837,1.8524961189265012e-05
5873,7,7,3,2,7,7,0.9999996917314578,,0.006616756342363323,2.203872274979482e-05
5873,8,8,3,2,8,8,0.9999998398877414,,0.003611964105558556,1.8130066665188744e-05
5873,9,9,3,2,9,9,0.9999994700481281,,0.007232957653720078,2.6537357197053318e-05
5873,10,10,3,2,10,10,0.9999998683704662,,0.005108703902298024,2.640953083547957e-05
3408,1,1,4,3,1,1,0.9999998372756913,,0.056477388020754596,0.00016997774902182409
3408,2,2,4,3,2,2,0.9999994940936339,,0.003398504808144424,0.0003164404829432769
3408,3,3,4,3,3,3,0.999999866617707,,0.07984245120831963,0.0001658054006244223
3408,4,5,4,3,5,5,0.9999995962765093,,0.03324465216340357,0.00029620029303282727
3408,5,4,4,3,4,4,0.9999991276236397,,0.04797833984128199,0.00041648035493097724
3408,6,8,4,3,8,8,0.999999845344661,,0.08820389325922585,0.00022467782970176617
3408,7,6,4,3,6,6,0.9999992840824403,,0.015121477251316661,0.0004074810631947487
3408,8,9,4,3,9,9,0.999999628148115,,0.058451494948513524,0.00031582782584448565
3408,9,7,4,3,7,7,0.9999987818459298,,0.0825984825954644,0.0004929505689010371
3408,10,12,4,3,12,12,0.9973899108085518,,0.006794383075091086,0.022538687240961187
