model,fold,row,run,mode,field_interior_rms,field_edge_rms,field_relative_rms,frequency_error_pct,frequency_abs_error_pct,field_coverage_50,field_coverage_90,field_coverage_95,mean_field_std,frequency_coverage_50,frequency_coverage_90,frequency_coverage_95,frequency_std
fsdt,0,27,422,1,0.0030381783646468074,7.341127331093596e-06,1.0,-7.155276639871714,7.155276639871714,,,,,,,,
fsdt,0,28,422,2,0.0049533883536136735,1.733915101674743e-05,1.0,-7.792071473936257,7.792071473936257,,,,,,,,
fsdt,0,29,422,3,0.0024124135536461922,2.3675256483635426e-05,1.0,-6.685033905761334,6.685033905761334,,,,,,,,
fsdt,0,30,422,4,0.0039238901482758735,3.399055583177344e-05,1.0,-7.365645019346231,7.365645019346231,,,,,,,,
fsdt,0,31,422,5,0.00580001901329386,3.2455881113115846e-05,1.0,-7.991466071293272,7.991466071293272,,,,,,,,
fsdt,0,32,422,8,0.033910796841204544,6.409627154723301e-05,1.0,-7.096263703371496,7.096263703371496,,,,,,,,
fsdt,0,33,422,9,0.03256560194590281,4.833781173210065e-05,1.0,-8.055974590177664,8.055974590177664,,,,,,,,
fsdt,0,34,422,10,0.004716055102554959,7.892935432756866e-05,1.0,-7.475943501874029,7.475943501874029,,,,,,,,
fsdt,0,108,1190,1,0.002444897877221582,4.984064420355838e-06,1.0,-4.041997471351919,4.041997471351919,,,,,,,,
fsdt,0,109,1190,2,0.004443677523935594,1.6348174995575536e-05,1.0,-3.5747685803632376,3.5747685803632376,,,,,,,,
fsdt,0,110,1190,3,0.002520565164024578,1.2911393377023434e-05,1.0,-4.613284669879811,4.613284669879811,,,,,,,,
fsdt,0,111,1190,4,0.00436681003783974,2.630712411224488e-05,1.0,-4.053658098789095,4.053658098789095,,,,,,,,
fsdt,0,112,1190,5,0.006076463279725557,3.8937368372242036e-05,1.0,-3.4980288891416387,3.4980288891416387,,,,,,,,
fsdt,0,113,1190,6,0.0023141369246874647,2.7432100220680422e-05,1.0,-4.745898817449887,4.745898817449887,,,,,,,,
fsdt,0,114,1190,7,0.006187843076970009,5.02013065426069e-05,1.0,-3.7886011875479757,3.7886011875479757,,,,,,,,
fsdt,0,115,1190,8,0.004031796120322934,4.290460889127618e-05,1.0,-4.359007027610466,4.359007027610466,,,,,,,,
fsdt,0,116,1190,9,0.007013153168574421,7.471089529059748e-05,1.0,-3.5167887479739073,3.5167887479739073,,,,,,,,
fsdt,0,117,1190,10,0.005496182574910811,6.873504890792641e-05,1.0,-4.0604498919157574,4.0604498919157574,,,,,,,,
fsdt,0,146,1826,1,0.005241286807035007,2.407211180915232e-05,1.0,-1.1283436946849115,1.1283436946849115,,,,,,,,
fsdt,0,147,1826,2,0.010967872144562943,6.393339141106798e-05,1.0,-1.38026368328676,1.38026368328676,,,,,,,,
fsdt,0,148,1826,3,0.007100983539957227,6.861538652579159e-05,1.0,-1.862674750142818,1.862674750142818,,,,,,,,
fsdt,0,149,1826,4,0.013608991895024512,0.00010995635757572234,1.0,-2.0350730431022317,2.0350730431022317,,,,,,,,
fsdt,0,150,1826,5,0.018309536633934014,0.0001255217800130101,1.0,-2.2736852108495853,2.2736852108495853,,,,,,,,
fsdt,0,151,1826,6,0.013093490344241987,0.00014909431173683275,1.0,-2.3243187070807556,2.3243187070807556,,,,,,,,
fsdt,0,152,1826,7,0.022237526727563905,0.0001735350289389625,1.0,-2.655596963671586,2.655596963671586,,,,,,,,
fsdt,0,153,1826,8,0.018396105804891625,0.00018674802889193998,1.0,-2.562956462916416,2.562956462916416,,,,,,,,
fsdt,0,154,1826,9,0.030377736843445326,0.00021793620640541333,1.0,-3.331127432599229,3.331127432599229,,,,,,,,
fsdt,0,163,2209,1,0.003014112461041689,1.229438426956982e-05,1.0,-3.2700276610123358,3.2700276610123358,,,,,,,,
fsdt,0,164,2209,2,0.005439795460616934,3.877227111125573e-05,1.0,-3.2582179598485297,3.2582179598485297,,,,,,,,
fsdt,0,165,2209,3,0.0029947844950206897,3.0475310549954715e-05,1.0,-2.953030247460806,2.953030247460806,,,,,,,,
fsdt,0,166,2209,4,0.005408492006755281,5.8176361387740507e-05,1.0,-3.0029777499695753,3.0029777499695753,,,,,,,,
fsdt,0,167,2209,5,0.007286328855115225,9.107725487819497e-05,1.0,-3.362004091623578,3.362004091623578,,,,,,,,
fsdt,0,168,2209,6,0.0035583543320824355,5.8643508616135923e-05,1.0,-2.609350869530855,2.609350869530855,,,,,,,,
fsdt,0,169,2209,7,0.1377767402162504,0.00010394002300667629,1.0,-3.029056398740782,3.029056398740782,,,,,,,,
fsdt,0,170,2209,8,0.0057537659102296695,8.690726618133412e-05,1.0,-2.7058020237056333,2.7058020237056333,,,,,,,,
fsdt,0,171,2209,10,0.00770195713887374,0.000137415711711935,1.0,-2.884076048301906,2.884076048301906,,,,,,,,
fsdt,0,227,2802,1,0.006473253010205976,2.6920610703506872e-05,1.0,-1.843900303349631,1.843900303349631,,,,,,,,
fsdt,0,228,2802,2,0.015889017576969523,7.061580724361896e-05,1.0,-4.873852629875057,4.873852629875057,,,,,,,,
fsdt,0,229,2802,3,0.01083576962448954,8.320354685280734e-05,1.0,-1.3854670543315732,1.3854670543315732,,,,,,,,
fsdt,0,230,2802,4,0.0210971873095826,0.0001332179603937271,1.0,-4.041748641833927,4.041748641833927,,,,,,,,
fsdt,0,231,2802,5,0.028136823073390545,0.00014079226985743836,1.0,-8.01397554989128,8.01397554989128,,,,,,,,
fsdt,0,232,2802,6,0.014418355147243725,0.0001987820612233955,1.0,-1.1090154202163705,1.1090154202163705,,,,,,,,
fsdt,0,233,2802,7,0.033240901489517534,0.00020833340882336868,1.0,-7.128603486799151,7.128603486799151,,,,,,,,
fsdt,0,234,2802,8,0.034639906042965,0.0002494996811867555,1.0,-3.2519277682153875,3.2519277682153875,,,,,,,,
fsdt,0,235,2802,9,0.049620394593329085,0.00024487114665694664,1.0,-11.023399496541062,11.023399496541062,,,,,,,,
fsdt,0,287,3377,1,0.011971727185742772,1.3388510639294393e-05,1.0,-2.1961100600095493,2.1961100600095493,,,,,,,,
fsdt,0,288,3377,2,0.026999114578984025,2.877940572131864e-05,1.0,-3.7767697567405114,3.7767697567405114,,,,,,,,
fsdt,0,289,3377,3,0.021865242161921605,3.446222820498169e-05,1.0,-3.4430431309682143,3.4430431309682143,,,,,,,,
fsdt,0,290,3377,4,0.0338176224655695,4.622396536653925e-05,1.0,-4.276908501488273,4.276908501488273,,,,,,,,
fsdt,0,291,3377,5,0.041026748126317646,4.7160692266003706e-05,1.0,-5.42704650687071,5.42704650687071,,,,,,,,
fsdt,0,292,3377,6,0.0336354876722999,6.431580687225945e-05,1.0,-4.499396857904872,4.499396857904872,,,,,,,,
fsdt,0,293,3377,7,0.046921683346276395,6.19689065322983e-05,1.0,-5.542867819968484,5.542867819968484,,,,,,,,
fsdt,0,294,3377,8,0.042053179331817014,7.149240632579899e-05,1.0,-5.052914262774757,5.052914262774757,,,,,,,,
fsdt,0,295,3377,9,0.06059124344244642,6.999736312717584e-05,1.0,-6.904856789009467,6.904856789009467,,,,,,,,
fsdt,0,296,3377,10,0.05328142164032825,8.371815292990964e-05,1.0,-6.004305097414377,6.004305097414377,,,,,,,,
fsdt,0,297,3408,1,0.0024512809811794403,1.1945419879201715e-05,1.0,-6.440162717043192,6.440162717043192,,,,,,,,
fsdt,0,298,3408,2,0.005083941734288186,2.4237789114976296e-05,1.0,-10.098726458329068,10.098726458329068,,,,,,,,
fsdt,0,299,3408,3,0.0027360373291442893,4.628356993836442e-05,1.0,-4.3933321805726795,4.3933321805726795,,,,,,,,
fsdt,0,300,3408,4,0.005000642548016649,5.991007333880903e-05,1.0,-7.273981707791875,7.273981707791875,,,,,,,,
fsdt,0,301,3408,5,0.007176830128352931,4.404462186294687e-05,1.0,-11.864506496090703,11.864506496090703,,,,,,,,
fsdt,0,302,3408,6,0.0039501530562984855,0.00011929482181762575,1.0,-3.8768552507514875,3.8768552507514875,,,,,,,,
fsdt,0,303,3408,7,0.00709873970093772,7.994762591612421e-05,1.0,-9.735456036422082,9.735456036422082,,,,,,,,
fsdt,0,304,3408,8,0.005988126197373955,0.00013222747446646759,1.0,-5.6013844899934115,5.6013844899934115,,,,,,,,
fsdt,0,305,3408,9,0.009275333271006799,6.952238134192168e-05,1.0,-12.902173222865011,12.902173222865011,,,,,,,,
fsdt,0,306,3408,10,0.13745061983314327,0.0001506999111561868,1.0,-7.677259797409192,7.677259797409192,,,,,,,,
fsdt,0,375,4082,1,0.00249032952234537,1.2015580158714563e-05,1.0,-5.168517505376315,5.168517505376315,,,,,,,,
fsdt,0,376,4082,2,0.0048319000320666185,2.7946792594639138e-05,1.0,-6.956597030682893,6.956597030682893,,,,,,,,
fsdt,0,377,4082,3,0.0019245861865438802,4.2731117720584164e-05,1.0,-3.986877781563313,3.986877781563313,,,,,,,,
fsdt,0,378,4082,4,0.003963869274071877,6.167437812653664e-05,1.0,-5.78560226615878,5.78560226615878,,,,,,,,
fsdt,0,379,4082,5,0.00667052758866268,5.56610085267616e-05,1.0,-7.6862872175658215,7.6862872175658215,,,,,,,,
fsdt,0,380,4082,6,0.0018025056976961854,0.00010590171650302884,1.0,-3.6232857159471634,3.6232857159471634,,,,,,,,
fsdt,0,381,4082,7,0.0060020912257918195,9.155195247923027e-05,1.0,-7.014706949973917,7.014706949973917,,,,,,,,
fsdt,0,382,4082,8,0.034262298861648915,0.00012560379547204783,1.0,-4.900460619573617,4.900460619573617,,,,,,,,
fsdt,0,383,4082,9,0.03594775109318006,9.261319893679457e-05,1.0,-8.132760065261177,8.132760065261177,,,,,,,,
fsdt,0,384,4082,10,0.007574237168895678,0.0001586362199644799,1.0,-6.110392840371248,6.110392840371248,,,,,,,,
fsdt,0,395,4352,1,0.016429053481440085,1.9290993839425405e-05,1.0,-3.4658753030931284,3.4658753030931284,,,,,,,,
fsdt,0,396,4352,2,0.034222696339312374,5.240013995143447e-05,1.0,-5.998490067978936,5.998490067978936,,,,,,,,
fsdt,0,397,4352,3,0.031233467728907,5.072900567764852e-05,1.0,-6.553172484318004,6.553172484318004,,,,,,,,
fsdt,0,398,4352,4,0.046330167095864,8.29568570944399e-05,1.0,-8.406848832041485,8.406848832041485,,,,,,,,
fsdt,0,399,4352,5,0.05819398762479374,9.932078247216567e-05,1.0,-9.371706697692511,9.371706697692511,,,,,,,,
fsdt,0,400,4352,6,0.047228820093374924,9.483351774706071e-05,1.0,-10.408321367024648,10.408321367024648,,,,,,,,
fsdt,0,401,4352,7,0.06320165308210696,0.00013369906020164188,1.0,-11.227232576276466,11.227232576276466,,,,,,,,
fsdt,0,402,4352,8,0.059467811366338684,0.00012963430914370274,1.0,-11.766510553218653,11.766510553218653,,,,,,,,
fsdt,0,403,4352,9,0.0776524084515709,0.00017832886289554696,1.0,-13.177080905142347,13.177080905142347,,,,,,,,
fsdt,0,404,4352,10,0.07445988658809827,0.0001756588232101235,1.0,-13.999233927694439,13.999233927694439,,,,,,,,
fsdt,0,442,4470,1,0.0024652343351879847,2.54262040607297e-05,1.0,-1.0363913204523634,1.0363913204523634,,,,,,,,
fsdt,0,443,4470,2,0.006043959165206235,7.250966098776544e-05,1.0,-2.86830509166765,2.86830509166765,,,,,,,,
fsdt,0,444,4470,3,0.004256855145571418,7.894616918908109e-05,1.0,-0.23952146881736255,0.23952146881736255,,,,,,,,
fsdt,0,445,4470,4,0.008314624747688196,0.00013951053109379047,1.0,-2.1205961900752324,2.1205961900752324,,,,,,,,
fsdt,0,446,4470,5,0.02583718975725945,0.00015944252347583558,1.0,-4.473845581729431,4.473845581729431,,,,,,,,
fsdt,0,447,4470,6,0.02931060693957694,0.00019068124327995388,1.0,0.1424843713689835,0.1424843713689835,,,,,,,,
fsdt,0,448,4470,7,0.013788853786633894,0.00024255832306969033,1.0,-3.9740366540050642,3.9740366540050642,,,,,,,,
fsdt,0,449,4470,8,0.010982281903820938,0.00026055527213203657,1.0,-1.4027904513316876,1.4027904513316876,,,,,,,,
fsdt,0,450,4470,9,0.01732928259915184,0.0003062304306527214,1.0,-6.151058450433447,6.151058450433447,,,,,,,,
fsdt,0,451,4470,10,0.016610701646487747,0.0003797841742370977,1.0,-3.253346307135876,3.253346307135876,,,,,,,,
fsdt,0,506,5873,1,0.011598218522444475,2.1948835611438117e-05,1.0,-2.499005796698635,2.499005796698635,,,,,,,,
fsdt,0,507,5873,2,0.02683481424638909,5.6254026247785765e-05,1.0,-7.208088452083696,7.208088452083696,,,,,,,,
fsdt,0,508,5873,3,0.01890724764966036,6.954165275163931e-05,1.0,-1.495438344954012,1.495438344954012,,,,,,,,
fsdt,0,509,5873,4,0.035035824625976285,0.0001088700272187654,1.0,-5.708363379160683,5.708363379160683,,,,,,,,
fsdt,0,510,5873,5,0.0450206603204779,0.00011048971157298783,1.0,-12.275820234306906,12.275820234306906,,,,,,,,
fsdt,0,511,5873,6,0.024045582335880156,0.0001692041392727999,1.0,-0.9971895877645502,0.9971895877645502,,,,,,,,
fsdt,0,512,5873,7,0.053115032055411814,0.0001670667698917388,1.0,-10.789677879212459,10.789677879212459,,,,,,,,
fsdt,0,513,5873,8,0.16072503557512238,0.0001893159102024578,1.0,-4.481050868375758,4.481050868375758,,,,,,,,
fsdt,0,514,5873,9,0.166327055168079,0.00016777969393070726,1.0,-17.300998551045424,17.300998551045424,,,,,,,,
fsdt,0,515,5873,10,0.060544705879317595,0.0002696494482238695,1.0,-8.984889866702996,8.984889866702996,,,,,,,,
fsdt,0,525,6148,1,0.0029723305783489083,7.419797991612017e-06,1.0,-7.130904983912814,7.130904983912814,,,,,,,,
fsdt,0,526,6148,2,0.005512539011022217,2.4094812595022957e-05,1.0,-6.1348880154,6.1348880154,,,,,,,,
fsdt,0,527,6148,3,0.0028810071985417417,1.975754148800857e-05,1.0,-8.283089113414382,8.283089113414382,,,,,,,,
fsdt,0,528,6148,4,0.004968771170318397,3.953637153057657e-05,1.0,-6.730170134443543,6.730170134443543,,,,,,,,
fsdt,0,529,6148,5,0.007519553595949853,5.7130361137423145e-05,1.0,-6.032001972039448,6.032001972039448,,,,,,,,
fsdt,0,530,6148,6,0.0037862537699389614,4.3008898336845564e-05,1.0,-8.636492959064038,8.636492959064038,,,,,,,,
fsdt,0,531,6148,7,0.006842638248182749,7.463047932500496e-05,1.0,-6.191873384374419,6.191873384374419,,,,,,,,
fsdt,0,532,6148,8,0.00436671538825026,6.616712465436564e-05,1.0,-7.367032054000288,7.367032054000288,,,,,,,,
fsdt,0,533,6148,10,0.00596142857931607,0.00010439119850597976,1.0,-6.56286667132864,6.56286667132864,,,,,,,,
fsdt,0,580,7862,1,0.04217317627333759,1.806408578786592e-05,1.0,-7.393459443920452,7.393459443920452,,,,,,,,
fsdt,0,581,7862,2,0.06750328125013179,2.799716661774549e-05,1.0,-17.99727589659317,17.99727589659317,,,,,,,,
fsdt,0,582,7862,3,0.04642991743155221,7.000701859931269e-05,1.0,-3.7639137533924436,3.7639137533924436,,,,,,,,
fsdt,0,583,7862,4,0.06796786686613047,7.787396823117234e-05,1.0,-10.718709563278402,10.718709563278402,,,,,,,,
fsdt,0,584,7862,5,0.09182149093821128,3.9780834937306246e-05,1.0,-26.61850002954011,26.61850002954011,,,,,,,,
fsdt,0,585,7862,6,0.03419889654096322,0.00016707106830686383,1.0,-2.925758331193759,2.925758331193759,,,,,,,,
fsdt,0,586,7862,7,0.09166106405672278,8.96619591570977e-05,1.0,-18.931000576599953,18.931000576599953,,,,,,,,
fsdt,0,587,7862,8,0.058307804949428416,0.0001748314036399752,1.0,-7.272621320764238,7.272621320764238,,,,,,,,
fsdt,0,588,7862,9,0.11471358126209708,5.28917499903588e-05,1.0,-33.97849285138063,33.97849285138063,,,,,,,,
fsdt,0,589,7862,10,0.08971622969417864,0.00017833435104688594,1.0,-13.517895858899772,13.517895858899772,,,,,,,,
fsdt,0,619,8539,1,0.0030239424379884298,8.078976593044098e-06,1.0,-4.295915656410022,4.295915656410022,,,,,,,,
fsdt,0,620,8539,2,0.005062379294152522,1.914232407311643e-05,1.0,-4.943088327238918,4.943088327238918,,,,,,,,
fsdt,0,621,8539,3,0.0023813208614059697,2.607260392792451e-05,1.0,-3.9097578117529945,3.9097578117529945,,,,,,,,
fsdt,0,622,8539,4,0.004098443208764292,3.7539730281451055e-05,1.0,-4.6252376050338935,4.6252376050338935,,,,,,,,
fsdt,0,623,8539,5,0.006037284888218232,3.57002565612931e-05,1.0,-5.2962086930588175,5.2962086930588175,,,,,,,,
fsdt,0,624,8539,8,0.027767694727955445,7.139249072101746e-05,1.0,-4.271966801904238,4.271966801904238,,,,,,,,
fsdt,0,625,8539,9,0.027719574659363932,5.357648454530373e-05,1.0,-5.534260593355906,5.534260593355906,,,,,,,,
fsdt,0,626,8539,10,0.005263358600328549,8.757188554578231e-05,1.0,-4.75536551299043,4.75536551299043,,,,,,,,
fsdt,0,673,9311,1,0.020554078213305797,2.0491789496743172e-05,1.0,-8.646866894546584,8.646866894546584,,,,,,,,
fsdt,0,674,9311,2,0.037069336351894855,3.89500006293451e-05,1.0,-15.79692723498261,15.79692723498261,,,,,,,,
fsdt,0,675,9311,3,0.02632884202357042,7.387532217388666e-05,1.0,-5.81086682747724,5.81086682747724,,,,,,,,
fsdt,0,676,9311,6,0.03554473482795984,0.0001870590343230847,1.0,-4.693152897375887,4.693152897375887,,,,,,,,
fsdt,0,677,9311,7,0.05711406788939218,0.00011297530836442055,1.0,-16.153510716897053,16.153510716897053,,,,,,,,
fsdt,0,678,9311,8,0.03779510521340525,0.00019546498586602346,1.0,-8.113871029814542,8.113871029814542,,,,,,,,
fsdt,0,679,9311,9,0.07069096418439577,8.598955491888614e-05,1.0,-24.340812626944096,24.340812626944096,,,,,,,,
fsdt,0,680,9311,10,0.06880539767780697,0.0002152725897815927,1.0,-12.197857034736346,12.197857034736346,,,,,,,,
fsdt,0,701,9779,1,0.003464105016463465,5.676174837319702e-06,1.0,-0.6636770411875312,0.6636770411875312,,,,,,,,
fsdt,0,702,9779,2,0.009539536082538512,1.0754324275844542e-05,1.0,-3.2853541567503406,3.2853541567503406,,,,,,,,
fsdt,0,703,9779,3,0.005665433921179375,2.2028150846585978e-05,1.0,0.5357313086331082,0.5357313086331082,,,,,,,,
fsdt,0,704,9779,4,0.012390541861158047,2.728405772542316e-05,1.0,-1.4109100951550897,1.4109100951550897,,,,,,,,
fsdt,0,705,9779,5,0.017220799610099823,1.8373860599121926e-05,1.0,-4.802502668923471,4.802502668923471,,,,,,,,
fsdt,0,706,9779,6,0.011614844377832596,5.590506981956231e-05,1.0,0.7680654976839069,0.7680654976839069,,,,,,,,
fsdt,0,707,9779,7,0.01992971233984929,3.4576934340513856e-05,1.0,-3.193310164930814,3.193310164930814,,,,,,,,
fsdt,0,708,9779,8,0.013954557556235396,5.9978313645979625e-05,1.0,-0.38089189732840484,0.38089189732840484,,,,,,,,
fsdt,0,709,9779,9,0.025858092442815665,2.7579213053361924e-05,1.0,-5.847554786279644,5.847554786279644,,,,,,,,
fsdt,0,710,9779,10,0.022081877378973998,6.6503861053138e-05,1.0,-1.7464170264306658,1.7464170264306658,,,,,,,,
latent_gp,0,27,422,1,0.0005177641039426695,7.341127331093596e-06,0.17041925845023922,-1.4101812413803543,1.4101812413803543,1.0,1.0,1.0,0.004133888957331711,0.0,1.0,1.0,13.187068789906288
latent_gp,0,28,422,2,0.0017123782751476896,1.733915101674743e-05,0.34569836905649615,-1.4959916863283185,1.4959916863283185,0.9960552268244576,1.0,1.0,0.007680329770679374,0.0,1.0,1.0,31.496946582717516
latent_gp,0,29,422,3,0.0013308186396336266,2.3675256483635426e-05,0.5516544365381253,-1.3758664114917138,1.3758664114917138,1.0,1.0,1.0,0.007009291865040489,0.0,1.0,1.0,30.92188628769681
latent_gp,0,30,422,4,0.0016730400719478084,3.399055583177344e-05,0.42637281084001016,-1.390770112838559,1.390770112838559,0.9889875082182774,1.0,1.0,0.008847104163291881,0.0,1.0,1.0,44.45955351717116
latent_gp,0,31,422,5,0.011991855085201985,3.2455881113115846e-05,2.0675544438244438,-1.3851543998295222,1.3851543998295222,0.8456607495069034,1.0,1.0,0.022466462934955096,0.0,1.0,1.0,59.85151637190604
latent_gp,0,32,422,8,0.02558739607575174,6.409627154723301e-05,0.7545501273700784,-0.08661607570907065,0.08661607570907065,0.4460880999342538,0.8226495726495726,0.893655489809336,0.022063881455446903,1.0,1.0,1.0,48.95868766059561
latent_gp,0,33,422,9,0.027421279508406157,4.833781173210065e-05,0.8420320175244335,-1.6070785961904097,1.6070785961904097,0.443129520052597,0.7347140039447732,0.7912557527942143,0.020033153831107355,0.0,1.0,1.0,101.68134754167765
latent_gp,0,34,422,10,0.011520919957602242,7.892935432756866e-05,2.44291461975512,-0.8003045900836361,0.8003045900836361,0.9945759368836292,1.0,1.0,0.03120394611010627,1.0,1.0,1.0,117.45318767911391
latent_gp,0,108,1190,1,0.0016781204296380699,4.984064420355838e-06,0.6863764925613624,0.42840983595992604,0.42840983595992604,0.9983563445101906,1.0,1.0,0.004564683735020436,1.0,1.0,1.0,11.561107888737302
latent_gp,0,109,1190,2,0.0019724709923785292,1.6348174995575536e-05,0.44388256838034185,0.8123868987278665,0.8123868987278665,1.0,1.0,1.0,0.008306480888292427,1.0,1.0,1.0,49.62630304628176
latent_gp,0,110,1190,3,0.0015940114842733103,1.2911393377023434e-05,0.6324024099929071,0.06247349875044941,0.06247349875044941,0.9858645627876397,1.0,1.0,0.00785514804773361,1.0,1.0,1.0,22.1667301121345
latent_gp,0,111,1190,4,0.0016665411959949198,2.630712411224488e-05,0.3816381252112715,0.47044409687111227,0.47044409687111227,0.9985207100591716,1.0,1.0,0.01041686414204297,1.0,1.0,1.0,42.41753428888631
latent_gp,0,112,1190,5,0.0036215013267721567,3.8937368372242036e-05,0.5959883504695056,0.007380402891212782,0.007380402891212782,1.0,1.0,1.0,0.02476650142388635,1.0,1.0,1.0,118.00153017581766
latent_gp,0,113,1190,6,0.01802842766702073,2.7432100220680422e-05,7.7905622068821865,-0.35822776380797583,0.35822776380797583,0.6768573307034845,1.0,1.0,0.025622902883891924,1.0,1.0,1.0,40.73065489673902
latent_gp,0,114,1190,7,0.0024505461363690502,5.02013065426069e-05,0.39602590206101435,-0.9064831007731505,0.9064831007731505,0.9873438527284681,1.0,1.0,0.013169912473766506,1.0,1.0,1.0,135.98686195219437
latent_gp,0,115,1190,8,0.006947158132543554,4.290460889127618e-05,1.7230926180828583,0.6728947872298677,0.6728947872298677,1.0,1.0,1.0,0.02282634112433519,1.0,1.0,1.0,43.055740122132626
latent_gp,0,116,1190,9,0.010291320989442332,7.471089529059748e-05,1.4674313738871714,1.2507744366610674,1.2507744366610674,0.7953648915187377,1.0,1.0,0.02274593866009422,1.0,1.0,1.0,199.46997809321584
latent_gp,0,117,1190,10,0.011750363797461843,6.873504890792641e-05,2.1379136586729053,1.6470586902014912,1.6470586902014912,0.9640039447731755,1.0,1.0,0.03434235414465927,1.0,1.0,1.0,146.62413599121842
latent_gp,0,146,1826,1,0.0017676649582271961,2.407211180915232e-05,0.337257819178028,0.3687529157421359,0.3687529157421359,1.0,1.0,1.0,0.007351246130518229,1.0,1.0,1.0,19.521033291863585
latent_gp,0,147,1826,2,0.0038275513833492905,6.393339141106798e-05,0.3489784830548655,-0.13361847435948696,0.13361847435948696,1.0,1.0,1.0,0.012733001790080361,1.0,1.0,1.0,60.689377762589324
latent_gp,0,148,1826,3,0.003335082831004742,6.861538652579159e-05,0.4696649150414494,1.8251132718403964,1.8251132718403964,0.9718934911242604,1.0,1.0,0.013477241639495834,0.0,1.0,1.0,44.644614556141654
latent_gp,0,149,1826,4,0.0033255384273342035,0.00010995635757572234,0.24436331897221794,0.17581774254150198,0.17581774254150198,1.0,1.0,1.0,0.016510386037521824,1.0,1.0,1.0,66.31738418228007
latent_gp,0,150,1826,5,0.009040064721662109,0.0001255217800130101,0.49373530867557225,-0.2937149383019435,0.2937149383019435,1.0,1.0,1.0,0.03109927012897353,1.0,1.0,1.0,127.32605677613745
latent_gp,0,151,1826,6,0.014403109473289145,0.00014909431173683275,1.100020628160701,2.872940295606696,2.872940295606696,0.8939842209072978,1.0,1.0,0.03236553825974844,0.0,1.0,1.0,77.14535166764928
latent_gp,0,152,1826,7,0.004876181172018772,0.0001735350289389625,0.21927713597639606,3.269181070088272,3.269181070088272,1.0,1.0,1.0,0.021027092242476345,0.0,1.0,1.0,144.05076697242663
latent_gp,0,153,1826,8,0.006143586814075867,0.00018674802889193998,0.33396126763101425,2.4580722236091064,2.4580722236091064,1.0,1.0,1.0,0.02783974134146229,0.0,1.0,1.0,80.23212749746041
latent_gp,0,154,1826,9,0.004501694973681966,0.00021793620640541333,0.1481905975050708,2.9842539498748524,2.9842539498748524,1.0,1.0,1.0,0.026224440808369127,1.0,1.0,1.0,229.99889006036906
latent_gp,0,163,2209,1,0.0012554864543013033,1.229438426956982e-05,0.41653603524382177,1.5346028564815333,1.5346028564815333,0.9786324786324786,1.0,1.0,0.005101769470392825,0.0,1.0,1.0,16.32631330472999
latent_gp,0,164,2209,2,0.0030247661294737667,3.877227111125573e-05,0.5560440923509877,0.7521987237920255,0.7521987237920255,0.9544707429322814,1.0,1.0,0.010714454014574059,1.0,1.0,1.0,65.51781296799302
latent_gp,0,165,2209,3,0.002548580888007602,3.0475310549954715e-05,0.8510064387754869,0.6105278523195955,0.6105278523195955,0.9449375410913873,1.0,1.0,0.010576895634315122,1.0,1.0,1.0,43.69047120622682
latent_gp,0,166,2209,4,0.0031861882896029423,5.8176361387740507e-05,0.5891084401388315,1.7208303017141067,1.7208303017141067,0.9991781722550953,1.0,1.0,0.012084289618134226,0.0,1.0,1.0,55.50722091599401
latent_gp,0,167,2209,5,0.04031293263872833,9.107725487819497e-05,5.532680920711865,0.4705671166586393,0.4705671166586393,0.363905325443787,0.7912557527942143,0.8300460223537146,0.02737624273591995,1.0,1.0,1.0,141.35747205270945
latent_gp,0,168,2209,6,0.050550043984207954,5.8643508616135923e-05,14.20601752007784,2.917852369854844,2.917852369854844,0.16814595660749507,0.6079881656804734,0.7274819197896121,0.02777853052611105,0.0,1.0,1.0,62.53571323903566
latent_gp,0,169,2209,7,0.13855447065403248,0.00010394002300667629,1.0056448602032635,0.09577622623432641,0.09577622623432641,0.14316239316239315,0.2651216305062459,0.29470742932281396,0.0187601287766946,1.0,1.0,1.0,148.33653205890673
latent_gp,0,170,2209,8,0.009880833674541784,8.690726618133412e-05,1.7172811387711422,1.727641579718078,1.727641579718078,0.9495397764628534,1.0,1.0,0.02563716839229087,0.0,1.0,1.0,85.26582625646815
latent_gp,0,171,2209,10,0.012080633930731477,0.000137415711711935,1.5685148219999094,1.795465484286913,1.795465484286913,0.9764957264957265,1.0,1.0,0.03462786444936566,1.0,1.0,1.0,166.41323347729832
latent_gp,0,227,2802,1,0.0022794189662004114,2.6920610703506872e-05,0.35212882342256563,-0.2946261197718505,0.2946261197718505,0.9007232084155161,1.0,1.0,0.0050008447586785305,1.0,1.0,1.0,12.129657723664023
latent_gp,0,228,2802,2,0.0028867249159245933,7.061580724361896e-05,0.18168051623964357,-3.8072094437726745,3.8072094437726745,0.9707429322813939,1.0,1.0,0.009097035363637587,0.0,0.0,0.0,29.75268767458846
latent_gp,0,229,2802,3,0.0014373337330991036,8.320354685280734e-05,0.1326471291758212,0.6587670475894044,0.6587670475894044,1.0,1.0,1.0,0.008725648475273491,1.0,1.0,1.0,29.522343262537706
latent_gp,0,230,2802,4,0.008149455450151215,0.0001332179603937271,0.386281608565405,-1.3447443754745085,1.3447443754745085,0.6365877712031558,1.0,1.0,0.01063441624144461,0.0,1.0,1.0,42.222108602375855
latent_gp,0,231,2802,5,0.005769974286563937,0.00014079226985743836,0.2050684354631599,-6.912617979043647,6.912617979043647,0.9901380670611439,1.0,1.0,0.024612571579647823,0.0,0.0,0.0,56.62428278195695
latent_gp,0,232,2802,6,0.009954680455550181,0.0001987820612233955,0.6904172045903004,0.6280197139389054,0.6280197139389054,0.957922419460881,1.0,1.0,0.02605521282650682,1.0,1.0,1.0,52.90933915658333
latent_gp,0,233,2802,7,0.005170366282053306,0.00020833340882336868,0.15554230030986893,-6.122193399210177,6.122193399210177,0.9896449704142012,1.0,1.0,0.015242136061383466,0.0,0.0,0.0,61.06426510829035
latent_gp,0,234,2802,8,0.01632893477371955,0.0002494996811867555,0.4713908505833198,0.032696475749555476,0.032696475749555476,0.7074293228139382,0.9737015121630507,0.9991781722550953,0.02411080321986807,1.0,1.0,1.0,49.618607770594004
latent_gp,0,235,2802,9,0.011561171479976538,0.00024487114665694664,0.2329923325827564,-6.762180646945647,6.762180646945647,0.7357001972386588,1.0,1.0,0.021262980933505062,0.0,0.0,0.0,112.15000300975004
latent_gp,0,287,3377,1,0.0022828086571434316,1.3388510639294393e-05,0.1906833175969836,0.06334841991553651,0.06334841991553651,0.9934253780407627,1.0,1.0,0.006196998530087565,1.0,1.0,1.0,14.25894071670461
latent_gp,0,288,3377,2,0.005356430770686337,2.877940572131864e-05,0.19839283080993167,0.2688337922276201,0.2688337922276201,0.8944773175542406,1.0,1.0,0.011173644253841904,1.0,1.0,1.0,31.149540985374934
latent_gp,0,289,3377,3,0.0029394769064453956,3.446222820498169e-05,0.13443605539226566,0.2995641777552589,0.2995641777552589,0.8648915187376726,1.0,1.0,0.010974373472036223,1.0,1.0,1.0,37.27436561727638
latent_gp,0,290,3377,4,0.0014649771769323808,4.622396536653925e-05,0.043319934109025786,0.2851373418884197,0.2851373418884197,1.0,1.0,1.0,0.012868065083886004,1.0,1.0,1.0,42.18309138257347
latent_gp,0,291,3377,5,0.008065941880658694,4.7160692266003706e-05,0.19660202792150108,0.12788725234991716,0.12788725234991716,0.9682774490466798,1.0,1.0,0.028058418401942,1.0,1.0,1.0,54.15503193091674
latent_gp,0,292,3377,6,0.01932528782464153,6.431580687225945e-05,0.5745505465216322,1.0037657716639448,1.0037657716639448,0.6913214990138067,0.9074621959237343,0.943129520052597,0.030854861808247917,1.0,1.0,1.0,62.951939569088246
latent_gp,0,293,3377,7,0.01438571269497349,6.19689065322983e-05,0.3065898678188644,1.2167738539041557,1.2167738539041557,0.703155818540434,0.9779750164365549,0.992603550295858,0.02019685518625345,1.0,1.0,1.0,57.67027057254097
latent_gp,0,294,3377,8,0.014717360331055702,7.149240632579899e-05,0.3499702178265674,1.0725045503781405,1.0725045503781405,0.6298487836949376,0.950525969756739,0.9853714661406969,0.02643163422459652,1.0,1.0,1.0,62.30296543441794
latent_gp,0,295,3377,9,0.013946687020985813,6.999736312717584e-05,0.23017661016039884,0.9830857725889081,0.9830857725889081,0.7190992767915845,1.0,1.0,0.023729204209403703,1.0,1.0,1.0,105.20135124729057
latent_gp,0,296,3377,10,0.022801737848442322,8.371815292990964e-05,0.42794912647720873,1.2257725764933782,1.2257725764933782,0.6053583168967784,0.9746877054569362,0.9934253780407627,0.035446740700887,1.0,1.0,1.0,112.95718698168245
latent_gp,0,297,3408,1,0.0005875795414674624,1.1945419879201715e-05,0.23970305565898323,3.5239715618035303,3.5239715618035303,1.0,1.0,1.0,0.005032860777046768,0.0,0.0,0.0,13.738471795704635
latent_gp,0,298,3408,2,0.001169854286255181,2.4237789114976296e-05,0.23010772888390998,1.171951042580269,1.171951042580269,1.0,1.0,1.0,0.009144270847347149,1.0,1.0,1.0,41.366104126404736
latent_gp,0,299,3408,3,0.0015961991721209305,4.628356993836442e-05,0.583398170455573,0.903595371415853,0.903595371415853,0.9843852728468113,1.0,1.0,0.008253588082681559,1.0,1.0,1.0,31.008950472165782
latent_gp,0,300,3408,4,0.0021360654052561974,5.991007333880903e-05,0.42715818712205333,2.9206146038409595,2.9206146038409595,0.9978632478632479,1.0,1.0,0.011572685834184242,0.0,1.0,1.0,47.72112623684282
latent_gp,0,301,3408,5,0.0068991792385467605,4.404462186294687e-05,0.9613128798034,-0.7549127708173807,0.7549127708173807,1.0,1.0,1.0,0.026318598816110574,1.0,1.0,1.0,81.96674098006582
latent_gp,0,302,3408,6,0.008443471168779332,0.00011929482181762575,2.1375048127100515,1.5526180184496585,1.5526180184496585,0.9847140039447732,1.0,1.0,0.027476094483939464,0.0,1.0,1.0,58.31216038335349
latent_gp,0,303,3408,7,0.006574792358291553,7.994762591612421e-05,0.9261914981081846,-1.7892731996598814,1.7892731996598814,0.9873438527284681,1.0,1.0,0.017920705230474357,1.0,1.0,1.0,91.43525985856131
latent_gp,0,304,3408,8,0.011777862771893917,0.00013222747446646759,1.966869498685416,0.6377768114378926,0.6377768114378926,0.8875739644970414,1.0,1.0,0.023514851563355192,1.0,1.0,1.0,56.54788500565638
latent_gp,0,305,3408,9,0.022534890589831432,6.952238134192168e-05,2.4295505003870725,-0.33675028966534065,0.33675028966534065,0.5046022353714661,0.8852728468113084,0.9911242603550295,0.024575755369544202,1.0,1.0,1.0,136.41104399238387
latent_gp,0,306,3408,10,0.13213396287211732,0.0001506999111561868,0.9613195126549443,-1.1826861383587204,1.1826861383587204,0.23339907955292571,0.3877383300460224,0.4268573307034845,0.03394311187143186,1.0,1.0,1.0,124.98241654957164
latent_gp,0,375,4082,1,0.0010349081090251415,1.2015580158714563e-05,0.4155707506733785,0.6344707748977911,0.6344707748977911,1.0,1.0,1.0,0.004541275980251718,1.0,1.0,1.0,12.337400890373564
latent_gp,0,376,4082,2,0.0024823376916343533,2.7946792594639138e-05,0.5137394555269079,0.7182065273282537,0.7182065273282537,0.9972057856673241,1.0,1.0,0.00823863059215148,1.0,1.0,1.0,36.1607221000846
latent_gp,0,377,4082,3,0.0015198815331704909,4.2731117720584164e-05,0.7897186126540028,0.06177887542132843,0.06177887542132843,1.0,1.0,1.0,0.008089048530483074,1.0,1.0,1.0,27.49447374066051
latent_gp,0,378,4082,4,0.002590895566230911,6.167437812653664e-05,0.6536279042243536,0.7207056705818395,0.7207056705818395,0.965318869165023,1.0,1.0,0.010176988133322967,1.0,1.0,1.0,44.89707319700526
latent_gp,0,379,4082,5,0.005512953247708541,5.56610085267616e-05,0.8264643499981069,0.18167663937471118,0.18167663937471118,1.0,1.0,1.0,0.02395426183600298,1.0,1.0,1.0,72.35857523464418
latent_gp,0,380,4082,6,0.020075286999229742,0.00010590171650302884,11.137433310135066,1.542765828918395,1.542765828918395,0.6595989480604865,0.9843852728468113,0.9985207100591716,0.0269178648857042,0.0,1.0,1.0,58.96923998490879
latent_gp,0,381,4082,7,0.005698188851001796,9.155195247923027e-05,0.9493672516198832,-0.46422139293365483,0.46422139293365483,0.9797830374753451,1.0,1.0,0.013408869260443738,1.0,1.0,1.0,81.06924543432208
latent_gp,0,382,4082,8,0.014365295894112522,0.00012560379547204783,0.41927414013051356,-0.600285185095661,0.600285185095661,0.710387902695595,0.9720578566732413,0.9965483234714004,0.022909869568459973,1.0,1.0,1.0,49.42748441217006
latent_gp,0,383,4082,9,0.03076930546466349,9.261319893679457e-05,0.8559452129538357,1.5913784647207485,1.5913784647207485,0.45808678500986194,0.7329059829059829,0.7963510848126233,0.021825332309216086,1.0,1.0,1.0,127.49189113457295
latent_gp,0,384,4082,10,0.007324414358023948,0.0001586362199644799,0.9670167694381618,-0.6413642274406147,0.6413642274406147,0.9988494411571335,1.0,1.0,0.03206604940299956,1.0,1.0,1.0,91.5381936830373
latent_gp,0,395,4352,1,0.005567018604999642,1.9290993839425405e-05,0.33885205932823265,-0.9874214424153627,0.9874214424153627,0.45874424720578566,0.8648915187376726,0.9211045364891519,0.0059575994679209095,1.0,1.0,1.0,12.963473743326688
latent_gp,0,396,4352,2,0.01305615924094834,5.240013995143447e-05,0.38150586124186947,-0.7329557637665873,0.7329557637665873,0.3816568047337278,0.8060486522024983,0.8515779092702169,0.01166542495043658,1.0,1.0,1.0,56.29049854725914
latent_gp,0,397,4352,3,0.014833276774603133,5.072900567764852e-05,0.4749161029236191,-3.21125839319161,3.21125839319161,0.5540762656147271,0.7891190006574622,0.8300460223537146,0.012565901284101363,0.0,0.0,1.0,31.048882919495835
latent_gp,0,398,4352,4,0.01421940209898575,8.29568570944399e-05,0.3069145438125378,-3.190753654981642,3.190753654981642,0.4181459566074951,0.7758053911900066,0.8481262327416174,0.01294335374515726,0.0,0.0,1.0,44.30191722335267
latent_gp,0,399,4352,5,0.022202090027839905,9.932078247216567e-05,0.38151862304037454,-2.524441984433455,2.524441984433455,0.5003287310979618,0.8954635108481263,0.9523339907955293,0.027140593962953916,0.0,1.0,1.0,69.33869639407426
latent_gp,0,400,4352,6,0.02606966927913889,9.483351774706071e-05,0.5519864613936405,-5.7260898471172705,5.7260898471172705,0.5170940170940171,0.8801775147928994,0.9123931623931624,0.028647133400239423,0.0,0.0,0.0,54.304041290565095
latent_gp,0,401,4352,7,0.022471675071630587,0.00013369906020164188,0.35555517895136435,-3.875570508470999,3.875570508470999,0.32610124917817224,0.7666009204470743,0.8305391190006575,0.017052387097998743,0.0,0.0,0.0,63.61312414087716
latent_gp,0,402,4352,8,0.03474248431607786,0.00012963430914370274,0.5842233557588701,-8.38233039342531,8.38233039342531,0.40039447731755423,0.6392176199868508,0.6967455621301775,0.02582932389488683,0.0,0.0,0.0,50.04639159850224
latent_gp,0,403,4352,9,0.037227684233802995,0.00017832886289554696,0.47941441838240734,-6.49448429432693,6.49448429432693,0.22468770545693623,0.735207100591716,0.8831360946745562,0.023585629047275992,0.0,0.0,0.0,130.23882657142246
latent_gp,0,404,4352,10,0.034096623292258744,0.0001756588232101235,0.45791935570458925,-4.760832423606678,4.760832423606678,0.4041748849441157,0.893491124260355,0.9482248520710059,0.033210089108798586,0.0,0.0,0.0,94.61727338998492
latent_gp,0,442,4470,1,0.0013937866703666022,2.54262040607297e-05,0.5653769503661891,0.51090510930702,0.51090510930702,0.992603550295858,1.0,1.0,0.006242874832615672,1.0,1.0,1.0,15.02099692541559
latent_gp,0,443,4470,2,0.004409820213387103,7.250966098776544e-05,0.7296244221459146,6.514036564097657,6.514036564097657,0.9709072978303748,1.0,1.0,0.010680156211900589,0.0,0.0,0.0,59.195720606722034
latent_gp,0,444,4470,3,0.005026666143726176,7.894616918908109e-05,1.1808403085915724,1.239804921766923,1.239804921766923,0.7670940170940171,1.0,1.0,0.01123758699044093,0.0,1.0,1.0,29.279389405545196
latent_gp,0,445,4470,4,0.010303821086021936,0.00013951053109379047,1.2392406631323702,1.7755730951155422,1.7755730951155422,0.6572978303747534,1.0,1.0,0.014727889604973345,0.0,1.0,1.0,59.110871106946675
latent_gp,0,446,4470,5,0.017754435644273387,0.00015944252347583558,0.6871658957911605,13.91598068944981,13.91598068944981,0.6439842209072978,0.9981919789612097,1.0,0.028182760483902013,0.0,0.0,0.0,149.64672472656343
latent_gp,0,447,4470,6,0.024024535902715406,0.00019068124327995388,0.8196533068128329,1.8423592505151651,1.8423592505151651,0.5330374753451677,1.0,1.0,0.02729023850610717,0.0,1.0,1.0,58.65199273657598
latent_gp,0,448,4470,7,0.012951473650116369,0.00024255832306969033,0.9392712295398162,11.980438589384805,11.980438589384805,0.7108809993425378,1.0,1.0,0.017396800507539705,0.0,0.0,0.0,143.91128307402508
latent_gp,0,449,4470,8,0.007991138014276167,0.00026055527213203657,0.7276391267552422,0.6797098659800919,0.6797098659800919,0.9873438527284681,1.0,1.0,0.025865569367329342,1.0,1.0,1.0,47.939425980027146
latent_gp,0,450,4470,9,0.015868626057191252,0.0003062304306527214,0.9157116554823753,5.741702972654245,5.741702972654245,0.8377712031558185,1.0,1.0,0.024296319685373605,0.0,1.0,1.0,241.31684755875173
latent_gp,0,451,4470,10,0.01652445894649936,0.0003797841742370977,0.9948080037903382,4.516284096134492,4.516284096134492,0.9145299145299145,1.0,1.0,0.03460885337168229,0.0,1.0,1.0,169.56660815631162
latent_gp,0,506,5873,1,0.007120792722684818,2.1948835611438117e-05,0.6139557302619281,1.5012558874380975,1.5012558874380975,0.462853385930309,0.8877383300460223,0.9942472057856673,0.0058922845873689775,0.0,1.0,1.0,14.493136737580807
latent_gp,0,507,5873,2,0.0034810258636636337,5.6254026247785765e-05,0.12972051275264715,5.436776429212706,5.436776429212706,1.0,1.0,1.0,0.010416201888371402,0.0,1.0,1.0,62.11382438437506
latent_gp,0,508,5873,3,0.0037765924625664353,6.954165275163931e-05,0.1997431108188968,0.7186836386770107,0.7186836386770107,0.9393491124260355,1.0,1.0,0.010719502475097205,1.0,1.0,1.0,30.517622274475087
latent_gp,0,509,5873,4,0.005656956202332361,0.0001088700272187654,0.16146205384696946,0.938113106041365,0.938113106041365,0.9184746877054569,1.0,1.0,0.01495223714866596,1.0,1.0,1.0,55.925684181204375
latent_gp,0,510,5873,5,0.006267037965982646,0.00011048971157298783,0.13920359944458763,6.992999684227797,6.992999684227797,0.9886587771203156,1.0,1.0,0.028323727927136205,0.0,1.0,1.0,151.69899771621624
latent_gp,0,511,5873,6,0.014292650635399157,0.0001692041392727999,0.5943981907259555,0.9981752054052185,0.9981752054052185,0.7629848783694938,1.0,1.0,0.02778853181325773,1.0,1.0,1.0,55.753556886487644
latent_gp,0,512,5873,7,0.011311107972963974,0.0001670667698917388,0.21295493074660587,3.120695987064297,3.120695987064297,0.8053911900065747,1.0,1.0,0.01817838730658675,0.0,1.0,1.0,129.8947215976642
latent_gp,0,513,5873,8,0.15459092841125233,0.0001893159102024578,0.9618347748879297,0.8270267233668318,0.8270267233668318,0.09861932938856016,0.27366863905325445,0.3175542406311637,0.025124923727006435,1.0,1.0,1.0,52.096386784643755
latent_gp,0,514,5873,9,0.15419176055796605,0.00016777969393070726,0.9270395631194827,-1.9392917839104244,1.9392917839104244,0.11456278763971071,0.27038132807363574,0.31048652202498356,0.023680510307656007,1.0,1.0,1.0,236.7236039275376
latent_gp,0,515,5873,10,0.03488553583441619,0.0002696494482238695,0.5761946536490365,-0.7035923176257363,0.7035923176257363,0.534681130834977,0.8249506903353058,0.8893819855358317,0.03441817629301347,1.0,1.0,1.0,150.2519457344048
latent_gp,0,525,6148,1,0.0006999642649182573,7.419797991612017e-06,0.23549341046280206,-1.210331171442948,1.210331171442948,0.9990138067061144,1.0,1.0,0.004491825554907145,0.0,1.0,1.0,10.48205546341809
latent_gp,0,526,6148,2,0.001162319655957287,2.4094812595022957e-05,0.21085014611837682,-1.3933233313425477,1.3933233313425477,0.9838921761998685,1.0,1.0,0.008290653122906295,1.0,1.0,1.0,38.6221640253934
latent_gp,0,527,6148,3,0.001372296062725002,1.975754148800857e-05,0.476325107212369,-1.4336944742356683,1.4336944742356683,0.9955621301775148,1.0,1.0,0.008111380580675287,0.0,1.0,1.0,20.475354699179448
latent_gp,0,528,6148,4,0.0013992467759902291,3.953637153057657e-05,0.28160821418961945,-1.2754248009177567,1.2754248009177567,0.9881656804733728,1.0,1.0,0.009333259131502795,0.0,1.0,1.0,36.668119576077046
latent_gp,0,529,6148,5,0.047625170103667736,5.7130361137423145e-05,6.33351029365884,-0.46383903403697013,0.46383903403697013,0.3609467455621302,0.6127547666009204,0.6909927679158449,0.02325771234529591,1.0,1.0,1.0,56.52388543037951
latent_gp,0,530,6148,6,0.04442714780724901,4.3008898336845564e-05,11.733800877262706,-2.6904659914865205,2.6904659914865205,0.2679158448389218,0.5871137409598948,0.7077580539119,0.02320149905319735,0.0,0.0,1.0,39.61835781971953
latent_gp,0,531,6148,7,0.0029023252101587653,7.463047932500496e-05,0.4241529516673715,0.016641290802792367,0.016641290802792367,0.9372123602892833,1.0,1.0,0.012955271298084596,1.0,1.0,1.0,105.37493578788738
latent_gp,0,532,6148,8,0.004475570544415113,6.616712465436564e-05,1.0249283835758463,-2.394824735247598,2.394824735247598,0.9995069033530573,1.0,1.0,0.02335811415768386,0.0,0.0,0.0,40.617402097697735
latent_gp,0,533,6148,10,0.0036372389286111802,0.00010439119850597976,0.6101287435080646,-1.1860729856221783,1.1860729856221783,1.0,1.0,1.0,0.030712871118575506,1.0,1.0,1.0,82.82307229607733
latent_gp,0,580,7862,1,0.012886330947285212,1.806408578786592e-05,0.3055575151315343,-0.8032758135495652,0.8032758135495652,0.4041748849441157,0.7380013149243918,0.8172255095332018,0.007392628756633043,1.0,1.0,1.0,15.427818588801246
latent_gp,0,581,7862,2,0.022206094981779143,2.799716661774549e-05,0.3289631936482464,-4.009972247303494,4.009972247303494,0.3224852071005917,0.7873109796186719,0.895956607495069,0.0122879972454741,0.0,1.0,1.0,39.328714286893984
latent_gp,0,582,7862,3,0.018388301260922182,7.000701859931269e-05,0.39604423781348597,-0.032151560967740606,0.032151560967740606,0.45085470085470086,0.7578895463510849,0.8284023668639053,0.013197836384476042,1.0,1.0,1.0,35.37653960849189
latent_gp,0,583,7862,4,0.025603802447969577,7.787396823117234e-05,0.37670451683291506,-1.2608861643411493,1.2608861643411493,0.34615384615384615,0.7532873109796187,0.8759040105193951,0.016405493985684385,1.0,1.0,1.0,53.84361748159393
latent_gp,0,584,7862,5,0.03689804387576945,3.9780834937306246e-05,0.4018454013189457,-7.236858482331432,7.236858482331432,0.4695923734385273,0.8450032873109796,0.9383629191321499,0.02934306049361373,0.0,0.0,1.0,80.91678070472562
latent_gp,0,585,7862,6,0.012259818733012271,0.00016707106830686383,0.3584857984621679,0.20825790210487494,0.20825790210487494,0.7986522024983563,1.0,1.0,0.028727503564660046,1.0,1.0,1.0,67.84418365052102
latent_gp,0,586,7862,7,0.03412029809569539,8.96619591570977e-05,0.37224418510547364,-3.391032549699931,3.391032549699931,0.2503287310979619,0.6717619986850756,0.8231426692965155,0.019714755743458174,0.0,1.0,1.0,81.30788869696825
latent_gp,0,587,7862,8,0.03619375682724075,0.0001748314036399752,0.6207360551238784,-1.1228443774685632,1.1228443774685632,0.5382971729125575,0.8014464168310322,0.8376068376068376,0.027390546388049174,0.0,1.0,1.0,54.543307852041345
latent_gp,0,588,7862,9,0.047909704625802185,5.28917499903588e-05,0.41764631614401704,-15.17004701943165,15.17004701943165,0.36867192636423407,0.6872123602892833,0.7662721893491125,0.025364554322570926,0.0,0.0,0.0,107.12973432436543
latent_gp,0,589,7862,10,0.05469022680602278,0.00017833435104688594,0.6095912299530285,-3.922482871314906,3.922482871314906,0.3453320184089415,0.6852399737015121,0.7595332018408941,0.03466447915823431,0.0,1.0,1.0,120.16739366245983
latent_gp,0,619,8539,1,0.0020559676321769793,8.078976593044098e-06,0.6798964181158946,1.8016778002804017,1.8016778002804017,0.9539776462853385,1.0,1.0,0.0050569570169493264,0.0,1.0,1.0,16.640002253544584
latent_gp,0,620,8539,2,0.004843420609118184,1.914232407311643e-05,0.9567478704554488,1.4028524499785926,1.4028524499785926,0.9069690992767916,1.0,1.0,0.009234244203429246,1.0,1.0,1.0,53.37074818134545
latent_gp,0,621,8539,3,0.004135522755807987,2.607260392792451e-05,1.7366507902535693,-0.8141454033367392,0.8141454033367392,0.7981591058514136,1.0,1.0,0.008801409434754093,1.0,1.0,1.0,37.098077064522826
latent_gp,0,622,8539,4,0.005034139833810752,3.7539730281451055e-05,1.2283053777701556,1.709445530456707,1.709445530456707,0.908284023668639,1.0,1.0,0.01196390622017503,0.0,1.0,1.0,57.04927295032578
latent_gp,0,623,8539,5,0.01099446817351151,3.57002565612931e-05,1.821094809517309,0.304686282262023,0.304686282262023,0.9120644312952005,1.0,1.0,0.0262817651722463,1.0,1.0,1.0,112.04801283687897
latent_gp,0,624,8539,8,0.023254984319499097,7.139249072101746e-05,0.8374834334406188,-0.9721869110497688,0.9721869110497688,0.37163050624589083,0.8849441157133465,0.9483892176199868,0.023856316763548314,0.0,1.0,1.0,58.19662962624641
latent_gp,0,625,8539,9,0.02182689528688252,5.357648454530373e-05,0.7874181171646943,2.4870682599118137,2.4870682599118137,0.5267915844838922,0.8399079552925707,0.8971071663379355,0.022247143205427544,1.0,1.0,1.0,176.56010113462597
latent_gp,0,626,8539,10,0.01669518619167688,8.757188554578231e-05,3.1719644165295393,1.6730804150665342,1.6730804150665342,0.8809993425378041,1.0,1.0,0.03341984326668472,1.0,1.0,1.0,168.1354753458679
latent_gp,0,673,9311,1,0.0050154886800314125,2.0491789496743172e-05,0.24401428407451559,-1.6874136237963553,1.6874136237963553,0.5522682445759369,1.0,1.0,0.005281686469256084,0.0,1.0,1.0,14.139384431055632
latent_gp,0,674,9311,2,0.004370595877068579,3.89500006293451e-05,0.1179032674224061,-2.3647672247187597,2.3647672247187597,0.9385272846811308,1.0,1.0,0.009532112059333877,0.0,1.0,1.0,38.921132942550315
latent_gp,0,675,9311,3,0.0034548097195654577,7.387532217388666e-05,0.13121768577868337,-0.7244924381140888,0.7244924381140888,0.9690992767915845,1.0,1.0,0.009965723999779227,1.0,1.0,1.0,35.387557526427436
latent_gp,0,676,9311,6,0.01635791751027552,0.0001870590343230847,0.4602064859802589,-0.5423163125533689,0.5423163125533689,0.7330703484549639,1.0,1.0,0.027008423582638535,1.0,1.0,1.0,63.82949789719394
latent_gp,0,677,9311,7,0.004026569379823318,0.00011297530836442055,0.07050048313177801,0.37479110260682963,0.37479110260682963,0.9894806048652203,1.0,1.0,0.016186396504179665,1.0,1.0,1.0,96.15544637731045
latent_gp,0,678,9311,8,0.017989545428783223,0.00019546498586602346,0.4759755351177764,-0.8066659837240605,0.8066659837240605,0.5930309007232084,1.0,1.0,0.025004686861161807,1.0,1.0,1.0,57.9374003176632
latent_gp,0,679,9311,9,0.022164827048012606,8.598955491888614e-05,0.31354540574939904,1.0835709361811459,1.0835709361811459,0.5305719921104537,0.8423734385272846,0.8984220907297831,0.022687256322522005,1.0,1.0,1.0,139.526584576411
latent_gp,0,680,9311,10,0.03639485632258147,0.0002152725897815927,0.5289535058427626,-2.863803026062379,2.863803026062379,0.4810979618671926,0.8369493754109139,0.9125575279421433,0.033026656502525245,0.0,1.0,1.0,128.23092204043883
latent_gp,0,701,9779,1,0.002508489607791753,5.676174837319702e-06,0.7241378641438221,2.733416368342288,2.733416368342288,0.9914529914529915,1.0,1.0,0.006426590796023107,0.0,1.0,1.0,13.708456294433091
latent_gp,0,702,9779,2,0.002031640834253654,1.0754324275844542e-05,0.21297061163932676,1.9465578817381581,1.9465578817381581,1.0,1.0,1.0,0.011339245598184665,1.0,1.0,1.0,43.74090489254153
latent_gp,0,703,9779,3,0.0014631355499796967,2.2028150846585978e-05,0.2582565731655582,4.325652498028065,4.325652498028065,0.997370151216305,1.0,1.0,0.011536974977902955,0.0,0.0,0.0,39.76461024848249
latent_gp,0,704,9779,4,0.0030517835414516923,2.728405772542316e-05,0.24629944159411168,2.9993210211964665,2.9993210211964665,0.9848783694937541,1.0,1.0,0.014798830983240493,0.0,1.0,1.0,48.50483949906556
latent_gp,0,705,9779,5,0.0055436644722809516,1.8373860599121926e-05,0.3219167865486135,-0.05014979026986957,0.05014979026986957,1.0,1.0,1.0,0.029723617837335698,1.0,1.0,1.0,94.07000227391312
latent_gp,0,706,9779,6,0.010480403068886953,5.590506981956231e-05,0.9023283246815799,4.798616197467883,4.798616197467883,0.9707429322813939,1.0,1.0,0.031859764229832783,0.0,0.0,0.0,76.32327576858579
latent_gp,0,707,9779,7,0.0044904560778628476,3.4576934340513856e-05,0.2253146458558872,0.2529380986967088,0.2529380986967088,0.9924391847468771,1.0,1.0,0.01912713194195971,1.0,1.0,1.0,116.29141460750618
latent_gp,0,708,9779,8,0.0103358415050028,5.9978313645979625e-05,0.7406785534654502,4.369241969291018,4.369241969291018,0.9169953977646286,1.0,1.0,0.026191375729731573,0.0,0.0,0.0,70.58906331132819
latent_gp,0,709,9779,9,0.00652052581566588,2.7579213053361924e-05,0.25216577093170395,3.3568205579019437,3.3568205579019437,0.9991781722550953,1.0,1.0,0.024776338872314802,0.0,1.0,1.0,140.5507827567872
latent_gp,0,710,9779,10,0.008054597474529166,6.6503861053138e-05,0.3647605380780994,4.767460154093174,4.767460154093174,0.9689349112426036,1.0,1.0,0.036108551315717365,0.0,1.0,1.0,145.89502596883273
cokriging,0,27,422,1,0.0006509215233634738,7.341127331093596e-06,0.21424730389031796,-1.4101812413803543,1.4101812413803543,0.8765614727153189,0.9796186719263642,0.9861932938856016,0.002201156575227229,0.0,1.0,1.0,13.187068789906288
cokriging,0,28,422,2,0.0016311592289412655,1.733915101674743e-05,0.3293017047111351,-1.4959916863283185,1.4959916863283185,0.8943129520052597,0.9996712689020382,0.9996712689020382,0.0040839098349733675,0.0,1.0,1.0,31.496946582717516
cokriging,0,29,422,3,0.0011615481424794502,2.3675256483635426e-05,0.48148798564153833,-1.3758664114917138,1.3758664114917138,0.9423076923076923,0.992603550295858,0.994904667981591,0.0048725897967655295,0.0,1.0,1.0,30.92188628769681
cokriging,0,30,422,4,0.0012182566970555721,3.399055583177344e-05,0.3104716623096252,-1.390770112838559,1.390770112838559,0.9523339907955293,0.992603550295858,0.9953977646285339,0.005377345665092592,0.0,1.0,1.0,44.45955351717116
cokriging,0,31,422,5,0.030774213375744226,3.2455881113115846e-05,5.305881464389786,-1.3851543998295222,1.3851543998295222,0.30834976988823143,1.0,1.0,0.023494147480555994,0.0,1.0,1.0,59.85151637190604
cokriging,0,32,422,8,0.025611764663240843,6.409627154723301e-05,0.75526873588887,-0.08661607570907065,0.08661607570907065,0.37163050624589083,0.6748849441157133,0.814595660749507,0.018063179052052496,1.0,1.0,1.0,48.95868766059561
cokriging,0,33,422,9,0.028435861640687548,4.833781173210065e-05,0.8731870422025214,-1.6070785961904097,1.6070785961904097,0.4156804733727811,0.7015121630506246,0.7662721893491125,0.021315699719333142,0.0,1.0,1.0,101.68134754167765
cokriging,0,34,422,10,0.01378021236486639,7.892935432756866e-05,2.921978659112964,-0.8003045900836361,0.8003045900836361,0.34418145956607493,0.9916173570019724,1.0,0.012744078326402434,1.0,1.0,1.0,117.45318767911391
cokriging,0,108,1190,1,0.0013580495776324812,4.984064420355838e-06,0.5554627006244485,0.42840983595992604,0.42840983595992604,0.8050624589086127,0.9842209072978304,0.9894806048652203,0.003806749694788787,1.0,1.0,1.0,11.561107888737302
cokriging,0,109,1190,2,0.004262881928455894,1.6348174995575536e-05,0.9593139703531917,0.8123868987278665,0.8123868987278665,0.621137409598948,0.9965483234714004,0.9978632478632479,0.005085288026319759,1.0,1.0,1.0,49.62630304628176
cokriging,0,110,1190,3,0.0019028334854252324,1.2911393377023434e-05,0.7549233452020675,0.06247349875044941,0.06247349875044941,0.9018737672583826,0.97534516765286,0.9814266929651545,0.005661312019974282,1.0,1.0,1.0,22.1667301121345
cokriging,0,111,1190,4,0.003236365220548472,2.630712411224488e-05,0.7411280070587869,0.47044409687111227,0.47044409687111227,0.8446745562130178,0.9850427350427351,0.9888231426692965,0.006061869265261557,1.0,1.0,1.0,42.41753428888631
cokriging,0,112,1190,5,0.0247985981288764,3.8937368372242036e-05,4.081090757450678,0.007380402891212782,0.007380402891212782,0.4922748191978961,1.0,1.0,0.027109306794175336,1.0,1.0,1.0,118.00153017581766
cokriging,0,113,1190,6,0.010985065225710107,2.7432100220680422e-05,4.746938311437079,-0.35822776380797583,0.35822776380797583,1.0,1.0,1.0,0.029713872537853066,1.0,1.0,1.0,40.73065489673902
cokriging,0,114,1190,7,0.003172797850507984,5.02013065426069e-05,0.5127469800125576,-0.9064831007731505,0.9064831007731505,0.9089414858645628,0.9909598948060486,0.9947403024326101,0.009154805126991248,1.0,1.0,1.0,135.98686195219437
cokriging,0,115,1190,8,0.006392212347240914,4.290460889127618e-05,1.5854502947259443,0.6728947872298677,0.6728947872298677,0.9983563445101906,1.0,1.0,0.01842145847941958,1.0,1.0,1.0,43.055740122132626
cokriging,0,116,1190,9,0.009453548229957693,7.471089529059748e-05,1.3479740143589842,1.2507744366610674,1.2507744366610674,0.7795857988165681,1.0,1.0,0.023511206334047793,1.0,1.0,1.0,199.46997809321584
cokriging,0,117,1190,10,0.006788913624604016,6.873504890792641e-05,1.235205259664101,1.6470586902014912,1.6470586902014912,0.8875739644970414,0.9967126890203813,0.9991781722550953,0.022023334526231318,1.0,1.0,1.0,146.62413599121842
cokriging,0,146,1826,1,0.0014531542336305365,2.407211180915232e-05,0.277251424531867,0.3687529157421359,0.3687529157421359,0.9640039447731755,0.997698882314267,0.9985207100591716,0.005926832702143939,1.0,1.0,1.0,19.521033291863585
cokriging,0,147,1826,2,0.002336088983459121,6.393339141106798e-05,0.2129938198283229,-0.13361847435948696,0.13361847435948696,0.8892176199868508,0.9983563445101906,0.9998356344510191,0.008754335328156851,1.0,1.0,1.0,60.689377762589324
cokriging,0,148,1826,3,0.0011521919050680796,6.861538652579159e-05,0.16225807292534858,1.8251132718403964,1.8251132718403964,0.9909598948060486,1.0,1.0,0.008132596652551245,0.0,1.0,1.0,44.644614556141654
cokriging,0,149,1826,4,0.00424387988115068,0.00010995635757572234,0.3118438098785447,0.17581774254150198,0.17581774254150198,0.9367192636423406,0.9986850756081526,0.9993425378040762,0.0099317082224403,1.0,1.0,1.0,66.31738418228007
cokriging,0,150,1826,5,0.023647845973029838,0.0001255217800130101,1.291558953447356,-0.2937149383019435,0.2937149383019435,0.7698882314266929,1.0,1.0,0.034947492773933,1.0,1.0,1.0,127.32605677613745
cokriging,0,151,1826,6,0.013814385349557987,0.00014909431173683275,1.05505751227235,2.872940295606696,2.872940295606696,0.9758382642998028,1.0,1.0,0.03419893515249728,0.0,1.0,1.0,77.14535166764928
cokriging,0,152,1826,7,0.0025005485036478617,0.0001735350289389625,0.11244723994185812,3.269181070088272,3.269181070088272,0.9684418145956607,1.0,1.0,0.013614690850257677,0.0,1.0,1.0,144.05076697242663
cokriging,0,153,1826,8,0.005902141990792141,0.00018674802889193998,0.3208364886237352,2.4580722236091064,2.4580722236091064,0.9998356344510191,1.0,1.0,0.02185013394617963,0.0,1.0,1.0,80.23212749746041
cokriging,0,154,1826,9,0.00455850904096456,0.00021793620640541333,0.1500608509599411,2.9842539498748524,2.9842539498748524,1.0,1.0,1.0,0.026994015401231728,1.0,1.0,1.0,229.99889006036906
cokriging,0,163,2209,1,0.0018169827711543556,1.229438426956982e-05,0.6028251416094804,1.5346028564815333,1.5346028564815333,0.7378369493754109,0.9740302432610125,0.9868507560815253,0.004164842301144021,0.0,1.0,1.0,16.32631330472999
cokriging,0,164,2209,2,0.004150508668592476,3.877227111125573e-05,0.7629898400852303,0.7521987237920255,0.7521987237920255,0.604043392504931,0.9105851413543721,0.940499671268902,0.006267294999124174,1.0,1.0,1.0,65.51781296799302
cokriging,0,165,2209,3,0.0024163814527332597,3.0475310549954715e-05,0.8068632172868806,0.6105278523195955,0.6105278523195955,0.86620644312952,0.9927679158448389,0.997534516765286,0.006373770420716547,1.0,1.0,1.0,43.69047120622682
cokriging,0,166,2209,4,0.002351730432485349,5.8176361387740507e-05,0.4348218375007313,1.7208303017141067,1.7208303017141067,0.7629848783694938,0.9917817225509533,0.9958908612754767,0.006834049597348968,0.0,1.0,1.0,55.50722091599401
cokriging,0,167,2209,5,0.05353121280629298,9.107725487819497e-05,7.346801643287406,0.4705671166586393,0.4705671166586393,0.14003944773175542,0.6282051282051282,0.9107495069033531,0.030067471386265993,1.0,1.0,1.0,141.35747205270945
cokriging,0,168,2209,6,0.03947050460023551,5.8643508616135923e-05,11.092348011654144,2.917852369854844,2.917852369854844,0.19723865877712032,0.9998356344510191,1.0,0.03149077232795816,0.0,1.0,1.0,62.53571323903566
cokriging,0,169,2209,7,0.14281483315484675,0.00010394002300667629,1.0365670789618677,0.09577622623432641,0.09577622623432641,0.0381328073635766,0.14497041420118342,0.17389875082182774,0.011705037857629217,1.0,1.0,1.0,148.33653205890673
cokriging,0,170,2209,8,0.01022281016852385,8.690726618133412e-05,1.776716385063325,1.727641579718078,1.727641579718078,0.9041748849441157,1.0,1.0,0.02063822152464967,0.0,1.0,1.0,85.26582625646815
cokriging,0,171,2209,10,0.006843315496247632,0.000137415711711935,0.8885164345705945,1.795465484286913,1.795465484286913,0.90844838921762,0.9963839579224194,0.9996712689020382,0.019795169920885574,1.0,1.0,1.0,166.41323347729832
cokriging,0,227,2802,1,0.007118810445305445,2.6920610703506872e-05,1.0997268968294085,-0.2946261197718505,0.2946261197718505,0.07774490466798159,0.5761012491781723,0.7115384615384616,0.0028705790307085822,1.0,1.0,1.0,12.129657723664023
cokriging,0,228,2802,2,0.007130982534618932,7.061580724361896e-05,0.4487994616454448,-3.8072094437726745,3.8072094437726745,0.37491781722550954,0.8238001314924391,0.8844510190664037,0.004623280382503664,0.0,0.0,0.0,29.75268767458846
cokriging,0,229,2802,3,0.0034760998409549423,8.320354685280734e-05,0.32079861065878806,0.6587670475894044,0.6587670475894044,0.6885272846811308,0.994904667981591,0.9980276134122288,0.005189101457561177,1.0,1.0,1.0,29.522343262537706
cokriging,0,230,2802,4,0.003469226484551631,0.0001332179603937271,0.16444023715786352,-1.3447443754745085,1.3447443754745085,0.752301117685733,0.9743589743589743,0.9881656804733728,0.006552846986567602,0.0,1.0,1.0,42.222108602375855
cokriging,0,231,2802,5,0.011852168572326828,0.00014079226985743836,0.42123336175559983,-6.912617979043647,6.912617979043647,0.8680144641683103,1.0,1.0,0.026423886356321594,0.0,0.0,0.0,56.62428278195695
cokriging,0,232,2802,6,0.007275070760911756,0.0001987820612233955,0.5045700904587921,0.6280197139389054,0.6280197139389054,0.9832347140039448,1.0,1.0,0.030291888961669334,1.0,1.0,1.0,52.90933915658333
cokriging,0,233,2802,7,0.012584650433015633,0.00020833340882336868,0.3785893242692044,-6.122193399210177,6.122193399210177,0.31969099276791585,0.9482248520710059,0.9960552268244576,0.008592562159884782,0.0,0.0,0.0,61.06426510829035
cokriging,0,234,2802,8,0.018078724905837198,0.0002494996811867555,0.5219045595393235,0.032696475749555476,0.032696475749555476,0.5701840894148587,0.9120644312952005,1.0,0.019349230856277974,1.0,1.0,1.0,49.618607770594004
cokriging,0,235,2802,9,0.010611204215009508,0.00024487114665694664,0.21384763869725587,-6.762180646945647,6.762180646945647,0.6987179487179487,1.0,1.0,0.022507192200931152,0.0,0.0,0.0,112.15000300975004
cokriging,0,287,3377,1,0.0009205588403432217,1.3388510639294393e-05,0.07689440513141017,0.06334841991553651,0.06334841991553651,0.970249835634451,0.9993425378040762,1.0,0.0032172519202633178,1.0,1.0,1.0,14.25894071670461
cokriging,0,288,3377,2,0.0019732123621042335,2.877940572131864e-05,0.07308433601893642,0.2688337922276201,0.2688337922276201,0.960552268244576,0.9996712689020382,1.0,0.0058849086677423765,1.0,1.0,1.0,31.149540985374934
cokriging,0,289,3377,3,0.0011097339294408237,3.446222820498169e-05,0.05075333358865923,0.2995641777552589,0.2995641777552589,0.9513477975016437,0.992603550295858,0.9947403024326101,0.006039678522897781,1.0,1.0,1.0,37.27436561727638
cokriging,0,290,3377,4,0.0034737560687072774,4.622396536653925e-05,0.10272029242280378,0.2851373418884197,0.2851373418884197,0.9789612097304405,0.9981919789612097,0.9988494411571335,0.008206234632981795,1.0,1.0,1.0,42.18309138257347
cokriging,0,291,3377,5,0.023460185571768082,4.7160692266003706e-05,0.5718265922401721,0.12788725234991716,0.12788725234991716,0.6196581196581197,0.972550953320184,0.9894806048652203,0.03286826319793637,1.0,1.0,1.0,54.15503193091674
cokriging,0,292,3377,6,0.021578339591062347,6.431580687225945e-05,0.6415349110229469,1.0037657716639448,1.0037657716639448,0.6466140696909928,0.8956278763971072,0.935404339250493,0.03345515764689037,1.0,1.0,1.0,62.951939569088246
cokriging,0,293,3377,7,0.002899774489958156,6.19689065322983e-05,0.061800308155147976,1.2167738539041557,1.2167738539041557,0.8627547666009204,0.9980276134122288,0.9993425378040762,0.010980834894041431,1.0,1.0,1.0,57.67027057254097
cokriging,0,294,3377,8,0.015731731738444898,7.149240632579899e-05,0.3740913764049803,1.0725045503781405,1.0725045503781405,0.5598290598290598,0.9886587771203156,0.9993425378040762,0.021233093186396327,1.0,1.0,1.0,62.30296543441794
cokriging,0,295,3377,9,0.015129389958332625,6.999736312717584e-05,0.24969598078480634,0.9830857725889081,0.9830857725889081,0.6745562130177515,0.997534516765286,1.0,0.024960065657897983,1.0,1.0,1.0,105.20135124729057
cokriging,0,296,3377,10,0.03213235465101774,8.371815292990964e-05,0.6030686430989867,1.2257725764933782,1.2257725764933782,0.3134451019066404,0.6725838264299803,0.7483563445101906,0.021975719140276163,1.0,1.0,1.0,112.95718698168245
cokriging,0,297,3408,1,0.0009703747707023121,1.1945419879201715e-05,0.3958643575145815,3.5239715618035303,3.5239715618035303,0.7935568704799474,0.9615384615384616,0.9769888231426693,0.004022337348655099,0.0,0.0,0.0,13.738471795704635
cokriging,0,298,3408,2,0.0010062770448411907,2.4237789114976296e-05,0.19793245033758866,1.171951042580269,1.171951042580269,0.9447731755424064,0.9978632478632479,1.0,0.005488237257482962,1.0,1.0,1.0,41.366104126404736
cokriging,0,299,3408,3,0.0014472257804688299,4.628356993836442e-05,0.5289495742813778,0.903595371415853,0.903595371415853,0.8494411571334648,0.9442800788954635,0.9515121630506246,0.005976067790423099,1.0,1.0,1.0,31.008950472165782
cokriging,0,300,3408,4,0.0016296480053781491,5.991007333880903e-05,0.32588772137382604,2.9206146038409595,2.9206146038409595,0.8599605522682445,0.957922419460881,0.9666337935568705,0.0069132947942712915,0.0,1.0,1.0,47.72112623684282
cokriging,0,301,3408,5,0.006712748301635703,4.404462186294687e-05,0.93533609986339,-0.7549127708173807,0.7549127708173807,0.997370151216305,1.0,1.0,0.03016953454212371,1.0,1.0,1.0,81.96674098006582
cokriging,0,302,3408,6,0.008413161484638703,0.00011929482181762575,2.1298317722712006,1.5526180184496585,1.5526180184496585,0.9968770545693623,1.0,1.0,0.03123964471674329,0.0,1.0,1.0,58.31216038335349
cokriging,0,303,3408,7,0.0033936025167200542,7.994762591612421e-05,0.4780570438822782,-1.7892731996598814,1.7892731996598814,0.9117357001972387,0.9769888231426693,0.9829059829059829,0.011811094327667526,1.0,1.0,1.0,91.43525985856131
cokriging,0,304,3408,8,0.009227143592782778,0.00013222747446646759,1.5409066690727509,0.6377768114378926,0.6377768114378926,0.9089414858645628,1.0,1.0,0.01931623317680349,1.0,1.0,1.0,56.54788500565638
cokriging,0,305,3408,9,0.019940250140606255,6.952238134192168e-05,2.149814950901686,-0.33675028966534065,0.33675028966534065,0.5262984878369493,0.9391847468770546,0.9871794871794872,0.02580287829187627,1.0,1.0,1.0,136.41104399238387
cokriging,0,306,3408,10,0.12930638851069717,0.0001506999111561868,0.9407479476459786,-1.1826861383587204,1.1826861383587204,0.15877712031558186,0.27416173570019725,0.30309007232084156,0.01905477545583589,1.0,1.0,1.0,124.98241654957164
cokriging,0,375,4082,1,0.0005704779941933206,1.2015580158714563e-05,0.22907731248997504,0.6344707748977911,0.6344707748977911,0.9400065746219592,0.9983563445101906,0.9990138067061144,0.00284229853485955,1.0,1.0,1.0,12.337400890373564
cokriging,0,376,4082,2,0.0016016405464057712,2.7946792594639138e-05,0.33147220260696175,0.7182065273282537,0.7182065273282537,0.8755752794214333,0.9993425378040762,1.0,0.0047587802886971285,1.0,1.0,1.0,36.1607221000846
cokriging,0,377,4082,3,0.001207168957526141,4.2731117720584164e-05,0.6272355927556262,0.06177887542132843,0.06177887542132843,0.930802103879027,0.9868507560815253,0.9924391847468771,0.005517037349386398,1.0,1.0,1.0,27.49447374066051
cokriging,0,378,4082,4,0.002344878164697143,6.167437812653664e-05,0.5915629407950609,0.7207056705818395,0.7207056705818395,0.8354700854700855,0.9827416173570019,0.9870151216305062,0.005931935428165719,1.0,1.0,1.0,44.89707319700526
cokriging,0,379,4082,5,0.005729110813767932,5.56610085267616e-05,0.8588692180068647,0.18167663937471118,0.18167663937471118,0.9944115713346483,1.0,1.0,0.02514156067114303,1.0,1.0,1.0,72.35857523464418
cokriging,0,380,4082,6,0.0159619894776776,0.00010590171650302884,8.855444672424007,1.542765828918395,1.542765828918395,0.7716962524654832,1.0,1.0,0.03078002850818736,0.0,1.0,1.0,58.96923998490879
cokriging,0,381,4082,7,0.004295508708058681,9.155195247923027e-05,0.7156686805425888,-0.46422139293365483,0.46422139293365483,0.9340894148586456,0.9939184746877054,0.9972057856673241,0.008987193212058764,1.0,1.0,1.0,81.06924543432208
cokriging,0,382,4082,8,0.016681195153670638,0.00012560379547204783,0.48686736465142827,-0.600285185095661,0.600285185095661,0.49687705456936226,0.9539776462853385,0.9787968441814595,0.018532074307239046,1.0,1.0,1.0,49.42748441217006
cokriging,0,383,4082,9,0.030963699688865805,9.261319893679457e-05,0.8613529010091588,1.5913784647207485,1.5913784647207485,0.43918474687705455,0.7329059829059829,0.7878040762656148,0.0230750151876767,1.0,1.0,1.0,127.49189113457295
cokriging,0,384,4082,10,0.009593759989476576,0.0001586362199644799,1.2666305233844881,-0.6413642274406147,0.6413642274406147,0.6847468770545694,0.9967126890203813,0.9998356344510191,0.015294614743143283,1.0,1.0,1.0,91.5381936830373
cokriging,0,395,4352,1,0.004772781050725934,1.9290993839425405e-05,0.2905085832313924,-0.9874214424153627,0.9874214424153627,0.45726495726495725,0.7424391847468771,0.7975016436554898,0.004361961075000548,1.0,1.0,1.0,12.963473743326688
cokriging,0,396,4352,2,0.004897589705503672,5.240013995143447e-05,0.14310940485065465,-0.7329557637665873,0.7329557637665873,0.5908941485864563,0.8236357659434582,0.8806706114398422,0.0095658879318951,1.0,1.0,1.0,56.29049854725914
cokriging,0,397,4352,3,0.009838431991899087,5.072900567764852e-05,0.31499646716440277,-3.21125839319161,3.21125839319161,0.5131492439184747,0.7051282051282052,0.7536160420775806,0.008661162140852396,0.0,0.0,1.0,31.048882919495835
cokriging,0,398,4352,4,0.012303510213735313,8.29568570944399e-05,0.2655615333369621,-3.190753654981642,3.190753654981642,0.32988165680473375,0.6630506245890861,0.7306048652202498,0.007999383650472251,0.0,0.0,1.0,44.30191722335267
cokriging,0,399,4352,5,0.025656811388242363,9.932078247216567e-05,0.44088422937546207,-2.524441984433455,2.524441984433455,0.47616699539776464,0.7802432610124918,0.8164036817882971,0.03109131532338075,0.0,1.0,1.0,69.33869639407426
cokriging,0,400,4352,6,0.02809993948144582,9.483351774706071e-05,0.5949744123586008,-5.7260898471172705,5.7260898471172705,0.5570348454963839,0.8282380013149244,0.8793556870479947,0.03198548790731211,0.0,0.0,0.0,54.304041290565095
cokriging,0,401,4352,7,0.013894490990657801,0.00013369906020164188,0.21984379067754917,-3.875570508470999,3.875570508470999,0.3164036817882972,0.7052925706771861,0.7638067061143984,0.01056662000216675,0.0,0.0,0.0,63.61312414087716
cokriging,0,402,4352,8,0.034344452896406724,0.00012963430914370274,0.5775301311298493,-8.38233039342531,8.38233039342531,0.24638395792241946,0.613905325443787,0.6964168310322156,0.02068020981891417,0.0,0.0,0.0,50.04639159850224
cokriging,0,403,4352,9,0.03712591415258774,0.00017832886289554696,0.4781038333890426,-6.49448429432693,6.49448429432693,0.22189349112426035,0.7296186719263642,0.8486193293885601,0.025101395884099733,0.0,0.0,0.0,130.23882657142246
cokriging,0,404,4352,10,0.02070006587410704,0.0001756588232101235,0.2780029197279997,-4.760832423606678,4.760832423606678,0.358974358974359,0.6952662721893491,0.7915844838921762,0.01378048422964686,0.0,0.0,0.0,94.61727338998492
cokriging,0,442,4470,1,0.007678550779130346,2.54262040607297e-05,3.114734639838944,0.51090510930702,0.51090510930702,0.15483234714003946,0.972879684418146,1.0,0.005490323129212747,1.0,1.0,1.0,15.02099692541559
cokriging,0,443,4470,2,0.007599556126989248,7.250966098776544e-05,1.2573804553045707,6.514036564097657,6.514036564097657,0.40220249835634453,0.9998356344510191,1.0,0.007807904659483799,0.0,0.0,0.0,59.195720606722034
cokriging,0,444,4470,3,0.004194270766269742,7.894616918908109e-05,0.9852979776944524,1.239804921766923,1.239804921766923,0.9577580539119,1.0,1.0,0.007388168181272675,0.0,1.0,1.0,29.279389405545196
cokriging,0,445,4470,4,0.007846110251071164,0.00013951053109379047,0.9436517568941042,1.7755730951155422,1.7755730951155422,0.49342537804076264,0.9993425378040762,1.0,0.008424540415835291,0.0,1.0,1.0,59.110871106946675
cokriging,0,446,4470,5,0.025104922383911,0.00015944252347583558,0.9716583970537002,13.91598068944981,13.91598068944981,0.4531558185404339,0.8607823800131492,0.8999013806706114,0.027485271519552934,0.0,0.0,0.0,149.64672472656343
cokriging,0,447,4470,6,0.026372705875112385,0.00019068124327995388,0.8997666247402872,1.8423592505151651,1.8423592505151651,0.6489151873767258,0.9030243261012492,0.9418145956607495,0.030575199138047272,0.0,1.0,1.0,58.65199273657598
cokriging,0,448,4470,7,0.012196383784192362,0.00024255832306969033,0.8845103424053145,11.980438589384805,11.980438589384805,0.5149572649572649,1.0,1.0,0.012154591500236182,0.0,0.0,0.0,143.91128307402508
cokriging,0,449,4470,8,0.00843118013466875,0.00026055527213203657,0.7677074954464052,0.6797098659800919,0.6797098659800919,0.9937541091387245,1.0,1.0,0.020311533391342805,1.0,1.0,1.0,47.939425980027146
cokriging,0,450,4470,9,0.01456599478383771,0.0003062304306527214,0.8405422844538656,5.741702972654245,5.741702972654245,0.9546351084812623,1.0,1.0,0.02538199064308414,0.0,1.0,1.0,241.31684755875173
cokriging,0,451,4470,10,0.0262352352032094,0.0003797841742370977,1.5794176406001919,4.516284096134492,4.516284096134492,0.3908612754766601,0.9202827087442472,0.9792899408284024,0.021695177229592612,0.0,1.0,1.0,169.56660815631162
cokriging,0,506,5873,1,0.016691544715002178,2.1948835611438117e-05,1.439147286516569,1.5012558874380975,1.5012558874380975,0.06936226166995398,0.2930637738330046,0.376232741617357,0.005401664602555625,0.0,1.0,1.0,14.493136737580807
cokriging,0,507,5873,2,0.015547754789441662,5.6254026247785765e-05,0.5793874571549821,5.436776429212706,5.436776429212706,0.1452991452991453,0.5226824457593688,0.806870479947403,0.0069318295290577165,0.0,1.0,1.0,62.11382438437506
cokriging,0,508,5873,3,0.007240874820116316,6.954165275163931e-05,0.3829682116765624,0.7186836386770107,0.7186836386770107,0.2611768573307035,0.9996712689020382,1.0,0.006857008683749724,1.0,1.0,1.0,30.517622274475087
cokriging,0,509,5873,4,0.004037329558406117,0.0001088700272187654,0.11523432376735773,0.938113106041365,0.938113106041365,0.7200854700854701,0.9687705456936226,0.9815910585141354,0.008103420167031748,1.0,1.0,1.0,55.925684181204375
cokriging,0,510,5873,5,0.014674367809859316,0.00011048971157298783,0.32594741404058436,6.992999684227797,6.992999684227797,0.8201840894148587,1.0,1.0,0.028062227955364796,0.0,1.0,1.0,151.69899771621624
cokriging,0,511,5873,6,0.01577184061716063,0.0001692041392727999,0.6559142713556296,0.9981752054052185,0.9981752054052185,0.8660420775805391,1.0,1.0,0.030667455893265545,1.0,1.0,1.0,55.753556886487644
cokriging,0,512,5873,7,0.00762277571272844,0.0001670667698917388,0.14351447072037993,3.120695987064297,3.120695987064297,0.48471400394477315,0.9174884944115713,0.938198553583169,0.012017809176251172,0.0,1.0,1.0,129.8947215976642
cokriging,0,513,5873,8,0.15252124047954796,0.0001893159102024578,0.9489575779764566,0.8270267233668318,0.8270267233668318,0.09270216962524655,0.23602892833662065,0.26364234056541747,0.019803859504424072,1.0,1.0,1.0,52.096386784643755
cokriging,0,514,5873,9,0.1511483087145584,0.00016777969393070726,0.9087415667993282,-1.9392917839104244,1.9392917839104244,0.09220907297830375,0.23915187376725838,0.27613412228796846,0.024463675783076122,1.0,1.0,1.0,236.7236039275376
cokriging,0,515,5873,10,0.07452811424905133,0.0002696494482238695,1.2309600511992997,-0.7035923176257363,0.7035923176257363,0.06081525312294543,0.31870479947403024,0.3994082840236686,0.019407883943524693,1.0,1.0,1.0,150.2519457344048
cokriging,0,525,6148,1,0.0005924835270521332,7.419797991612017e-06,0.1993329851557932,-1.210331171442948,1.210331171442948,0.8706443129520053,0.9646614069690993,0.9756738987508218,0.0026382362319289274,0.0,1.0,1.0,10.48205546341809
cokriging,0,526,6148,2,0.0020731319737191047,2.4094812595022957e-05,0.37607570115584066,-1.3933233313425477,1.3933233313425477,0.8566732412886259,0.9932610124917817,0.997534516765286,0.005417943580500389,1.0,1.0,1.0,38.6221640253934
cokriging,0,527,6148,3,0.0009150782685766679,1.975754148800857e-05,0.3176244297618716,-1.4336944742356683,1.4336944742356683,0.8929980276134122,0.9589086127547666,0.9672912557527942,0.005841256371855097,0.0,1.0,1.0,20.475354699179448
cokriging,0,528,6148,4,0.0012139562808212317,3.953637153057657e-05,0.2443172042361214,-1.2754248009177567,1.2754248009177567,0.9168310322156475,0.9758382642998028,0.9815910585141354,0.005861413268328309,0.0,1.0,1.0,36.668119576077046
cokriging,0,529,6148,5,0.057417636258498266,5.7130361137423145e-05,7.635777247391958,-0.46383903403697013,0.46383903403697013,0.27186061801446415,0.4843852728468113,0.5698553583168968,0.024033457136075458,1.0,1.0,1.0,56.52388543037951
cokriging,0,530,6148,6,0.0372355018470646,4.3008898336845564e-05,9.834391488150272,-2.6904659914865205,2.6904659914865205,0.2851742274819198,1.0,1.0,0.02726901382490107,0.0,0.0,1.0,39.61835781971953
cokriging,0,531,6148,7,0.0028025423729797208,7.463047932500496e-05,0.4095704421790839,0.016641290802792367,0.016641290802792367,0.8016107823800132,0.9547994740302432,0.9715647600262984,0.00895818631149655,1.0,1.0,1.0,105.37493578788738
cokriging,0,532,6148,8,0.004300070477096996,6.616712465436564e-05,0.984737976893894,-2.394824735247598,2.394824735247598,0.9998356344510191,1.0,1.0,0.019122248932712197,0.0,0.0,0.0,40.617402097697735
cokriging,0,533,6148,10,0.002965630380542847,0.00010439119850597976,0.4974697492531365,-1.1860729856221783,1.1860729856221783,0.8987508218277449,0.9967126890203813,0.9986850756081526,0.010236628261584878,1.0,1.0,1.0,82.82307229607733
cokriging,0,580,7862,1,0.006820448576608376,1.806408578786592e-05,0.1617248018599052,-0.8032758135495652,0.8032758135495652,0.33925049309664695,0.9963839579224194,0.9990138067061144,0.005513882979769047,1.0,1.0,1.0,15.427818588801246
cokriging,0,581,7862,2,0.00730302565071076,2.799716661774549e-05,0.1081877134779504,-4.009972247303494,4.009972247303494,0.4810979618671926,0.9258711374095989,0.9970414201183432,0.009148944206871375,0.0,1.0,1.0,39.328714286893984
cokriging,0,582,7862,3,0.010964529277402752,7.000701859931269e-05,0.23615224587824976,-0.032151560967740606,0.032151560967740606,0.28139381985535833,0.9630177514792899,1.0,0.00816423956878707,1.0,1.0,1.0,35.37653960849189
cokriging,0,583,7862,4,0.014159406357426034,7.787396823117234e-05,0.2083250072466509,-1.2608861643411493,1.2608861643411493,0.23274161735700197,0.8568376068376068,0.9732084155161078,0.010087942890186259,1.0,1.0,1.0,53.84361748159393
cokriging,0,584,7862,5,0.03874100258951834,3.9780834937306246e-05,0.42191650553341614,-7.236858482331432,7.236858482331432,0.3690006574621959,0.8616042077580539,0.9572649572649573,0.029876976394365384,0.0,0.0,1.0,80.91678070472562
cokriging,0,585,7862,6,0.014673045623110791,0.00016707106830686383,0.4290502649854656,0.20825790210487494,0.20825790210487494,0.8096646942800789,1.0,1.0,0.031049708791722506,1.0,1.0,1.0,67.84418365052102
cokriging,0,586,7862,7,0.018038570921185902,8.96619591570977e-05,0.19679643812582256,-3.391032549699931,3.391032549699931,0.20611439842209073,0.9317882971729126,0.9909598948060486,0.013275373935272738,0.0,1.0,1.0,81.30788869696825
cokriging,0,587,7862,8,0.03443962518732151,0.0001748314036399752,0.5906520613696866,-1.1228443774685632,1.1228443774685632,0.42044707429322814,0.7790927021696252,0.8446745562130178,0.021507443928494904,0.0,1.0,1.0,54.543307852041345
cokriging,0,588,7862,9,0.04313025045734445,5.28917499903588e-05,0.3759820762530345,-15.17004701943165,15.17004701943165,0.3528928336620644,0.725180802103879,0.8011176857330703,0.026741728748190786,0.0,0.0,0.0,107.12973432436543
cokriging,0,589,7862,10,0.05639337587595255,0.00017833435104688594,0.6285749642866647,-3.922482871314906,3.922482871314906,0.19296515450361604,0.4607166337935569,0.5087113740959894,0.01839079254177489,0.0,1.0,1.0,120.16739366245983
cokriging,0,619,8539,1,0.0016895226953942979,8.078976593044098e-06,0.5587152302139035,1.8016778002804017,1.8016778002804017,0.895956607495069,0.9970414201183432,0.9988494411571335,0.004061553129486462,0.0,1.0,1.0,16.640002253544584
cokriging,0,620,8539,2,0.0021044899539413137,1.914232407311643e-05,0.4157116311636661,1.4028524499785926,1.4028524499785926,0.8160749506903353,0.9957264957264957,0.997534516765286,0.005325681382836568,1.0,1.0,1.0,53.37074818134545
cokriging,0,621,8539,3,0.001939465713919052,2.607260392792451e-05,0.8144495541747199,-0.8141454033367392,0.8141454033367392,0.8900394477317555,0.9927679158448389,0.9953977646285339,0.005704869951298304,1.0,1.0,1.0,37.098077064522826
cokriging,0,622,8539,4,0.002768573603770116,3.7539730281451055e-05,0.675518352395289,1.709445530456707,1.709445530456707,0.8149243918474688,0.9868507560815253,0.9914529914529915,0.006856431159069649,0.0,1.0,1.0,57.04927295032578
cokriging,0,623,8539,5,0.01442590366397675,3.57002565612931e-05,2.3894687646973423,0.304686282262023,0.304686282262023,0.7909270216962525,1.0,1.0,0.026699272691705328,1.0,1.0,1.0,112.04801283687897
cokriging,0,624,8539,8,0.022459693745728156,7.139249072101746e-05,0.8088425764460959,-0.9721869110497688,0.9721869110497688,0.2979947403024326,0.8629191321499013,0.9552925706771861,0.019186121536481474,0.0,1.0,1.0,58.19662962624641
cokriging,0,625,8539,9,0.022387213857730588,5.357648454530373e-05,0.8076319399860624,2.4870682599118137,2.4870682599118137,0.4543063773833005,0.8259368836291914,0.9087771203155819,0.02324928872080748,1.0,1.0,1.0,176.56010113462597
cokriging,0,626,8539,10,0.013378465484287037,8.757188554578231e-05,2.5418115124156517,1.6730804150665342,1.6730804150665342,0.5241617357001972,0.9705785667324129,0.9860289283366206,0.018297610661515102,1.0,1.0,1.0,168.1354753458679
cokriging,0,673,9311,1,0.0011347886935102103,2.0491789496743172e-05,0.055209904415737726,-1.6874136237963553,1.6874136237963553,0.8622616699539777,0.9912886259040106,0.9978632478632479,0.003732809631500427,0.0,1.0,1.0,14.139384431055632
cokriging,0,674,9311,2,0.0015967411089425545,3.89500006293451e-05,0.04307444551434314,-2.3647672247187597,2.3647672247187597,0.8071992110453649,0.9768244575936884,0.98767258382643,0.005528754670814006,0.0,1.0,1.0,38.921132942550315
cokriging,0,675,9311,3,0.0019296489686561349,7.387532217388666e-05,0.07329030904316458,-0.7244924381140888,0.7244924381140888,0.980276134122288,1.0,1.0,0.005980650563579402,1.0,1.0,1.0,35.387557526427436
cokriging,0,676,9311,6,0.017963827033768486,0.0001870590343230847,0.5053864410781301,-0.5423163125533689,0.5423163125533689,0.7463839579224194,0.9958908612754767,1.0,0.030457521733994825,1.0,1.0,1.0,63.82949789719394
cokriging,0,677,9311,7,0.0055359158058570805,0.00011297530836442055,0.0969273597632374,0.37479110260682963,0.37479110260682963,0.8284023668639053,0.9784681130834977,0.9889875082182774,0.009717291082206344,1.0,1.0,1.0,96.15544637731045
cokriging,0,678,9311,8,0.018977595859952966,0.00019546498586602346,0.5021178206224957,-0.8066659837240605,0.8066659837240605,0.455456936226167,0.957922419460881,0.9866863905325444,0.01958079321161671,1.0,1.0,1.0,57.9374003176632
cokriging,0,679,9311,9,0.02214204362540405,8.598955491888614e-05,0.3132231096416656,1.0835709361811459,1.0835709361811459,0.4732084155161078,0.8412228796844181,0.9209401709401709,0.023551641481071833,1.0,1.0,1.0,139.526584576411
cokriging,0,680,9311,10,0.052864715043034825,0.0002152725897815927,0.7683222076643301,-2.863803026062379,2.863803026062379,0.27383300460223536,0.4930966469428008,0.5410913872452334,0.019376845036904,0.0,1.0,1.0,128.23092204043883
cokriging,0,701,9779,1,0.0024650561712974517,5.676174837319702e-06,0.7115997233288409,2.733416368342288,2.733416368342288,0.9155161078238001,0.9960552268244576,0.9983563445101906,0.005397247265475641,0.0,1.0,1.0,13.708456294433091
cokriging,0,702,9779,2,0.0022467038363207037,1.0754324275844542e-05,0.23551499956409264,1.9465578817381581,1.9465578817381581,0.7347140039447732,0.9922748191978962,0.9957264957264957,0.007470719236764194,1.0,1.0,1.0,43.74090489254153
cokriging,0,703,9779,3,0.0007782626102927602,2.2028150846585978e-05,0.13737034464091835,4.325652498028065,4.325652498028065,0.9827416173570019,1.0,1.0,0.006988015533643022,0.0,0.0,0.0,39.76461024848249
cokriging,0,704,9779,4,0.002058519088756733,2.728405772542316e-05,0.16613632493424618,2.9993210211964665,2.9993210211964665,0.9648257725180802,0.9983563445101906,0.9995069033530573,0.008867153691363724,0.0,1.0,1.0,48.50483949906556
cokriging,0,705,9779,5,0.012616541627400602,1.8373860599121926e-05,0.7326339027835345,-0.05014979026986957,0.05014979026986957,0.9686061801446417,1.0,1.0,0.03509603204585144,1.0,1.0,1.0,94.07000227391312
cokriging,0,706,9779,6,0.009692815896952992,5.590506981956231e-05,0.8345196527516224,4.798616197467883,4.798616197467883,0.9694280078895463,1.0,1.0,0.03402427400879328,0.0,0.0,0.0,76.32327576858579
cokriging,0,707,9779,7,0.004708210976900314,3.4576934340513856e-05,0.23624078946118487,0.2529380986967088,0.2529380986967088,0.8678500986193294,0.9853714661406969,0.9919460880999342,0.01259953074795891,1.0,1.0,1.0,116.29141460750618
cokriging,0,708,9779,8,0.008961188199892552,5.9978313645979625e-05,0.6421692815254019,4.369241969291018,4.369241969291018,0.9447731755424064,1.0,1.0,0.020898946350182874,0.0,0.0,0.0,70.58906331132819
cokriging,0,709,9779,9,0.006077729647297577,2.7579213053361924e-05,0.23504168610806384,3.3568205579019437,3.3568205579019437,0.9996712689020382,1.0,1.0,0.025676999869126565,0.0,1.0,1.0,140.5507827567872
cokriging,0,710,9779,10,0.011065057539461175,6.6503861053138e-05,0.5010922463502646,4.767460154093174,4.767460154093174,0.705456936226167,0.9804404996712689,0.9960552268244576,0.022364686180397983,0.0,1.0,1.0,145.89502596883273
fourier_inr_proxy,0,27,422,1,0.019713277236036837,7.341127331093596e-06,6.488518733931717,,,,,,,,,,
fourier_inr_proxy,0,28,422,2,0.033790945791782184,1.733915101674743e-05,6.821784075769162,,,,,,,,,,
fourier_inr_proxy,0,29,422,3,0.03009687119514422,2.3675256483635426e-05,12.475834066532636,,,,,,,,,,
fourier_inr_proxy,0,30,422,4,0.0202810962307173,3.399055583177344e-05,5.168619778927464,,,,,,,,,,
fourier_inr_proxy,0,31,422,5,0.025332307123169927,3.2455881113115846e-05,4.367624841419888,,,,,,,,,,
fourier_inr_proxy,0,32,422,8,0.04756752045107824,6.409627154723301e-05,1.4027249396062436,,,,,,,,,,
fourier_inr_proxy,0,33,422,9,0.039979040168547565,4.833781173210065e-05,1.2276462825701728,,,,,,,,,,
fourier_inr_proxy,0,34,422,10,0.04512750940689874,7.892935432756866e-05,9.56891054611524,,,,,,,,,,
fourier_inr_proxy,0,108,1190,1,0.022787694957518197,4.984064420355838e-06,9.320509936150982,,,,,,,,,,
fourier_inr_proxy,0,109,1190,2,0.02379884766044117,1.6348174995575536e-05,5.355664881677428,,,,,,,,,,
fourier_inr_proxy,0,110,1190,3,0.027604661514744524,1.2911393377023434e-05,10.951774589579843,,,,,,,,,,
fourier_inr_proxy,0,111,1190,4,0.025617313683502937,2.630712411224488e-05,5.866367774535899,,,,,,,,,,
fourier_inr_proxy,0,112,1190,5,0.05840743340746155,3.8937368372242036e-05,9.61207707818149,,,,,,,,,,
fourier_inr_proxy,0,113,1190,6,0.02332558601451056,2.7432100220680422e-05,10.079604955813403,,,,,,,,,,
fourier_inr_proxy,0,114,1190,7,0.019816638152818852,5.02013065426069e-05,3.202511425438803,,,,,,,,,,
fourier_inr_proxy,0,115,1190,8,0.03354700182988594,4.290460889127618e-05,8.320609680828536,,,,,,,,,,
fourier_inr_proxy,0,116,1190,9,0.021692574969798577,7.471089529059748e-05,3.0931272208629195,,,,,,,,,,
fourier_inr_proxy,0,117,1190,10,0.019315542588449162,6.873504890792641e-05,3.5143560689962348,,,,,,,,,,
fourier_inr_proxy,0,146,1826,1,0.031066070810319868,2.407211180915232e-05,5.92718390617779,,,,,,,,,,
fourier_inr_proxy,0,147,1826,2,0.018786318405074897,6.393339141106798e-05,1.7128498725605366,,,,,,,,,,
fourier_inr_proxy,0,148,1826,3,0.028774141249884297,6.861538652579159e-05,4.05213462162984,,,,,,,,,,
fourier_inr_proxy,0,149,1826,4,0.029393157981281743,0.00010995635757572234,2.159833601784124,,,,,,,,,,
fourier_inr_proxy,0,150,1826,5,0.04768335906021432,0.0001255217800130101,2.6042908683904256,,,,,,,,,,
fourier_inr_proxy,0,151,1826,6,0.04411078872014978,0.00014909431173683275,3.3689098598180895,,,,,,,,,,
fourier_inr_proxy,0,152,1826,7,0.0340929175181152,0.0001735350289389625,1.5331254206366516,,,,,,,,,,
fourier_inr_proxy,0,153,1826,8,0.031420707545122536,0.00018674802889193998,1.708008633912488,,,,,,,,,,
fourier_inr_proxy,0,154,1826,9,0.04827051559604402,0.00021793620640541333,1.5890096041324901,,,,,,,,,,
fourier_inr_proxy,0,163,2209,1,0.017148273211219693,1.229438426956982e-05,5.689327599041604,,,,,,,,,,
fourier_inr_proxy,0,164,2209,2,0.019655538449083135,3.877227111125573e-05,3.6132863066976375,,,,,,,,,,
fourier_inr_proxy,0,165,2209,3,0.019160102929405086,3.0475310549954715e-05,6.397823603421827,,,,,,,,,,
fourier_inr_proxy,0,166,2209,4,0.021899953608952822,5.8176361387740507e-05,4.04917925026042,,,,,,,,,,
fourier_inr_proxy,0,167,2209,5,0.036139973131743164,9.107725487819497e-05,4.959970082378563,,,,,,,,,,
fourier_inr_proxy,0,168,2209,6,0.045437596261654244,5.8643508616135923e-05,12.769272540394553,,,,,,,,,,
fourier_inr_proxy,0,169,2209,7,0.13561068017867886,0.00010394002300667629,0.9842784781076128,,,,,,,,,,
fourier_inr_proxy,0,170,2209,8,0.052543547115390526,8.690726618133412e-05,9.132027255744434,,,,,,,,,,
fourier_inr_proxy,0,171,2209,10,0.0498469658540824,0.000137415711711935,6.471986919076979,,,,,,,,,,
fourier_inr_proxy,0,227,2802,1,0.031182110441315386,2.6920610703506872e-05,4.817069623596126,,,,,,,,,,
fourier_inr_proxy,0,228,2802,2,0.03181420176429771,7.061580724361896e-05,2.0022762017968363,,,,,,,,,,
fourier_inr_proxy,0,229,2802,3,0.015016129647885455,8.320354685280734e-05,1.3857926264829432,,,,,,,,,,
fourier_inr_proxy,0,230,2802,4,0.029338645903986733,0.0001332179603937271,1.390642528478702,,,,,,,,,,
fourier_inr_proxy,0,231,2802,5,0.03775304987384314,0.00014079226985743836,1.341766615774999,,,,,,,,,,
fourier_inr_proxy,0,232,2802,6,0.03868801944046453,0.0001987820612233955,2.6832477800257473,,,,,,,,,,
fourier_inr_proxy,0,233,2802,7,0.06720544983420439,0.00020833340882336868,2.021769772260765,,,,,,,,,,
fourier_inr_proxy,0,234,2802,8,0.05658141790460543,0.0002494996811867555,1.6334171875185128,,,,,,,,,,
fourier_inr_proxy,0,235,2802,9,0.06796298125137172,0.00024487114665694664,1.3696582183267965,,,,,,,,,,
fourier_inr_proxy,0,287,3377,1,0.02022340689961866,1.3388510639294393e-05,1.6892639287422855,,,,,,,,,,
fourier_inr_proxy,0,288,3377,2,0.03412824566984758,2.877940572131864e-05,1.2640505513618894,,,,,,,,,,
fourier_inr_proxy,0,289,3377,3,0.032170681168526255,3.446222820498169e-05,1.4713160243224568,,,,,,,,,,
fourier_inr_proxy,0,290,3377,4,0.042751678424464895,4.622396536653925e-05,1.2641834436466184,,,,,,,,,,
fourier_inr_proxy,0,291,3377,5,0.07142706731212815,4.7160692266003706e-05,1.7409877841697488,,,,,,,,,,
fourier_inr_proxy,0,292,3377,6,0.05117395143875183,6.431580687225945e-05,1.5214273667539393,,,,,,,,,,
fourier_inr_proxy,0,293,3377,7,0.07252961098786899,6.19689065322983e-05,1.5457589288220792,,,,,,,,,,
fourier_inr_proxy,0,294,3377,8,0.06681937854026042,7.149240632579899e-05,1.5889257269474877,,,,,,,,,,
fourier_inr_proxy,0,295,3377,9,0.08051091539010578,6.999736312717584e-05,1.328754962201434,,,,,,,,,,
fourier_inr_proxy,0,296,3377,10,0.0940155631012681,8.371815292990964e-05,1.7645092831026965,,,,,,,,,,
fourier_inr_proxy,0,297,3408,1,0.015347542455917107,1.1945419879201715e-05,6.261029467349188,,,,,,,,,,
fourier_inr_proxy,0,298,3408,2,0.05405339475580689,2.4237789114976296e-05,10.632182188723496,,,,,,,,,,
fourier_inr_proxy,0,299,3408,3,0.031182834463704574,4.628356993836442e-05,11.397079320353125,,,,,,,,,,
fourier_inr_proxy,0,300,3408,4,0.021096750733344657,5.991007333880903e-05,4.218807989327698,,,,,,,,,,
fourier_inr_proxy,0,301,3408,5,0.023518873337889806,4.404462186294687e-05,3.2770558752638808,,,,,,,,,,
fourier_inr_proxy,0,302,3408,6,0.020880746535974787,0.00011929482181762575,5.286060119285914,,,,,,,,,,
fourier_inr_proxy,0,303,3408,7,0.05896213842080659,7.994762591612421e-05,8.306000910699385,,,,,,,,,,
fourier_inr_proxy,0,304,3408,8,0.019918676981909234,0.00013222747446646759,3.3263622584715087,,,,,,,,,,
fourier_inr_proxy,0,305,3408,9,0.04567103689376858,6.952238134192168e-05,4.923924085458891,,,,,,,,,,
fourier_inr_proxy,0,306,3408,10,0.13749566973931973,0.0001506999111561868,1.000327753386861,,,,,,,,,,
fourier_inr_proxy,0,375,4082,1,0.024424965792833788,1.2015580158714563e-05,9.807925245905038,,,,,,,,,,
fourier_inr_proxy,0,376,4082,2,0.05191537326535827,2.7946792594639138e-05,10.744297878851999,,,,,,,,,,
fourier_inr_proxy,0,377,4082,3,0.01643276426793693,4.2731117720584164e-05,8.538336387754317,,,,,,,,,,
fourier_inr_proxy,0,378,4082,4,0.036945440118377824,6.167437812653664e-05,9.32054958523536,,,,,,,,,,
fourier_inr_proxy,0,379,4082,5,0.020849371167169044,5.56610085267616e-05,3.1255955229995482,,,,,,,,,,
fourier_inr_proxy,0,380,4082,6,0.025630341700246462,0.00010590171650302884,14.219284706286953,,,,,,,,,,
fourier_inr_proxy,0,381,4082,7,0.045790984532764506,9.155195247923027e-05,7.629171702021837,,,,,,,,,,
fourier_inr_proxy,0,382,4082,8,0.03840153619274039,0.00012560379547204783,1.1208102628432992,,,,,,,,,,
fourier_inr_proxy,0,383,4082,9,0.041741145168987935,9.261319893679457e-05,1.161161516357194,,,,,,,,,,
fourier_inr_proxy,0,384,4082,10,0.023908288473045113,0.0001586362199644799,3.1565275736580793,,,,,,,,,,
fourier_inr_proxy,0,395,4352,1,0.02324697848677671,1.9290993839425405e-05,1.414991953921073,,,,,,,,,,
fourier_inr_proxy,0,396,4352,2,0.05250815281745009,5.240013995143447e-05,1.534307884359562,,,,,,,,,,
fourier_inr_proxy,0,397,4352,3,0.03577968324448139,5.072900567764852e-05,1.1455559003256883,,,,,,,,,,
fourier_inr_proxy,0,398,4352,4,0.047434743593356615,8.29568570944399e-05,1.0238414097494422,,,,,,,,,,
fourier_inr_proxy,0,399,4352,5,0.07827658178440525,9.932078247216567e-05,1.3450974057508176,,,,,,,,,,
fourier_inr_proxy,0,400,4352,6,0.0648147005382481,9.483351774706071e-05,1.372354854728629,,,,,,,,,,
fourier_inr_proxy,0,401,4352,7,0.08612290591692354,0.00013369906020164188,1.362668565093368,,,,,,,,,,
fourier_inr_proxy,0,402,4352,8,0.07726224859332621,0.00012963430914370274,1.299228049900285,,,,,,,,,,
fourier_inr_proxy,0,403,4352,9,0.08204312155225167,0.00017832886289554696,1.0565431670212664,,,,,,,,,,
fourier_inr_proxy,0,404,4352,10,0.10725813353036881,0.0001756588232101235,1.4404820964032068,,,,,,,,,,
fourier_inr_proxy,0,442,4470,1,0.016465051220067056,2.54262040607297e-05,6.678899034079665,,,,,,,,,,
fourier_inr_proxy,0,443,4470,2,0.02586245784967587,7.250966098776544e-05,4.2790589980422835,,,,,,,,,,
fourier_inr_proxy,0,444,4470,3,0.04329625405122436,7.894616918908109e-05,10.170948404543958,,,,,,,,,,
fourier_inr_proxy,0,445,4470,4,0.020459960847628845,0.00013951053109379047,2.460719691928075,,,,,,,,,,
fourier_inr_proxy,0,446,4470,5,0.044602153285905624,0.00015944252347583558,1.7262772656369798,,,,,,,,,,
fourier_inr_proxy,0,447,4470,6,0.03253651448632061,0.00019068124327995388,1.1100593909022012,,,,,,,,,,
fourier_inr_proxy,0,448,4470,7,0.03990187277424123,0.00024255832306969033,2.893777350291419,,,,,,,,,,
fourier_inr_proxy,0,449,4470,8,0.023664863723929553,0.00026055527213203657,2.1548220971905767,,,,,,,,,,
fourier_inr_proxy,0,450,4470,9,0.057316228101551805,0.0003062304306527214,3.3074784125430026,,,,,,,,,,
fourier_inr_proxy,0,451,4470,10,0.04036237526697488,0.0003797841742370977,2.429901886505156,,,,,,,,,,
fourier_inr_proxy,0,506,5873,1,0.02961899491531628,2.1948835611438117e-05,2.553753825037752,,,,,,,,,,
fourier_inr_proxy,0,507,5873,2,0.043309233274289524,5.6254026247785765e-05,1.6139196223471992,,,,,,,,,,
fourier_inr_proxy,0,508,5873,3,0.02483900544865175,6.954165275163931e-05,1.313729312108415,,,,,,,,,,
fourier_inr_proxy,0,509,5873,4,0.04331666425293723,0.0001088700272187654,1.2363534957536395,,,,,,,,,,
fourier_inr_proxy,0,510,5873,5,0.10700619833832047,0.00011048971157298783,2.376824275268306,,,,,,,,,,
fourier_inr_proxy,0,511,5873,6,0.040189021165400435,0.0001692041392727999,1.671368179153286,,,,,,,,,,
fourier_inr_proxy,0,512,5873,7,0.07836089998779708,0.0001670667698917388,1.475305520027696,,,,,,,,,,
fourier_inr_proxy,0,513,5873,8,0.1709350306334434,0.0001893159102024578,1.0635246091051502,,,,,,,,,,
fourier_inr_proxy,0,514,5873,9,0.17745910424741898,0.00016777969393070726,1.0669286729575695,,,,,,,,,,
fourier_inr_proxy,0,515,5873,10,0.12555906709538922,0.0002696494482238695,2.0738240490533277,,,,,,,,,,
fourier_inr_proxy,0,525,6148,1,0.03417906658139353,7.419797991612017e-06,11.499079823207136,,,,,,,,,,
fourier_inr_proxy,0,526,6148,2,0.021694744976709347,2.4094812595022957e-05,3.9355267932491933,,,,,,,,,,
fourier_inr_proxy,0,527,6148,3,0.02132356001434683,1.975754148800857e-05,7.401425454660447,,,,,,,,,,
fourier_inr_proxy,0,528,6148,4,0.020862846736858096,3.953637153057657e-05,4.198794032111005,,,,,,,,,,
fourier_inr_proxy,0,529,6148,5,0.026605861558114677,5.7130361137423145e-05,3.5382235419460275,,,,,,,,,,
fourier_inr_proxy,0,530,6148,6,0.030267824739046014,4.3008898336845564e-05,7.994135252992819,,,,,,,,,,
fourier_inr_proxy,0,531,6148,7,0.031226329893634476,7.463047932500496e-05,4.563492729127904,,,,,,,,,,
fourier_inr_proxy,0,532,6148,8,0.023428574277996963,6.616712465436564e-05,5.365262490208865,,,,,,,,,,
fourier_inr_proxy,0,533,6148,10,0.04198066582641866,0.00010439119850597976,7.042047936643221,,,,,,,,,,
fourier_inr_proxy,0,580,7862,1,0.04657772423916334,1.806408578786592e-05,1.104439559811158,,,,,,,,,,
fourier_inr_proxy,0,581,7862,2,0.06637309560074804,2.799716661774549e-05,0.983257322778194,,,,,,,,,,
fourier_inr_proxy,0,582,7862,3,0.04181633771806352,7.000701859931269e-05,0.9006334715048737,,,,,,,,,,
fourier_inr_proxy,0,583,7862,4,0.07652607502403765,7.787396823117234e-05,1.1259155032004082,,,,,,,,,,
fourier_inr_proxy,0,584,7862,5,0.1091978979722848,3.9780834937306246e-05,1.1892411771637044,,,,,,,,,,
fourier_inr_proxy,0,585,7862,6,0.07095818671146426,0.00016707106830686383,2.0748677264037156,,,,,,,,,,
fourier_inr_proxy,0,586,7862,7,0.103140610369922,8.96619591570977e-05,1.1252390688602012,,,,,,,,,,
fourier_inr_proxy,0,587,7862,8,0.0648514454960551,0.0001748314036399752,1.1122258084025305,,,,,,,,,,
fourier_inr_proxy,0,588,7862,9,0.13301807178841743,5.28917499903588e-05,1.1595668997945268,,,,,,,,,,
fourier_inr_proxy,0,589,7862,10,0.12993619596351577,0.00017833435104688594,1.4483020118705106,,,,,,,,,,
fourier_inr_proxy,0,619,8539,1,0.020701282628609038,8.078976593044098e-06,6.8457925549600835,,,,,,,,,,
fourier_inr_proxy,0,620,8539,2,0.02767285516270867,1.914232407311643e-05,5.466373330554896,,,,,,,,,,
fourier_inr_proxy,0,621,8539,3,0.036772154937226305,2.607260392792451e-05,15.441915255181295,,,,,,,,,,
fourier_inr_proxy,0,622,8539,4,0.021995750098721397,3.7539730281451055e-05,5.366854919859501,,,,,,,,,,
fourier_inr_proxy,0,623,8539,5,0.04175402740275442,3.57002565612931e-05,6.916027349353258,,,,,,,,,,
fourier_inr_proxy,0,624,8539,8,0.04451175497307702,7.139249072101746e-05,1.6030050535042906,,,,,,,,,,
fourier_inr_proxy,0,625,8539,9,0.04861607867209543,5.357648454530373e-05,1.753853703367431,,,,,,,,,,
fourier_inr_proxy,0,626,8539,10,0.04529324896694918,8.757188554578231e-05,8.605389145273493,,,,,,,,,,
fourier_inr_proxy,0,673,9311,1,0.02402170664594808,2.0491789496743172e-05,1.1687075623949652,,,,,,,,,,
fourier_inr_proxy,0,674,9311,2,0.04139810684056989,3.89500006293451e-05,1.11677496590666,,,,,,,,,,
fourier_inr_proxy,0,675,9311,3,0.03914019168937944,7.387532217388666e-05,1.486589940200936,,,,,,,,,,
fourier_inr_proxy,0,676,9311,6,0.04349578663069422,0.0001870590343230847,1.2236914086212285,,,,,,,,,,
fourier_inr_proxy,0,677,9311,7,0.06393370668251941,0.00011297530836442055,1.1194038359574427,,,,,,,,,,
fourier_inr_proxy,0,678,9311,8,0.04085180858186079,0.00019546498586602346,1.0808756412026441,,,,,,,,,,
fourier_inr_proxy,0,679,9311,9,0.08779194372721175,8.598955491888614e-05,1.2419118163137295,,,,,,,,,,
fourier_inr_proxy,0,680,9311,10,0.072468439515653,0.0002152725897815927,1.053237710433691,,,,,,,,,,
fourier_inr_proxy,0,701,9779,1,0.05186227448284011,5.676174837319702e-06,14.971334366700798,,,,,,,,,,
fourier_inr_proxy,0,702,9779,2,0.01941079989322903,1.0754324275844542e-05,2.0347739895611077,,,,,,,,,,
fourier_inr_proxy,0,703,9779,3,0.03445104195652517,2.2028150846585978e-05,6.080918502594324,,,,,,,,,,
fourier_inr_proxy,0,704,9779,4,0.047900470643648656,2.728405772542316e-05,3.8658899005706417,,,,,,,,,,
fourier_inr_proxy,0,705,9779,5,0.03308636462004246,1.8373860599121926e-05,1.9213024580250992,,,,,,,,,,
fourier_inr_proxy,0,706,9779,6,0.04769472750659083,5.590506981956231e-05,4.106359582192781,,,,,,,,,,
fourier_inr_proxy,0,707,9779,7,0.041831433616038666,3.4576934340513856e-05,2.0989481886498216,,,,,,,,,,
fourier_inr_proxy,0,708,9779,8,0.06478651620334702,5.9978313645979625e-05,4.64267791667806,,,,,,,,,,
fourier_inr_proxy,0,709,9779,9,0.044384300018130374,2.7579213053361924e-05,1.7164568545141068,,,,,,,,,,
fourier_inr_proxy,0,710,9779,10,0.03241127344473483,6.6503861053138e-05,1.467777077486913,,,,,,,,,,
