run,pairs,fsdt_field_median,fsdt_frequency_median,latent_gp_field_median,latent_gp_frequency_median,cokriging_field_median,cokriging_frequency_median,fourier_inr_proxy_field_median
422,8,0.004834721728084312,7.42079426061013,0.006616649116374969,1.3879622563340406,0.007705685796903813,1.3879622563340406,0.03194390849346321
1190,10,0.00440524378088767,4.047827785070506,0.003036023731570604,0.57166944205049,0.005327547137848407,0.57166944205049,0.023562216837475863
1826,9,0.013608991895024517,2.2736852108495853,0.004501694973681967,1.8251132718403964,0.0042438798811506775,1.8251132718403964,0.03142070754512251
2209,9,0.005439795460616931,3.0029777499695753,0.009880833674541767,1.5346028564815333,0.006843315496247633,1.5346028564815333,0.0361399731317432
2802,9,0.021097187309582648,4.041748641833927,0.00576997428656394,1.3447443754745085,0.007275070760911754,1.3447443754745085,0.037753049873843196
3377,10,0.03742218529594357,4.776155560339815,0.01100631445082225,0.6413249751720835,0.009301573013519965,0.6413249751720835,0.058996664989506155
3408,10,0.005536033965831067,7.475620752600534,0.006736985798419158,1.1773185904694947,0.005053175409177878,1.1773185904694947,0.027350853900797202
4082,10,0.00541699562892922,5.947997553265014,0.005605571049355169,0.6379175011692029,0.005012309760913313,0.6379175011692029,0.03128789090931214
4352,10,0.05271140385908435,9.890014032358579,0.022336882549735253,3.543414450831304,0.0172972784323824,3.543414450831304,0.07103847456578719
4470,10,0.012385567845227423,2.494450640871441,0.011627647368069144,3.1793216733248286,0.010313781959430566,3.1793216733248286,0.03621919363028096
5873,10,0.04002824247322709,6.458225915622189,0.009215950347824398,1.249715546421658,0.015659797703301136,1.249715546421658,0.06083878212036721
6148,9,0.0049687711703184055,6.730170134443543,0.0029023252101587653,1.2754248009177567,0.0028025423729797208,1.2754248009177567,0.02660586155811468
7862,10,0.06773557405813105,12.118302711089086,0.02986205027183249,2.3259593570205404,0.016355808272148345,2.3259593570205404,0.07374213086775086
8539,8,0.005162868947240539,4.690301559012162,0.008014304003661134,1.5379664325225635,0.008073519544028565,1.5379664325225635,0.03926309116999038
9311,8,0.037432220782650044,10.422361964641464,0.010686703095153462,0.9451184599526032,0.011749871419812794,0.9451184599526032,0.04244694673563203
9779,10,0.013172549708696722,1.5786635607928776,0.00501706027507191,3.178070789549205,0.005392970312098946,3.178070789549205,0.043107866817084436
