run,mode,field_rms,frequency_error_pct,fold,representation_rms,regression_rms,mse_cross_term,physical_metric_oracle_rms
692,1,0.0008445425303534239,0.5496616514416015,0,0.00018787942529450383,0.000816821225847273,1.0756492132129297e-08,0.00010095929922049595
692,2,0.0017470874091473172,2.138040842411719,0,0.0003151788451972951,0.0016973454088936983,7.199527364868774e-08,0.0001984129868107064
692,3,0.0012600677530284629,0.0433794502886804,0,0.0008489883085766248,0.0010688940889556657,-2.7554497928196583e-07,0.000296487520366004
692,4,0.0026689835626932286,0.7494903083724436,0,0.0010583119528030243,0.0023658645450350822,4.0613402302685214e-07,0.000363476296207121
692,5,0.006053949742857576,2.7446628525354906,0,0.0006254862633229176,0.006006041287911077,1.8654247134702457e-07,0.0003743531862313763
692,6,0.006514755380871356,0.05304761263800414,0,0.0005371147778405776,0.006571852203600903,-1.0356959979564388e-06,0.000406508859583914
692,7,0.00555684810972063,1.0770901002930329,0,0.0008674401613326158,0.005332121014085643,1.6945939721593089e-06,0.0004991995566464542
692,8,0.004189961286664273,0.09165122205037149,0,0.0008258072769698736,0.004352959858787034,-2.074441607162377e-06,0.0005051514155649718
692,9,0.011077872139853423,0.5175668469203657,0,0.0008913573910929778,0.011055338800349456,-2.957828422271363e-07,0.000620455720712345
818,1,0.0021520829616662146,2.37058003645034,0,0.00015965640871597878,0.00214999262860448,-1.649739800366118e-08,8.304904086343792e-05
818,4,0.002631319024000186,2.205020484413826,0,0.0007148572381428069,0.002943976056656463,-2.2541760870263962e-06,0.000264911390802666
818,5,0.10146500652420527,1.6732534546690236,0,0.0008754798543046538,0.10156603260200045,-2.1277894528886422e-05,0.0006487715175781075
818,6,0.09786283075145284,3.521541870246629,0,0.0011112380842115824,0.09774964962013405,2.090479174878559e-05,0.0006673503726384675
818,9,0.006141729365405348,0.6587486994984952,0,0.0005155969676940536,0.006044042055053266,9.2455500153452e-07,0.000372485555539276
818,10,0.00424240316241635,2.7813517750893526,0,0.000756238365095267,0.004313235556828841,-1.1779128410543408e-06,0.0005275709034625994
1793,1,0.024430249301823914,4.1322410476930465,0,0.0017347271550220767,0.024461617339713033,-4.542920227649467e-06,0.00078061034669369
1793,2,0.03326675814967408,11.392304594706394,0,0.0010574371602867917,0.033372783699711465,-8.183667426774946e-06,0.0008133723722079637
1793,3,0.021326020960522662,0.5534737812338439,0,0.0018477678231269242,0.021116992287812407,5.457560796941415e-06,0.0010181502094147236
1793,4,0.026479080960148615,6.167341560391751,0,0.004800406157747776,0.023731014947743476,0.00011493675876473638,0.0015375450293117583
1793,5,0.049332066210478434,17.496984357830783,0,0.0029565742343464286,0.04969976375146646,-4.515509155975987e-05,0.0014442370396248576
1793,6,0.02089396199581479,1.3838326169913706,0,0.007628172532438924,0.016448763013681828,0.0001078068270176309,0.005032494080533931
1793,7,0.03938345499791634,11.54250505881865,0,0.004450223983329505,0.037776443024477996,0.00010419238648947784,0.0025665464807920584
1793,8,0.020178652579026138,4.373887965228704,0,0.0025650214430460814,0.019260801497784082,2.962021056471105e-05,0.0015067633543624764
1793,9,0.05739693618007016,16.66750506979314,0,0.002151965604099174,0.057013841158320866,3.919924327159993e-05,0.0013715911555943173
1793,10,0.024511287041345264,8.262930867393647,0,0.006242911965659709,0.02285748270932505,3.936472680515079e-05,0.003141490526796266
3144,1,0.010095940021578874,3.3685718212936213,0,0.000781108976340614,0.010077714122824955,-2.424482549873335e-07,0.00034641336669680975
3144,2,0.023111895651773483,7.829192008589457,0,0.000987314397864258,0.02323323688791949,-6.5983653919487715e-06,0.0005780449681531203
3144,3,0.02232817182907096,4.603046009073187,0,0.005801870346861494,0.021611287790371057,-2.1622022515134354e-06,0.002024155319458568
3144,4,0.024363548357911755,6.555909881114254,0,0.003365264703390632,0.023738172310601203,1.875665741662262e-05,0.0012804397232438764
3144,5,0.03153870278239599,10.462154622661778,0,0.0019033144772266609,0.031777811789761086,-1.8762154948391955e-05,0.0008442531392250269
3144,6,0.03442555067921407,6.121862555114409,0,0.0013902731184385348,0.033983483293424134,2.8308543468843832e-05,0.0007754699768114093
3144,7,0.03301731658508216,9.035539943121856,0,0.0031969547316630037,0.032776717133292145,5.609488887396029e-06,0.0020677019840702232
3144,10,0.04009839281305889,10.4135039088984,0,0.00462700015756368,0.038189470547212064,0.00012803631505589017,0.0022528460070028984
3455,1,0.0022476354618787384,1.0952081120985953,0,0.0001967919853787729,0.0022329509209122727,2.70682687825709e-08,9.111836020581489e-05
3455,2,0.0025636111158106427,2.339253967404632,0,0.00025755909138074686,0.002538843197771816,6.004048468285165e-08,0.00012967476804275196
3455,3,0.0014001921049124895,0.8104547699245666,0,0.0003335237740364923,0.001351393643990199,2.303504179461226e-08,0.00025006740922781876
3455,4,0.002924616211753216,0.8881890854023373,0,0.0010995680708549137,0.0022191795767920316,2.419572049555288e-06,0.0002527570054289939
3455,5,0.006923048791018358,2.7932678963117246,0,0.0003531234439264538,0.006883201983008453,4.2543885727881134e-07,0.0002324096234649215
3455,6,0.007501037227195673,0.2729343471495074,0,0.0005906066143829835,0.007278933779895633,2.9338663387165353e-06,0.0004200347147410089
3455,7,0.004935298007005485,0.8364876181628602,0,0.0011007688197731417,0.004478173764870959,3.0914341549890746e-06,0.0004558967145166829
3455,8,0.006273592253218458,0.18337640252038437,0,0.0006374776138792626,0.006212537243966501,3.559630437746465e-07,0.0004518233472478516
3455,9,0.011379215046653854,0.7467042373721631,0,0.0005027128632567534,0.01140862824418196,-9.229835588367164e-07,0.00030206402542770557
4067,1,0.0059124155152172125,1.8407621648913215,0,0.000857202559073723,0.0058997778205422185,-5.855173344632995e-07,0.0003597713991426697
4067,2,0.01261231735268863,1.861968574158844,0,0.0006557979595795831,0.01264976308377728,-1.3760280345518476e-06,0.00040730815245551875
4067,3,0.007248963577176307,1.310174316602424,0,0.0013722732206439391,0.007038768735564342,1.120073838374322e-06,0.00034636320219092387
4067,4,0.008931104122207,1.83419608326806,0,0.0016620446331270405,0.008280992969309287,8.42738392144676e-06,0.0008654536762715403
4067,5,0.02534446796078005,1.86696346006505,0,0.0014376489105876343,0.02544573430798984,-7.210172647916151e-06,0.0006348087812957912
4067,6,0.019887584955520485,0.02965461344903873,0,0.0012478269172256915,0.01960750254021095,9.504807483315416e-06,0.0007919756796215411
4067,7,0.017799387774812953,0.5493120250880473,0,0.0020864287485985135,0.01743870487947452,8.3565923617754e-06,0.0008871998726392047
4067,8,0.05304804136001213,1.694284870265753,0,0.01078116226884266,0.04691786479814038,0.0004965751950498528,0.0028898857836558607
4067,9,0.03537171629208998,2.177917676305044,0,0.001301397804065712,0.03493782565350864,2.8813015808719114e-05,0.0007085050591877125
4067,10,0.033221203753956374,0.6094576210333518,0,0.002846877659851889,0.03244024408051735,4.317423044817627e-05,0.0020181221974630735
4365,1,0.00343891868807133,0.5935716349023147,0,0.00018202761481485362,0.003438673010454307,-3.1444382215785246e-08,0.00011929270219208063
4365,2,0.00586666134898369,0.21017238411792577,0,0.00022827364686169388,0.005877306323556743,-1.771230951123914e-07,0.00014797718293958035
4365,3,0.004500429900571705,0.708504610559446,0,0.00040118977294139745,0.00440706402328556,6.70702750709114e-07,0.0002624162633271723
4365,4,0.005669768303978133,0.6516623449797216,0,0.0009701680922631135,0.005244634712178399,3.698853229363086e-06,0.0003678316302350435
4365,5,0.00811961524569746,0.14547885819069126,0,0.0006975403846801247,0.008114778911032884,-4.080476250415641e-07,0.0003610572383959228
4365,6,0.00924096312058713,0.21208609054917504,0,0.0007270541512754103,0.009078212073356235,2.4528572083334083e-06,0.0004113736321358062
4365,7,0.007742454223562262,1.7739302341604386,0,0.0008151830115539455,0.007550933544040919,2.264476675108331e-06,0.00046706940606437453
4367,1,0.0004084166985440809,1.223490907923187,0,0.0002234422861973464,0.0003736822896272199,-2.2760709192491792e-08,0.00011486294504711152
4367,2,0.0015071190278555012,0.20179718539016606,0,0.000313143212451154,0.0015093811782479077,-1.0488244862915556e-07,0.0002420561266916177
4367,3,0.0016179678463193658,0.14633318190065142,0,0.0011948374584214469,0.0008433800806297323,4.78893439273295e-07,0.00038401866914346505
4367,4,0.0017232525166884932,1.2379875633204598,0,0.0008732781485143747,0.0015313125822939565,-1.379337130912593e-07,0.0004547280929802013
4367,5,0.039070969002027715,0.24871741612649229,0,0.000767584426764079,0.03906803595991997,-3.600008604002451e-07,0.0005180961580014699
4367,6,0.02419832384133892,1.5728110210185524,0,0.0013779492887000192,0.023995943590584972,7.854823685547276e-06,0.0005094464054529322
4367,7,0.004091739225737384,1.2065155267515837,0,0.001018742373425034,0.003878125340403987,6.646377121427173e-07,0.0006967024253267106
4367,10,0.007252030031387553,2.6728835301555574,0,0.0017281384288854273,0.0069043012349359134,1.936101604018769e-06,0.00091704650474239
6667,1,0.000573148750753326,2.0683386391683367,0,0.0002106697519366257,0.0005287744252551991,4.515353305091803e-09,0.00010078522585229901
6667,2,0.0026252943846046474,2.197648491894299,0,0.0003830428237330733,0.0026196392573387324,-1.1706103756692726e-07,0.00018573180220995584
6667,3,0.0013373998826459385,0.8013828684360921,0,0.0004577969862788654,0.0012878288767319793,-7.944285028938994e-08,0.0002405841211490887
6667,4,0.0018970440724052806,2.2900918831025416,0,0.0006992806156782371,0.0017015526643995131,2.1450136345959763e-07,0.0002732743605531056
6667,5,0.00844424448358739,2.451802079127656,0,0.0006099035744438252,0.008405120883023965,2.872254702313902e-07,0.0003513302213860084
6667,6,0.007910046934686292,2.4011445585480917,0,0.0006016136754604077,0.008036292722602837,-2.375097228920554e-06,0.00033226053520002635
6667,7,0.008215977142327616,3.8642907301007163,0,0.00063903974425,0.008180951141726888,1.65947025196139e-07,0.00041594224379406153
6667,8,0.011818734418308727,2.17842444511243,0,0.0007186941778570263,0.011742128585478994,1.2883782113068007e-06,0.00045597343017803483
6667,9,0.01627646050885531,0.29138884648292057,0,0.0006041903741922616,0.016158745147115173,3.4530759586420267e-06,0.00042971738180533586
6667,10,0.011011809972574048,1.725868012982309,0,0.0013159414147168413,0.011086661799621922,-3.385812794082071e-06,0.0007412548871220256
6999,1,0.007061875735832116,2.1534324060035,0,0.0006679745907801279,0.0070659454265342755,-5.03685916354111e-07,0.00029514735827279066
6999,2,0.015242773102365303,2.2967161316925924,0,0.0006967305098783743,0.015341938485189744,-3.5183780365490514e-06,0.00040336982030475467
6999,3,0.010472400782628821,0.3848062520801489,0,0.0007668274135886153,0.010382292795984079,1.2911501682314601e-06,0.00043208200894524784
6999,4,0.018119584055738002,3.169217584640504,0,0.0022295235747360254,0.01689458393157107,3.7921584761751206e-05,0.0008516532394646312
6999,5,0.02770060326921912,2.2613257222235026,0,0.0014528275691194205,0.027816157304589015,-8.52589366056277e-06,0.000658632398306235
6999,6,0.021924357424066034,0.4788747193840949,0,0.001457943534331553,0.02146184751967291,1.7940950151212613e-05,0.0007994562766530175
6999,7,0.02833156315683258,4.789374854786324,0,0.0031606967876940577,0.027652223706363735,2.8041990819066036e-05,0.0011749953790109377
6999,8,0.022644610913845693,3.0016368931335444,0,0.0020411983103676033,0.02170406184499552,3.7545612325821335e-05,0.001015174661957928
6999,9,0.03520882524032105,4.900842104709082,0,0.0014406924998933719,0.03485284643229116,2.286487549134823e-05,0.0008049918577255462
6999,10,0.0327171677650215,3.577121216547748,0,0.00390675854557913,0.030376684683781543,0.00013240733185322203,0.001563032124313084
7267,1,0.002247453637177958,0.9868532945858672,0,0.0003184565126777253,0.0022793154174817576,-2.456454715724675e-07,0.0001876467440796465
7267,2,0.0047691933398705325,0.39624163470814083,0,0.0005384332292583368,0.004827961916014258,-8.53921491788099e-07,0.00032697170770046747
7267,3,0.004519037515768325,1.274034648462281,0,0.0019794574754002647,0.005337578147971798,-1.1986292313702471e-05,0.0008396409146219661
7267,4,0.00695696073241666,0.8331556700257904,0,0.0021641686590928937,0.007175148504552163,-7.767079414989769e-06,0.001240275181915309
7267,5,0.012745420554981035,0.5296716401577399,0,0.0013063565319378345,0.012857316854464888,-4.571418961311252e-06,0.0005417332012017423
7267,8,0.029006883668607118,1.5661872249847244,0,0.0016085523147739429,0.02883486579406128,7.3623742532140195e-06,0.0008963201344130897
7267,9,0.03082917265839009,2.0326716168165206,0,0.001479398530986803,0.031241056329747406,-2.7754333811109534e-05,0.0008750889330738627
7267,10,0.021584467914474364,1.7384376121822687,0,0.0027349241456753027,0.022084553524774963,-2.931805932027353e-05,0.0018649141683177203
9828,1,0.0010094132921422184,1.3964306119152494,0,0.00022649187775756045,0.0009578318533247761,5.0174764419666234e-08,9.928484884694088e-05
9828,2,0.0021774817294236345,1.7678492403877528,0,0.0003228585748303659,0.0021713254626101524,-7.746524194693367e-08,0.0002121725311794191
9828,3,0.0013145151838041581,1.8800065843273457,0,0.0005520817013636195,0.0010605350596457396,2.984213507333337e-07,0.000224854069319484
9828,4,0.001993462241856762,1.5345758505803784,0,0.0006071302897982162,0.0017771151199246747,4.471463714532182e-07,0.0003944472094722701
9828,5,0.04400424379992581,1.614151503053771,0,0.0005610645036032601,0.04398942344523985,9.893039814924405e-07,0.0004301972306359998
9828,6,0.0320758237550665,1.7606972175140625,0,0.000650579253531344,0.03202249262290477,2.995182416972236e-06,0.0003912737685871862
9828,7,0.002327766204926968,1.1103375864445806,0,0.0009671745516101682,0.0022135191446310443,-4.1659811213038494e-07,0.0006757134446278852
9828,8,0.0065771760612510334,0.4865468816390877,0,0.0008003417812768868,0.006423741478113088,1.3542433962057589e-06,0.0005791734299522741
9828,9,0.0050440636219375974,0.579020180578139,0,0.0011241849971578102,0.004920775101810744,-3.5241688281001975e-08,0.0009019512364082127
9828,10,0.014096334793735954,2.719783285448181,0,0.0013874801512830128,0.01447995201534126,-1.2887456919698014e-05,0.0008610779134711751
871,1,0.02192547944938524,3.454861557843447,1,0.00019540876301037883,0.02192536529176837,-3.317867672471727e-08,8.330402308706756e-05
871,2,0.02970350041249387,8.639612966987773,1,0.00020502061134404325,0.029680377083738132,1.3311194710559424e-06,0.00010722986507396988
871,3,0.023157968736338196,3.0637965676055683,1,0.0003826643000394036,0.023121967223775335,1.5197157293497029e-06,0.00019749367396556532
871,4,0.027227216726529356,6.061171240103678,1,0.001461641170045819,0.02738701682310636,-1.0863754705685842e-05,0.00026558085295285544
871,5,0.037714956650337805,13.32447778833555,1,0.00026214761251989874,0.037709099013219484,3.7308537732668e-07,0.00015991204213909404
871,6,0.01507620792906588,3.87075672553783,1,0.0005681037818528228,0.015025907024438422,1.1914217064064997e-06,0.0003742881421140113
871,7,0.031441449585936615,9.516038388834954,1,0.0006761334275329587,0.03146849406563898,-2.1585231059923012e-06,0.00034246393598705917
871,8,0.021598009856216654,2.8177973197978394,1,0.0007308464712860868,0.021908032500694924,-1.402199486686389e-05,0.0004232308092253355
871,9,0.037994094350145835,3.8274218758878114,1,0.00036651583305191877,0.03797090761104713,1.6270468252271408e-06,0.00023940178687742133
2304,1,0.01850519834947234,4.988872189684246,1,0.0001299637290256103,0.018504152089433002,2.1830833581204053e-08,6.218656634366435e-05
2304,2,0.025700596824944577,12.978155849922645,1,0.00018277035949990783,0.025680977618317904,9.74660721493984e-07,8.804648979766165e-05
2304,3,0.01737824159163258,2.6191083009166953,1,0.00021420422432452587,0.01741390929268919,-1.2868394865759485e-06,0.00015875059170866
2304,4,0.022140907406158577,6.711743258222985,1,0.0009601755042807001,0.0223832657257664,-1.1712740781203064e-05,0.00029931392133598434
2304,5,0.035343397105972285,19.120762257633068,1,0.0002756888618484036,0.03533081617180157,8.131432762658003e-07,0.00017592959548483068
2304,6,0.026244743543061336,2.730020560667242,1,0.00042484548887758943,0.02624300929263093,-8.94667814751296e-08,0.0002697082242273513
2304,7,0.029600117250111427,10.781869342494037,1,0.0010322778325286886,0.029651911108703712,-4.134488701654467e-06,0.000365700667230981
2304,8,0.022942533982320778,4.232059937407624,1,0.000912044804904857,0.023352869350090538,-1.9828467078608633e-05,0.0003403548673312752
2304,9,0.03691270550013295,23.27944463447129,1,0.0005751429569389826,0.036767242201237844,1.0386938834144483e-05,0.0003062317120621843
2304,10,0.022492357207725727,6.9889254060794785,1,0.0011757704609241387,0.022835383936519363,-1.6931062945096114e-05,0.0005663702054848764
2776,1,0.0011198190780203935,2.1629537569149577,1,0.00020731657153732846,0.0010787865109211764,4.7234270518966444e-08,9.203900215745242e-05
2776,2,0.0017491842237542933,1.7840494183960263,1,0.00027432711493039185,0.0016878743450437525,1.3547027798800605e-07,0.00013911205409902926
2776,3,0.0031473827629478614,2.779883012060629,1,0.00047311188732150725,0.0031236387480871614,-7.49356299751448e-08,0.0002897347253760484
2776,4,0.002706992722681564,2.6628275155152745,1,0.0013807172833270361,0.00248864941828661,-7.719465429653236e-07,0.000522960399164153
2776,5,0.004401873031249208,1.1740878867917695,1,0.00048143275658338243,0.004454549521283376,-6.983027534383483e-07,0.00023874855357214483
2776,7,0.005404009688076712,1.5968053218074767,1,0.0012975656123589035,0.0052427953016367665,3.2741615586216404e-08,0.0005304935377748954
2776,8,0.010940611857811162,0.4037303893465549,1,0.0012633255175955177,0.010748871720337151,2.562753199606575e-06,0.0007082784032634772
2776,9,0.018249816761870295,4.810635645309327,1,0.0013122386844775125,0.018623076836309278,-1.5485149374277634e-05,0.0004502530185306627
2776,10,0.018389367540473253,2.73855288850505,1,0.0016426184176073222,0.018209319452612432,3.891328345460653e-06,0.0007765074571385825
3283,1,0.0020971087097649125,1.6615155845394076,1,0.00018885954946835747,0.002091176251981501,-1.0821105704938925e-08,0.00013163150041376107
3283,4,0.004560118920786858,1.1940858072912002,1,0.0006654964756630733,0.0046288840973500766,-1.0747689741021083e-06,0.0004989089903701877
3283,10,0.025908352078216894,3.1794768650913,1,0.0013298487338101507,0.02613350396143663,-1.348581954839457e-05,0.0011097778745378841
3565,1,0.0006685509281444033,1.3514891449780013,1,0.00014643426566052694,0.0006651201304324652,-1.6867438543297307e-08,7.714106998238375e-05
3565,2,0.0011584349608425514,0.8857857999158336,1,0.0002241243773379428,0.0011251792269141641,2.5711529306005175e-08,0.000153314047663228
3565,3,0.000920457586802202,2.025799117969602,1,0.00048312699239117787,0.0006234450552466661,2.2514674141326924e-07,0.00019617234426928137
3565,4,0.002269609198125774,1.9180518680955683,1,0.001623580692697408,0.0015110297497723918,2.319007418201009e-07,0.000335608658587237
3565,5,0.03238231793447716,1.2879247634329014,1,0.00048387261560308255,0.03239346843982343,-9.564154604029137e-07,0.00034873328138176614
3565,6,0.01985275581046501,2.2785526982453614,1,0.00060845520328086,0.0198456260403329,-8.717739718582022e-08,0.0004040420463465622
3565,7,0.007887380145540612,1.956376774097079,1,0.000884614592622374,0.0076190227179358735,3.3787154063645928e-06,0.0005903245601329652
3565,8,0.03751636444226602,1.8686330282218706,1,0.0009552337174777945,0.03721496859744832,2.1611241800847025e-05,0.0005717243929557757
3565,9,0.021242620229619116,0.681588335051636,1,0.0008929532524796209,0.021323040490037547,-4.220507031072147e-06,0.0007427660712003078
3565,10,0.023013240553149336,2.591158476421975,1,0.0014482811258362406,0.022715817433845993,1.1503360849840592e-05,0.0009169800582875677
3964,1,0.0013016788489938701,0.3958348740308104,1,0.00023537150038039083,0.0013058703870166652,-6.632938496036238e-08,0.0001681082676954798
3964,2,0.002058208146922873,0.6075321083867187,1,0.00039924852042694546,0.0020961468689466895,-3.1701030119843656e-07,0.00027198284206978704
3964,3,0.0017653281819474149,0.6114875624585265,1,0.0008262773737824047,0.0018859312801884195,-1.1230875020401245e-06,0.0004946383858307167
3964,4,0.0029922124106704353,0.3609293705076679,1,0.0021988191207737992,0.002912320642081096,-4.363081937601925e-06,0.0006761858731350771
3964,5,0.0962611834579016,0.11639360151590987,1,0.0005846550251568801,0.09629207148299526,-6.28941126894194e-06,0.0004278129408530325
3964,6,0.02111686157076144,1.5086116930719478,1,0.001236698809587016,0.02121451688797753,-5.66330813721545e-06,0.00096523058665082
3964,7,0.011613700188081744,0.7049666992271528,1,0.0014372545317283404,0.011366004064574685,3.6262830737482768e-06,0.0009486661950117542
3964,8,0.01297628389899678,0.6453687868350488,1,0.0015743343077068664,0.012681663315815878,5.080830859230653e-06,0.0011676356701936584
3964,9,0.013128328907256518,3.9784376066316227,1,0.0010256519905624316,0.013098102662922327,-2.592354770894378e-07,0.000707277731111631
3964,10,0.020227662203965588,0.5549969912989037,1,0.0019154553708155546,0.019961057684152985,7.045525090070297e-06,0.001431262030057333
4919,1,0.0011081866880082321,0.8504864342647379,1,0.000253033685769044,0.0010857512821326237,-1.4804157307844592e-08,0.00011334922064029328
4919,2,0.0020467286504622633,0.5075880697427528,1,0.000489514925734405,0.0020066083698575374,-7.70038438760224e-08,0.00017680135699179526
4919,3,0.004058002737753121,0.9421207547725718,1,0.0008437806480794704,0.004142201318880197,-1.402411328594398e-06,0.0002621453360631946
4919,4,0.004475952964506494,0.5550939043778085,1,0.0012280689803140464,0.004705061605087848,-3.611603187607053e-06,0.00046607429300828097
4919,5,0.032807626867468596,0.9316449229699119,1,0.0006694947870061778,0.03286868357808981,-4.458202751367757e-06,0.00029788300086247484
4919,6,0.025546526439667348,1.6568168998933526,1,0.0008778077524198453,0.025745895431411883,-1.0996664882783481e-05,0.0005386695858445996
4919,7,0.007880689490713877,0.13787399152450225,1,0.0021072016782058005,0.007609111015724118,-2.33602513199426e-07,0.0012863372877565172
4919,8,0.014032135496203158,2.720501394142011,1,0.0008686277467357606,0.014263969849407712,-7.31452344340727e-06,0.0006205396860755959
4919,9,0.01621450029724,4.466613456059376,1,0.0020805327825362437,0.01603720341856086,1.3895097416877758e-06,0.0008464315743078783
5674,1,0.0036917955375571666,1.3036409317745075,1,0.00013865425481853868,0.003690834507181846,-1.2130070656525205e-08,6.711728207767745e-05
5674,2,0.002618407151117575,2.3311905649703553,1,0.00026823856157716993,0.002582406352551357,1.1528151340908825e-07,9.6456477614355e-05
5674,3,0.004451244839804335,0.30191665898228115,1,0.00030951266503140626,0.004312605453267595,1.1192167385164728e-06,0.00014504024553457033
5674,4,0.005434158030944955,1.6431425236809687,1,0.0007367614152532907,0.005018792041147101,3.798982569995958e-06,0.0003063550732757738
5674,5,0.028341308346287248,2.8906280782636133,1,0.0004004379389877741,0.028313516623651495,1.414184638562358e-06,0.0002092602045426348
5674,6,0.019807616004181374,0.7322213093732558,1,0.00034935685050611274,0.019821690799231358,-6.798245802272299e-07,0.00025606631522288506
5674,7,0.01200668204745307,1.9088949424921482,1,0.0006575389829536873,0.011730003295606162,6.13507895959688e-06,0.00034988335160128546
5674,8,0.016575951220823767,1.9530041053024179,1,0.0006008653328833204,0.016323957990778647,7.929515242161289e-06,0.00028933364656662637
5674,9,0.02093211055813315,0.4472155687515331,1,0.000477750915559942,0.021049406477985574,-5.152506594871483e-06,0.00020958112229151556
5674,10,0.019534746186225957,1.0407153042981605,1,0.0007739515786723617,0.01929181645396559,8.833125420641534e-06,0.0004167880022446233
6065,1,0.0010808599072201738,0.05351381663184625,1,0.00014102656461516158,0.0010688705768413678,5.885337071650028e-09,6.899742394604849e-05
6065,2,0.00211511710458308,0.5708376445188227,1,0.00023875973817174797,0.002100780955844225,3.433529090292274e-09,0.00012176356744873984
6065,3,0.002916709039380858,0.592003091875253,1,0.0002441778638796619,0.0028959770035814044,6.08859859248364e-08,0.0001016143858913647
6065,4,0.002450266789367755,0.04840001910432353,1,0.0005842698373473633,0.002500371859917486,-5.894233416225624e-07,0.00015634524802475317
6065,5,0.008041602989713728,0.557248243500086,1,0.0002316330596536383,0.008023300070102459,2.403807549421953e-07,0.00013051800738128288
6065,6,0.01013201707898105,0.039626344707900225,1,0.0001661379775949775,0.010124028623451615,1.3421269269667336e-07,0.00015798732702926554
6065,7,0.0032261019576910934,0.4259350873603297,1,0.00046441163184915895,0.0032624112288119696,-4.512713482569246e-07,0.0002529315731427526
6065,8,0.010276163962283666,0.07109377016440108,1,0.0004047791245390987,0.010150868265062932,2.395573105413353e-06,0.00023427087419227067
6065,9,0.010359960250904443,1.9708764600439546,1,0.0006654322140062587,0.01038447417534498,-9.513275295239854e-07,0.0003514511442215021
8110,1,0.00194263598131294,1.512702770263865,1,0.0004280283890864307,0.001983786010641867,-3.4478068199062205e-07,0.0002300673361268571
8110,2,0.003962264603872897,2.840505845962312,1,0.0006328152181500965,0.003964346725635098,-4.169592702719696e-07,0.00034988497103952436
8110,3,0.002733964708110285,0.07149776564679017,1,0.0009547027706293639,0.002697459012769547,-7.131794806265215e-07,0.0006993347778536718
8110,4,0.005744521171585623,0.9199229459292785,1,0.006150306140289765,0.006980871979098865,-5.3559315717058345e-05,0.001208783701775502
8110,5,0.00703798491132071,3.3146995402645705,1,0.001898240145568583,0.007264624855957921,-6.844858336071916e-06,0.0006474454294844603
8110,6,0.0076790922757115024,0.26294257973967733,1,0.0017188778509617038,0.007822608247110006,-5.179282675388412e-06,0.0014080223722432762
8110,7,0.008926521182638557,2.121211790224542,1,0.0022093209948610736,0.009571869725356938,-1.6819008873444015e-05,0.0011882999124960389
8110,8,0.025181265798818048,2.847151170683406,1,0.0023306125076506044,0.026098151237066373,-5.2449105422881876e-05,0.001787677643743101
8110,9,0.014459539086254195,9.875766428795698,1,0.0013771872914393347,0.014874948878633882,-1.408247839076105e-05,0.0007237306131889434
9167,1,0.005545993981361551,3.7648825103187784,1,0.00016573316808205004,0.005546195016704768,-2.969740502470918e-08,9.722110943218666e-05
9167,2,0.007984224845843754,4.202798104670302,1,0.0006018843708449072,0.008002028226280886,-6.468741410748078e-07,0.00023281593752738622
9167,3,0.005298465152525792,4.018446512540373,1,0.0006777091851328976,0.00535919840124102,-1.1065642709477e-06,0.00033018311539432984
9167,4,0.008447133006940291,3.9840564185305953,1,0.0019931003636405667,0.00810352965522043,1.7144141043591693e-06,0.0005669211144532978
9167,5,0.013921781382890245,4.660611245218624,1,0.0007088632974607533,0.013913221248297497,-2.6421580557598785e-07,0.0003410576197280285
9167,6,0.06521264027067539,2.8959883822884036,1,0.0012696721264167765,0.06482949217877151,4.821332760650996e-05,0.0008876766175338478
9167,7,0.00851716991924638,5.087414221043953,1,0.0019919721767406207,0.008069351880925776,3.4597905022059535e-06,0.0006974623470038309
9167,8,0.021906636872961092,1.1056981574025595,1,0.0018762980509281154,0.022445781270970584,-2.7432852156393878e-05,0.0009341636050330046
9167,9,0.025130733053541614,11.991668702329312,1,0.0023482249879623477,0.025048925014238423,-1.409061154664719e-06,0.0007516150644594808
9183,1,0.0012522177832378757,2.0986153231302147,1,0.00032971039722395017,0.0012109694632293354,-7.10661025434008e-09,0.0002842696187865879
9183,2,0.001999410358572785,2.21991488315652,1,0.0010172428448926858,0.0017916173605501712,-2.470339901419818e-07,0.0009639230606583422
9183,3,0.0017998605751148545,2.929341550453928,1,0.001221761413386144,0.0014967191975567345,-4.93371217721407e-07,0.0011412436968199935
9183,4,0.003734389100110493,2.0508360805046384,1,0.002491008230252043,0.003336477539223766,-3.3915424219039765e-06,0.0021236196553665
9183,5,0.01248597422875259,1.8545803598118948,1,0.002550535377314194,0.01224649620398327,-5.823475440347542e-07,0.002472668813938211
9183,6,0.049818322803305747,2.7949910753130696,1,0.0033936398694930023,0.049801344949954605,-9.825463453811835e-06,0.0033423608563522985
9183,7,0.01107383964312217,2.0498492074972536,1,0.004779539127814929,0.009360549351685692,1.2166046001926975e-05,0.003962605785240455
9183,8,0.007525256479211455,2.150821339664045,1,0.0046477638615625575,0.0058277681036104775,1.0648950956076037e-06,0.00459545144813264
9183,9,0.010512538014312671,3.4431946741381303,1,0.005460723998388682,0.00954165371404794,-1.0349206683014518e-05,0.0053162794347005335
970,1,0.00711558450517295,0.7971805618992224,2,0.00018014721410727254,0.007114015832181755,-1.0131429025681982e-08,6.98016979409845e-05
970,2,0.008647360004813797,0.1376653787584662,2,0.00019744912358375715,0.00865066609704887,-9.617502618161252e-08,0.00010810471247330074
970,3,0.005807224871624285,1.9362673103349464,2,0.0003792878601173913,0.005814751833842211,-2.3133746039208885e-07,0.0002737079610442258
970,4,0.01106252764590974,1.1247287098409509,2,0.001876847005137124,0.010779112160879175,2.6677042590125846e-06,0.00031037854129234465
970,5,0.020098089773398064,4.073344628309938,2,0.0003926921038887228,0.02014110163049265,-1.8849694387232656e-06,0.00022499806571781714
970,6,0.0175998598551719,0.5110234505760639,2,0.00036859363261050257,0.01758013937185793,5.579053217429417e-07,0.0002201570819392646
970,7,0.010958932178856082,1.1880636789750634,2,0.0008171506735607621,0.010983460481090805,-1.2059448622170546e-06,0.0004968101821090355
970,8,0.010583409278641641,0.4576646685641599,2,0.0008115092045874748,0.010554527173245407,-4.803908066816101e-08,0.0003777195521748214
970,9,0.019513998122688545,2.3864440825171878,2,0.0008316567184604328,0.0195680083493012,-2.8024809233917114e-06,0.00042941319486598047
970,10,0.008204162824778483,0.4091481664288529,2,0.0011564802119370555,0.00794404451087476,2.862997984115923e-06,0.0008027808846104397
1063,1,0.00612634332398711,4.1609839827496895,2,0.00019362750819363112,0.006122022038053719,1.543707701694277e-08,9.213131003123817e-05
1063,2,0.009678124110083976,9.202127736226096,2,0.0002490157677809674,0.00967331086306484,3.113438409666483e-08,0.0001521293107109949
1063,3,0.006968761723851772,2.720651748424,2,0.00043717327841299335,0.006945793879332407,1.2846687429166346e-07,0.0002797428280269823
1063,4,0.009572524354224817,6.7116123758395325,2,0.0006136305169997958,0.00942760388829312,2.376965026274222e-06,0.0002998166523311927
1063,5,0.008251111219318609,5.0072537253004015,2,0.0004492885289670662,0.008286467606320281,-7.865692192912229e-07,0.00022827572339601736
1063,6,0.007574541633386175,1.6436583404698901,2,0.0005079226625428197,0.007628603035906207,-1.079888754661395e-06,0.00022367297577474408
1063,7,0.009325445927939368,10.106349750368897,2,0.0007318361261432391,0.009288500972536941,1.5210732257322532e-07,0.0004005650751178374
1063,8,0.00954765422606558,4.038671080122561,2,0.0004404507702022612,0.009627260330125006,-1.7204371244624193e-06,0.00045535427631707034
1063,9,0.022681350626008512,2.7122990014112665,2,0.0005883891294902197,0.022677245844066007,-1.6001461997291122e-07,0.00034184238661955654
1063,10,0.017626108068226044,8.638645839556034,2,0.0009149422210355405,0.01758934257883056,4.5759400948961786e-07,0.0005881253325616334
1356,1,0.007034375087737981,1.0612172175389343,2,0.00027452516583207986,0.00702901630489453,-1.406159450593405e-12,0.00011405722183311506
1356,2,0.009363578224606608,1.6949105483846736,2,0.0003303468309409897,0.009348717613582682,1.689471211033094e-07,0.0002016279786171281
1356,3,0.006242403830428503,0.8396814981418159,2,0.0005273533795889887,0.006144011805066666,9.406229343858751e-07,0.0003420016132227835
1356,4,0.010209513835715734,1.820506737461905,2,0.0009917729651115594,0.010248042485404925,-1.7718156353198009e-06,0.00043285005691356097
1356,5,0.016520858533947483,2.9279411227068746,2,0.000582231774802365,0.016471829465053784,1.2786069333021167e-06,0.00033460548219312985
1356,6,0.007774326109995221,3.280167730349235,2,0.001036496599588569,0.00742471728101322,4.239394560618849e-06,0.0007147862025726247
1356,7,0.010198179375460048,1.2808802389581844,2,0.000910432473980216,0.01016167503488088,-8.566423014043844e-08,0.0007089235634218196
1356,8,0.011300662427719486,0.542002592923843,2,0.0009878014149129262,0.011254155224140767,7.320986091267608e-08,0.0007882002658991535
1356,9,0.020342383353337597,4.312640586483911,2,0.0011064922399682917,0.020228908585338694,3.3794928630449678e-06,0.000657849000463616
2612,1,0.005272197102400836,2.1689100708754876,2,0.000373011300852945,0.005260270267514269,-1.3518431294905419e-08,0.00017487811887691884
2612,4,0.014132701705855658,2.4507733657745505,2,0.0025735642518936387,0.013612607613237652,7.806938516094556e-06,0.0009077454404043866
2612,5,0.0490630899503522,2.8819841657493463,2,0.000819775467919365,0.04915106176214153,-9.312108687304086e-06,0.0005401053771220604
2612,6,0.048694505337106904,2.0946948142860324,2,0.0006516033007545223,0.048679144238994713,1.0711793231415217e-06,0.00042631871419944445
2612,7,0.018248691621057463,3.6078945602031327,2,0.002553283296200418,0.017424124136723566,2.2895388357844554e-05,0.0014045329508846926
2612,8,0.03274660215170796,2.4139710730310253,2,0.002873053778921562,0.03175287994713191,5.584012952869324e-05,0.0009196614137740276
2612,9,0.03556211516840848,3.667456247239447,2,0.0031666932581339256,0.03551970130697843,-7.013091876921496e-06,0.0013529648246339285
2612,10,0.030018927606854436,0.31562780422941894,2,0.0023939582965288304,0.029112432606907067,4.787124604834042e-05,0.0010395557112839817
2889,1,0.0048643848772534325,1.6514863787630731,2,0.0001851469563562175,0.004860866986334856,-6.702023612629395e-11,9.161791266377383e-05
2889,2,0.00573200662565901,1.091701133425807,2,0.00017401177814709007,0.005725853900620949,4.0216966408587105e-08,0.00011144825413478596
2889,3,0.0043305792533877355,1.265926868412114,2,0.0006811804943883306,0.004299525258847267,-1.9600764752854743e-07,0.000223604051531039
2889,4,0.007557585723350566,1.1058666288105425,2,0.0005538631637090752,0.007577528733797721,-6.086041498517511e-07,0.00042391269368747034
2889,5,0.008058924198667633,4.97073869677993,2,0.00040491592713767154,0.008091518344944452,-6.90366794751458e-07,0.00026380166650351756
2889,8,0.022049315344448726,1.4101532083506378,2,0.0008044741187530955,0.022021446167928463,5.810372242287088e-07,0.0005108396635004031
2889,9,0.02716886498881404,0.7214211032319519,2,0.0006244123108027986,0.027234590799907456,-3.965601991879003e-06,0.00024695640027812054
2889,10,0.02008552423328045,1.332726654767422,2,0.0008046611152607153,0.02000618699068827,2.533286308899514e-06,0.0007198982319673732
3927,1,0.002856347071834805,1.5520456821720874,2,0.0002865596427768988,0.0028519114070360506,-5.679650767151283e-08,0.00017712311318903234
3927,2,0.003807079138289323,4.504943865212701,2,0.00042367492948089424,0.0038103106251603145,-2.0411594088245215e-07,0.00019707188604955518
3927,3,0.00213410881105589,0.010121871075869565,2,0.0006644053293473627,0.002030903349675652,-1.1582439962580705e-08,0.0004255143703875853
3927,4,0.0014486280263246972,2.971792889612089,2,0.0015989771032219175,0.0016534421523453,-3.19207556912683e-06,0.0008720676207379259
3927,5,0.009292635913418903,0.9893475995950701,2,0.00046968384512079966,0.009310897295123702,-5.603291353468605e-07,0.0002907352027135279
3927,6,0.036434712699386265,0.7473857761751134,2,0.0011438370447729317,0.0365040467607228,-6.365503607207483e-06,0.0009581391822620273
3927,7,0.0046916210138239125,5.515321022247832,2,0.0011992026024305815,0.004967629802147831,-4.10412499550965e-06,0.0006632209220704138
3927,8,0.03526824818479193,1.325258224388814,2,0.0014560780061407992,0.035591468031617376,-2.502342978152496e-05,0.0009661402928642048
3927,9,0.05973899478389567,3.089338833171942,2,0.0012426511243222112,0.0599334058457467,-2.4809820297436194e-05,0.0005092115685209291
3927,10,0.06894333624304158,1.1254641500170448,2,0.0030160759509325432,0.06942511798249273,-7.57601087037483e-05,0.0015369034384430567
4391,1,0.0008480776486461453,0.22173593034091563,2,0.00012789496703344348,0.0008452807439796733,-1.1620960602141092e-08,8.582511949758637e-05
4391,4,0.0016488083393985434,0.31435174813417704,2,0.0013226773890090038,0.0012820087419185987,-6.74452949681196e-07,0.0003155601784202781
4391,5,0.041619484969558404,1.8955755229057545,2,0.0004544125348248456,0.04163798488985886,-1.7467473086135469e-06,0.0004073428137971407
4391,6,0.03021063061265642,0.34780260133931207,2,0.00044891903862111487,0.030204504939314734,1.6855508204835089e-07,0.0004069453325270043
4391,9,0.01233632342648922,0.07339092645864206,2,0.000497150227410626,0.012285793596414404,9.9699304063501e-07,0.0004049022090829817
4391,10,0.0083367681407255,0.053806502115852195,2,0.0007712133777689115,0.008173123878792049,2.1069790200849583e-06,0.0006246883702032933
5683,1,0.00041111438310035257,3.5327935997775723,2,0.00016716168255884664,0.0003777634878833191,-1.633244901692705e-09,9.002882193815788e-05
5683,2,0.0009313871348026032,5.980518428354117,2,0.00024573143891759444,0.0009341616220803929,-6.555988136458043e-08,0.00015876768249387213
5683,3,0.0008967574172306952,2.231982940973611,2,0.0004703213247231965,0.0007178666028429841,6.763925739155868e-08,0.00031793453607677804
5683,4,0.0008768744014596671,3.4135129966797058,2,0.0008749145221225425,0.0008657258352772515,-7.460479269521681e-07,0.00039881200540188637
5683,5,0.006962485900294267,2.6711813489679384,2,0.0003380872033480112,0.0069773813344654375,-3.219433318176289e-07,0.00025209748335313227
5683,6,0.01637988612134714,1.5642513182146944,2,0.0006693577414559567,0.016427733330871257,-2.0177928279657932e-06,0.0004633010795621952
5683,8,0.011965620038450536,1.809993640169748,2,0.0006882939147956481,0.01184714880389231,2.347379609857341e-06,0.0005393805930677298
5683,10,0.014089718528653256,1.383214983085358,2,0.0011527631217420492,0.014024510210798386,5.04418749038445e-07,0.0008101703632334612
6742,1,0.003858353567054068,0.01995372352182083,2,0.0003275519449253952,0.003845656143698171,-9.46920378905158e-09,0.00016115040799802283
6742,2,0.012832693854356784,0.8305813192401049,2,0.0003855302093123447,0.012833501960083047,-1.693745421012822e-07,0.00021351506756093388
6742,3,0.01023419087589657,1.8288328766637993,2,0.0005682540039778108,0.01015044157485369,1.3842861067299487e-06,0.0002510291733324549
6742,4,0.015552726070265033,0.5619268643495099,2,0.0014338297146920757,0.01597672403325152,-1.5424290268709446e-05,0.0006636267595714663
6742,5,0.018502650554124464,0.16610619201594756,2,0.0008024024162864013,0.018465452408940833,7.312952235218194e-07,0.0005143180463555346
6742,6,0.012642949306875522,1.763717629861483,2,0.0007984233057799291,0.012844739657292329,-5.780649462606714e-06,0.0004359178313847619
6742,7,0.0197829666598277,0.1579790462878497,2,0.001149928890571328,0.02014245032454447,-1.567487166625879e-05,0.0007232478044104495
6742,8,0.02313940011395118,1.3842590518884794,2,0.0010617541879687782,0.02352425034933157,-1.90858388201742e-05,0.00045540436757147523
6742,9,0.024339820830969073,1.0833395994816426,2,0.0011619702342940124,0.024697650424658768,-1.8897233240357582e-05,0.0006935651154775785
6742,10,0.02738080550363522,7.278548624856307,2,0.001595728373211881,0.027880216192333492,-3.0144293944429528e-05,0.0008586151669856528
8792,1,0.00893330962132415,3.351892517690258,2,0.00018670503425618853,0.008929617596849829,3.1091594655820985e-08,8.432969913897546e-05
8792,2,0.011859712524869493,7.660414372420292,2,0.00020031138850302017,0.011846787987148468,2.6627090773714744e-07,0.00012457414545973344
8792,3,0.00810085564523358,1.6403948375932087,2,0.000678256238947983,0.008111180917701761,-6.274252204483212e-07,0.0002602512746021281
8792,4,0.011470956221304158,3.7302653496535094,2,0.0013716768469294073,0.011470602187360002,-1.873375281993843e-06,0.0004851921681906461
8792,5,0.004139512326741916,10.496663396880193,2,0.0004202017921027928,0.004150643707482422,-2.688504293015731e-07,0.0002015348285285435
8792,6,0.008802397892492177,1.821600246175725,2,0.0006445844466841377,0.008743736763733103,6.137869553854641e-07,0.00024167314679531286
8792,7,0.00995955552548254,6.024824565316802,2,0.0011240419858846583,0.009803395588151988,1.8227108213407591e-06,0.0005558704356118243
8792,8,0.018402894465251774,1.9349434070174631,2,0.0006921182807286772,0.01864236038397623,-9.350103701370238e-06,0.0003186765982740676
8792,9,0.035811338143001324,3.5329007389988414,2,0.0005958236131657246,0.03578312703017407,1.664753756805683e-06,0.00031926979139280476
8792,10,0.011871791805189656,3.6708884654938494,2,0.0013524451433372417,0.01135688666739086,1.0131458024070916e-05,0.0008338349603787162
9436,1,0.0009283426583397604,0.35399041382650726,2,0.00021667595370060034,0.000903819559198385,-2.0181732082966584e-09,0.0001540720688969539
9436,2,0.0014047611080217303,0.6503411865068516,2,0.00040352589146197093,0.0014016537573097734,-1.5411262985033537e-07,0.0003163534879265468
9436,3,0.0017386013438500983,0.3664224914894972,2,0.0005832811122003623,0.0016899826511821065,-1.7352358430884164e-07,0.00040651234440473486
9436,4,0.001398097609251371,0.6783496042887969,2,0.0007097151460578016,0.0011976131884010356,1.670398741845896e-08,0.000531913544130623
9436,5,0.11507870003355682,1.1097443803006621,2,0.0007196935630840904,0.11505334066655223,5.3180440548955625e-06,0.0005580034381111934
9436,6,0.10431463969218778,1.1418109744081806,2,0.0007683532187793513,0.1043462363868902,-7.1833606666791256e-06,0.000741632369534871
9436,7,0.005458362209406321,0.22774203334043408,2,0.0012235399617784445,0.005465455637030979,-1.574537349347497e-06,0.0007993574086112894
9436,8,0.009423959839565645,0.9762993210466806,2,0.001080047383185127,0.009369352209029298,-1.4024410902176443e-07,0.0009139225319377745
9436,9,0.003121277935613849,0.7746805988941463,2,0.0012675056889137014,0.0030036610190102876,-8.86174237200638e-07,0.000912139281969883
9436,10,0.0075749657612321705,0.238454441108072,2,0.0012720769455310023,0.007684064524913603,-3.2829210945473065e-06,0.0011988245833259494
9627,1,0.00876524325039237,1.0242133706794236,2,0.0002642712019173443,0.008754453386110929,1.1919588079678018e-07,0.00012954291171890668
9627,2,0.00790789058461658,0.4229099841606796,2,0.0003025223121380975,0.007897688698351352,6.972697285955443e-08,0.00015999615093058607
9627,3,0.004392453166180216,0.9501653455929451,2,0.0007637276201021978,0.004269688410098486,4.801258200502646e-07,0.0003790612153604522
9627,4,0.00953741444470053,0.10452443122357043,2,0.004061871479523682,0.007669052455998066,1.5649108800964412e-05,0.0008626826089315941
9627,5,0.020058221884438024,5.004446917369765,2,0.0006694089826089526,0.020092194432869567,-1.812120348884009e-06,0.0003871653478203573
9627,6,0.012857469899479891,0.5935650648675582,2,0.0005430446463533002,0.012850234788155203,-1.0889938261585801e-07,0.0004133202283905774
9627,7,0.009852051573256445,1.033963496975423,2,0.002300508372952448,0.008583716220703736,1.8090397270508067e-05,0.001163274787353137
9627,8,0.016896023635423196,1.2026097857718494,2,0.0017710604624534328,0.016801055404427213,6.34968244808906e-08,0.0007706695134597152
9627,9,0.022382971305608932,0.18218817729412679,2,0.001850656010319094,0.022765015058075266,-2.0673433795211683e-05,0.0008357124493504415
9627,10,0.021477895579564477,3.3271955341182893,2,0.00297207007068388,0.020611205659355706,2.7644999289360052e-05,0.0016513170882232722
1039,1,0.005484630591924063,1.2531458637957937,3,0.00037879386722680446,0.005474498984417562,-3.245119436825754e-08,0.00016326350716176603
1039,2,0.011280848053684827,2.466392561964657,3,0.00035975324648938867,0.011291733851596432,-3.7514296332341805e-07,0.0002591939883490937
1039,3,0.009739379502082982,0.12200707831904874,3,0.0005585654188272768,0.009734755606114535,-2.219489522938009e-07,0.00042207490496746136
1039,4,0.010541306580167168,1.7742544282938373,3,0.0011332035912827612,0.010760858284870101,-5.961076989278516e-06,0.0004773520395011007
1039,5,0.02535860733197162,4.690546349841283,3,0.0012396596505861218,0.025335403802957332,-3.6047609106844054e-07,0.00044304242989839937
1039,6,0.017841508252920888,0.31185397626148864,3,0.000987546761573548,0.017922487517301522,-3.871390675081041e-06,0.00042269456646885933
1039,7,0.017375585758717157,3.1206805889106133,3,0.0025998070939915264,0.0171836901376077,-1.2722321275191565e-07,0.0015736564759922932
1039,8,0.02520640947129032,1.9680452029487476,3,0.0013726815999855837,0.025622082002288712,-2.3012262472592356e-05,0.0005680771224970686
1039,9,0.029412160925452246,4.654557578032283,3,0.0010194168393835707,0.029680166332837526,-1.687627393262004e-05,0.000516888884348754
1062,1,0.0011295673879374924,0.4543569291199559,3,0.0001795377924438885,0.0011050543484345567,2.2543551982185136e-08,0.00010126300087471764
1062,2,0.005662450466672249,4.066225761323246,3,0.00042510313462313916,0.005657685607425515,-1.2677382001929883e-07,0.00022599985442582567
1062,3,0.004817801520449571,1.9608256305656098,3,0.0003838167464392972,0.0048321524521744855,-2.8580112545698845e-07,0.0003101406066490896
1062,4,0.003956494601944597,1.5949219602589484,3,0.0005054997526066119,0.0038662447139686867,4.5047134704056965e-07,0.0003269022557065071
1062,5,0.029430159241030256,1.4763009015232096,3,0.0009212873806120225,0.02935981672422547,3.28666443461254e-06,0.0004224823385632495
1062,6,0.0258771230855607,3.4301919156583964,3,0.0004980210679227876,0.025839894008825495,1.6773518138261039e-06,0.0003751212894411402
1062,7,0.003475390892926529,2.8498905264179997,3,0.0011266310938718052,0.003207472540337277,5.211641399403111e-07,0.000574394673870128
1062,8,0.010028466399853084,2.4245994731751908,3,0.0007885449497308193,0.01001424918805575,-3.3685160523851294e-07,0.0004953919747355153
1062,9,0.009824356438876497,0.883653998120958,3,0.001279571695457437,0.009746536891131348,-1.143056559060643e-07,0.0007445655991414386
1062,10,0.012689237146737017,1.3336753599121758,3,0.000911702546059452,0.01272489539268777,-1.7374249212073373e-06,0.0007483946975828751
2892,1,0.0018665687313302623,0.8757817402424377,3,0.00019655730741237153,0.0018599623479920056,-1.4015882265282805e-08,8.174942415216142e-05
2892,2,0.0022481781663458208,4.493173584489217,3,0.00022070944905981505,0.0022464700205874675,-4.10351466685141e-08,0.0001625424678354149
2892,3,0.002043120912245353,1.4880251529962858,3,0.0003083210511765037,0.0020049471224621905,5.9468227586283115e-08,0.00022328429256216557
2892,4,0.002740594072534483,1.7385542783455301,3,0.0005351199180614888,0.0025255785132765433,8.459557169808458e-07,0.00033013259871983095
2892,5,0.006273676501376341,3.3619640030814115,3,0.0007196264424773816,0.006338146601736608,-1.3309477178962045e-06,0.00023910669966308132
2892,6,0.005560849769874673,0.4533297116516974,3,0.0004985838352371044,0.005495792078633016,4.7073375078990177e-07,0.0003489405633667231
2892,7,0.0028739789352692684,3.7078588502423355,3,0.00047912532862976034,0.002873147734963156,-2.2478406708700952e-07,0.0003217736686950949
2892,8,0.010590285255926129,1.039485867957156,3,0.0006237082022293087,0.010754519600415308,-3.89456195535907e-06,0.0004162796618315457
2892,9,0.007222266307890241,1.5130511238716648,3,0.000555558808218811,0.0072284367244079386,-3.9781244607245215e-07,0.00040002509470343274
2892,10,0.007604284722003184,3.547939325417618,3,0.0007315621173569935,0.00785381821168892,-4.3924975005171235e-06,0.0006284803108293051
3261,1,0.0006662574856477245,1.9172165047008987,3,0.00012705533262331642,0.0006495924334234227,5.7856500726417265e-09,0.00010660491769313842
3261,2,0.0032906496795901724,3.630471460292449,3,0.00030015994806934356,0.003284950451843745,-5.262015170648013e-08,0.00017097091807531445
3261,3,0.002268323090206843,1.1317281924569276,3,0.0004811381755248885,0.0022133084903993004,1.5061223944485712e-08,0.0003970281665003874
3261,4,0.0031745937397770303,2.0499082214378186,3,0.000659141975566943,0.0031164811704420554,-6.887761704267814e-08,0.00038844224899784336
3261,5,0.00744034920886795,2.0417131489020646,3,0.0005503096417374824,0.007440780168886884,-3.0925387358768206e-07,0.00025590484376551264
3261,6,0.010789695415017437,2.145425493916118,3,0.0007104605372187704,0.01076904460345161,-5.954869722713499e-08,0.0005571958647703674
3261,7,0.009920976561472967,1.0555307091014419,3,0.0008708150663415968,0.009711554016914965,3.3531756300708673e-06,0.0005322542917272175
3261,8,0.016218702556347293,2.503574737382484,3,0.0010868418026513471,0.01627303698466017,-2.9466451968399788e-06,0.000643797878898413
3261,9,0.021787216640520687,0.05814311853176651,3,0.0015873518000666974,0.021657936125513977,3.0969259869639578e-06,0.0006276704464892458
3721,1,0.009430981914152025,2.4257058977267576,3,0.00013076116927080472,0.009431646265705104,-2.962989971547815e-08,7.933399131590475e-05
3721,2,0.016280869954485126,4.763836459994386,3,0.00039342129369123575,0.016270389282339145,1.863787616694373e-07,0.00018267553841016726
3721,3,0.014726297335518376,2.423621063113469,3,0.00043277876924649873,0.014707534131418412,3.649755241480313e-07,0.0002762303648640561
3721,4,0.017269129143054,3.818794011585664,3,0.0009590266601166455,0.017249638925610173,-2.469538392623623e-07,0.0005226276199531032
3721,5,0.027215639939467,7.295325409141896,3,0.0007391577075101134,0.027169366490141827,1.9702277224962772e-06,0.00021648847513886635
3721,6,0.020506549903039167,1.1374015967244606,3,0.0012894331341596016,0.020464224512945356,7.146620213174333e-08,0.0004012066892584633
3721,7,0.027823796517912287,4.086283290914775,3,0.0020218155353412468,0.02751740613212209,1.2868274371091071e-05,0.0009916019518689525
3721,8,0.05359590973589471,2.898877076862432,3,0.001273989570882968,0.05345294680676485,1.3680968664636061e-05,0.0007137962238891125
3721,9,0.05882272371005386,8.442025569907596,3,0.0018492069422756895,0.058327099971459975,5.464266727328457e-05,0.0006453234634395694
3721,10,0.02576358434152828,7.593505589281619,3,0.0016860121046123402,0.02614087814628286,-2.2425868952665227e-05,0.0011873204055477937
4387,1,0.0009249726704572676,2.8188828068298752,3,0.0002562541231626538,0.0008378271800622268,8.795388180396499e-08,0.00011976144172979559
4387,2,0.001148633147522868,4.302080751253653,3,0.00031868360839569705,0.0010906625749964205,2.825401283036143e-08,0.00020259187116105913
4387,3,0.0024570536201902375,2.116104447090688,3,0.00043311148419454716,0.002398589892950915,9.629346018247957e-08,0.00042004650990855395
4387,4,0.0017344300115235145,3.7557110106612424,3,0.0010196372795560297,0.0015574809449485382,-4.571596108647499e-07,0.0005858130843364929
4387,5,0.0039306525953148146,3.6121217116313837,3,0.0011678925836159843,0.0035426129357309538,1.535950325781559e-06,0.00036646298390821084
4387,6,0.009691554246528488,3.0434239153202567,3,0.0011208704344917773,0.009832286670229928,-4.003987983094993e-06,0.0007600401730635484
4387,7,0.00828710013279118,2.8960951260231864,3,0.0009248583399379352,0.008161700135025098,1.2073165678861946e-06,0.000609561532693254
4387,8,0.009055995621178944,3.0628313279111534,3,0.0012294627653119158,0.009179707385065093,-3.767549675895177e-06,0.0008186230698327646
4387,9,0.003779971371467339,2.630584841760303,3,0.0009426537293708221,0.0038041710735349696,-1.0721300411043004e-06,0.0004926017060560828
4387,10,0.011043218569959953,3.578699602216556,3,0.0011930588073423016,0.01115181189262464,-3.833621422352954e-06,0.0011583183097063946
4588,1,0.0009535571823401938,1.5119359654787923,3,0.00022832162801277836,0.0009360092794712405,-1.897283708210435e-08,0.000174664082490068
4588,2,0.004133460093415268,2.3576561697553964,3,0.00040800570403217416,0.004151104804566944,-3.1264740916502283e-07,0.0002562991771136961
4588,3,0.003466627955324323,2.4849761056995474,3,0.0006035928263356526,0.0034458589338017447,-2.207587110291189e-07,0.0004348872347837986
4588,4,0.002520449258643491,0.7477373186509622,3,0.0008092965752005364,0.002410929184890459,-1.1487601579135401e-07,0.0005603867038226888
4588,5,0.01403868489537566,0.7653689909220744,3,0.0005167309909954052,0.014019218042838587,2.7918814194168e-07,0.00038216131699612445
4588,6,0.010354792074423315,2.9314038408214445,3,0.0008463099266909108,0.010319672535772898,9.837166938861393e-09,0.0007813512785886428
4588,7,0.01087409673701512,0.23383824680368973,3,0.0016953028630224821,0.010476328473370293,5.618469766641612e-06,0.0010152875886581467
4588,8,0.012999329092199318,1.7260814085016793,3,0.001145327636782707,0.012915912749560039,8.499792974734338e-07,0.000913735330537916
4723,1,0.0005234557963123457,1.6027027621928667,3,0.00012001468754976588,0.0005069491606253272,2.604994006600724e-09,8.701536897045105e-05
4723,2,0.0010926231330404752,0.3363630249330724,3,0.00018850345495765677,0.0010893216494801987,-2.8329897702049653e-08,0.00013288279731400683
4723,3,0.0005201382164577404,0.8200495395819027,3,0.000371729414478008,0.00045206906242413,-7.200543056935346e-08,0.00031837143667953473
4723,4,0.0011084939071090596,1.3460666139706379,3,0.0009945552688825608,0.001202683764612013,-1.2068296784254806e-06,0.000403337062638488
4723,5,0.004121295612108899,0.6438199512824471,3,0.0004165234862234156,0.004103738133856255,-2.9080963453617204e-08,0.00022584421545537959
4723,6,0.010449692343246398,0.5311401350205086,3,0.00047330301535171513,0.010465788045548263,-5.606650901797212e-07,0.00037140722321620895
4723,7,0.008316889579112563,1.6465561262459998,3,0.0008157404630765469,0.008179355265268357,1.6033672125776945e-06,0.000584871312181985
4723,8,0.05173800405765584,1.2629601114894984,3,0.00149779608338329,0.05166816265419021,4.978638702756386e-06,0.0006153075365231535
4723,9,0.06231572789605696,1.069991764534128,3,0.003634801718520853,0.06175485050202277,5.637659915529457e-05,0.0012381628186694308
7846,1,0.003796503500441592,3.75961351604805,3,0.00021848768026391414,0.003787022887209053,2.4159614193031535e-08,0.00011146760958053816
7846,2,0.005754163588286743,6.414897400460889,3,0.00037029910536083723,0.005718605573697545,2.708274658091384e-07,0.00021714451288041555
7846,3,0.0058343804951566484,3.824448206192697,3,0.0005149586421857152,0.005788523815107032,2.6780540104141224e-07,0.0003782421742771652
7846,4,0.005474374017042359,3.901409827248762,3,0.0007348677047629048,0.005377383443338163,5.124876382777382e-07,0.0005457615947610108
7846,5,0.00575515298469161,4.397870051809421,3,0.0007927076338181864,0.005684390192285473,1.8110862633992886e-07,0.00032254494414354917
7846,7,0.0028531749444486356,4.351887087515448,3,0.0008359394143341143,0.0025942291138344293,7.117878641260473e-07,0.0006668978683423177
7846,8,0.020907562333800242,4.637470988980777,3,0.001005517044303157,0.020785014087650648,4.098287591523224e-06,0.0007443440060950466
7846,10,0.020227774686367873,1.450957903632155,3,0.001074987076078035,0.02035422343177421,-6.287139961856682e-06,0.0009409080821530686
7876,1,0.008965299501736296,1.8600545007694442,3,0.00024007643204211498,0.008979676689905701,-3.1563499262495963e-07,0.00011102373670452575
7876,2,0.008091592302334707,4.359383336670165,3,0.0002585917891857402,0.008106212121332619,-3.036786822720044e-07,0.00019549036912803406
7876,3,0.00439894740247001,1.816221524763512,3,0.000445492022462735,0.0044470418386667624,-6.239060072329268e-07,0.0005047495719068551
7876,4,0.006618662350559326,3.284726238898181,3,0.002186443549845958,0.006470578919441325,-2.8422356386700865e-06,0.001044327053504419
7876,5,0.005694606694302425,10.287106904993724,3,0.0009466365464683708,0.006091288981019709,-5.571376798607663e-06,0.00026559484727590543
7876,6,0.012728345981950825,3.566402495116742,3,0.0016062868479725923,0.012613050164998614,3.415995335024825e-07,0.0006385976302953995
7876,7,0.010331587611136589,7.577318923587563,3,0.0022222240658168945,0.01077558556080289,-1.4309821410288184e-05,0.0010972602125011459
7876,8,0.0377870046643957,3.1116322590381733,3,0.0022505587512092213,0.03730055455556488,3.146133666175618e-05,0.0007979126167712474
7876,9,0.018138264404240708,15.919733630077351,3,0.0008383923877075839,0.01796075593456239,5.704980061462391e-06,0.00044550338207479165
7876,10,0.020323546887302715,1.3189394445274687,3,0.002277550508775158,0.02125087559141064,-4.374039164124236e-05,0.0013625294331327212
8705,1,0.0010113212376462112,3.188649162318928,3,0.0003616364471187744,0.0010454668757409495,-2.010112624419688e-07,0.00026996126343860794
8705,2,0.002139390422289219,1.2203506171655778,3,0.0007846313334989139,0.0020815472447745084,-3.714938827538002e-07,0.0006813707620595558
8705,3,0.0018414813918336856,6.075341932264521,3,0.0007877310024829316,0.001750765552798178,-2.946464366677429e-07,0.0006037939365741772
8705,4,0.002713314222641369,2.684943728013556,3,0.0014653311167203216,0.0025036526370240198,-1.053397737718233e-06,0.001163570313537137
8705,5,0.18948907601187362,0.796696225888965,3,0.001572891730642744,0.18944724071522193,1.3378924826009722e-05,0.0013633029037718133
8705,6,0.17310782499934946,6.134346822021127,3,0.0012858155451752925,0.1730772657701383,8.925827921966998e-06,0.0011877095639590929
8705,9,0.008944819163871133,1.0338980321217432,3,0.003689360837842058,0.008288167174299123,-2.2953086265757906e-06,0.0035626899945064927
8705,10,0.010438827367398415,2.0814773248986413,3,0.0033592963649093518,0.010222008648537584,-6.8052160717244495e-06,0.0031844264645496142
9064,1,0.0007203661148890931,2.3799272533491584,3,0.00015606712275372162,0.0006911939682181126,1.6821290974680116e-08,8.947737943858663e-05
9064,2,0.001559891476278562,3.041183831863505,3,0.00034311536066589625,0.0015163580547028202,1.6191516979501116e-08,0.0001848809459448092
9064,3,0.0008114513021212867,1.7208319123191482,3,0.00040944167958682385,0.0007195655658748735,-2.6963876861375888e-08,0.00035937488313902207
9064,4,0.0009145528108791017,2.9632023073295763,3,0.000694709431482484,0.0006477275186981731,-6.5765288782745e-08,0.0003193648904358069
9064,5,0.036160112775878696,2.569380103331844,3,0.0007604193974738521,0.036094496347526484,4.162851722610709e-06,0.0003403187191429882
9064,6,0.027481626917599977,2.238726743028819,3,0.00041783589295186233,0.02750021237838915,-1.1964496517901476e-06,0.00034312988506825237
9064,7,0.006348025395127614,2.1958598716146773,3,0.0010969507161709415,0.0061070130088289225,1.798517653471632e-06,0.0006030066614647992
9064,8,0.009084102474603626,0.9999184118348049,3,0.000622769920794931,0.009020468791259704,7.642181807628026e-07,0.00040897772236466953
9064,9,0.005830594678432094,0.7369742693229078,3,0.0010698640099058084,0.0056099065107662075,1.3801742449318537e-06,0.0006224068980501135
9064,10,0.009540977501161485,1.0861869585946602,3,0.0011744174332401617,0.009399095124427208,1.3080062121397044e-06,0.0007936827690219265
