mode,coarse_mesh,fine_mesh,flags,frequency_change_pct,field_rms
1,3,2,,0.0419451950465318,2.1105701829039023e-05
1,4,2,,0.09844627261784888,0.00016856533077672873
1,3_compressed,2,,0.042065223924773194,2.112672670371285e-05
2,3,2,,0.03330039785728832,3.120790274538035e-05
2,4,2,,0.029900761333521583,0.00031520624277601067
2,3_compressed,2,,0.03331935247073399,3.108046543149435e-05
3,3,2,,0.05003810767618418,5.162895702806756e-05
3,4,2,,0.12992051053621073,0.00018449484127018256
3,3_compressed,2,,0.0500426681781466,5.150728838419071e-05
4,3,2,,0.05191160981355277,0.00015606085253871076
4,4,2,,0.08517351981107127,0.0003365476037658152
4,3_compressed,2,,0.05191903237871174,0.0001525485641432905
5,3,2,,0.02935376804365438,0.00013062907661357353
5,4,2,,0.018638655248215816,0.000433356608606359
5,3_compressed,2,,0.02936891546189958,0.00012789084122401083
6,3,2,,0.05160712519291183,7.552763335439212e-05
6,4,2,,0.139856537945757,0.0002735512975893188
6,3_compressed,2,,0.05160941024179387,7.552017358918909e-05
7,3,2,,0.04932417199092754,0.00012756379290722946
7,4,2,,0.034195236196163874,0.0004639829341104576
7,3_compressed,2,,0.049330958461242115,0.00012724825331694966
8,3,2,,0.054861052356782986,9.163491226048804e-05
8,4,2,,0.11334461441054354,0.00036326079880587677
8,3_compressed,2,,0.05486200515138508,9.157304963414784e-05
9,3,2,,0.029347940193404448,0.00010183841319758079
9,4,2,,0.05327478335533273,0.0005261210634575109
9,3_compressed,2,,0.029350981155318038,0.00010168096218069119
10,3,2,,0.0535310406666384,0.004796997014674971
10,4,2,,0.06032906084569646,0.02733447994274738
10,3_compressed,2,,0.05353233978542396,0.0047969925671496215
