run,f1_fsdt,f1_comsol,f1_abs_err,f1_rel_err_pct,f2_fsdt,f2_comsol,f2_abs_err,f2_rel_err_pct,f3_fsdt,f3_comsol,f3_abs_err,f3_rel_err_pct,f4_fsdt,f4_comsol,f4_abs_err,f4_rel_err_pct,f5_fsdt,f5_comsol,f5_abs_err,f5_rel_err_pct,f6_fsdt,f6_comsol,f6_abs_err,f6_rel_err_pct,f7_fsdt,f7_comsol,f7_abs_err,f7_rel_err_pct,f8_fsdt,f8_comsol,f8_abs_err,f8_rel_err_pct,f9_fsdt,f9_comsol,f9_abs_err,f9_rel_err_pct,f10_fsdt,f10_comsol,f10_abs_err,f10_rel_err_pct
1,862.380446,1200.2217803445976,337.8413343445976,28.148242256326945,1622.919619,2211.7322009708046,588.8125819708046,26.622236711675797,1658.549776,2221.243093554135,562.6933175541351,25.332360928302933,2294.099311,3053.981088642328,759.881777642328,24.881679211056923,2636.324059,3548.7498074394575,912.4257484394575,25.71118838884287,2804.133683,3585.1736706676884,781.0399876676884,21.78527623522993,3207.850704,4251.312406958543,1043.461702958543,24.544460699961878,3327.455422,4257.2829135685415,929.8274915685415,21.84086682623451,3793.129871,5093.063491031928,1299.9336200319276,25.52360916609234,4120.427016,5105.056976889191,984.6299608891914,19.287345182368245
2,1033.911169,1207.4984723752505,173.58730337525049,14.37577830088594,1743.205476,2251.6018556108256,508.39637961082553,22.57931962278052,2095.14153,2262.116179641929,166.97464964192932,7.381347215701352,2642.660142,3129.2541531409797,486.59401114097955,15.549839908419145,2651.038148,3652.6128781862103,1001.5747301862102,27.42077421255672,3427.164749,3690.397539435606,263.23279043560615,7.132911498631225,3621.088061,4390.266275828183,769.1782148281832,17.520081163712213,3626.43166,4397.731406850601,771.299746850601,17.538582407490885,4047.126753,5286.30620331755,1239.1794503175502,23.441310485190453,4323.517845,5302.279799804206,978.7619548042057,18.459266424234116
3,893.059432,1175.350241580459,282.2908095804589,24.01759063756781,1531.263809,2243.3896609563044,712.1258519563044,31.743297401698012,1824.571805,2257.0266854522997,432.4548804522997,19.160379593191976,2328.333197,3163.6279013043277,835.2947043043278,26.403064151758976,2340.306609,3728.9200782037587,1388.6134692037585,37.239024706387944,3033.363814,3768.3388994760917,734.9750854760919,19.503953998889926,3223.075896,4516.965064403811,1293.8891684038113,28.645100193498845,3225.905624,4528.436898982216,1302.531274982216,28.763374736986293,3612.207889,5504.12775203459,1891.9198630345904,34.37274620552268,3848.694309,5530.51941437885,1681.8251053788504,30.409894249828636
4,1008.103192,1125.2037713362215,117.10057933622147,10.4070553547079,1810.226479,2168.360618689321,358.1341396893213,16.516355102676492,2034.036523,2183.7350822489525,149.6985592489525,6.855161162442067,2693.284612,3079.3630624563834,386.0784504563835,12.537607376130952,2864.091532,3645.124145150855,781.032613150855,21.42677675847805,3547.720933,3684.335075474,136.6141424739999,3.7079728003953085,3632.210744,4433.539395948816,801.3286519488156,18.074242278777007,4044.199035,4446.615567424432,402.4165324244318,9.049951054291826,4087.254368,5434.308022560549,1347.0536545605491,24.787951823272643,4735.368706,5464.527252852945,729.1585468529447,13.34348815759428
5,1008.766805,1013.0106445752782,4.24383957527823,0.4189333644225951,1810.448063,1868.085701158857,57.637638158857044,3.085385114992414,1890.148932,1875.3558933898405,-14.793038610159556,-0.7888123348907431,2540.567684,2583.651472683659,43.083788683658895,1.667554201453783,2853.866701,3010.3826444769315,156.51594347693162,5.199204286009529,3064.835566,3035.996171533401,-28.83939446659906,-0.9499153766071137,3459.345286,3612.282491748004,152.93720574800363,4.233810785767102,3587.949076,3613.341511996885,25.39243599688507,0.7027411030088916,4022.619952,4347.084545925059,324.4645939250586,7.46395867154713,4370.095783,4349.163086167189,-20.932696832810507,-0.48130402144238693
6,791.306783,1132.70346024028,341.39667724028004,30.139987139075185,1531.813658,2149.5314286774674,617.7177706774673,28.73732211757089,1571.495348,2163.348459363374,591.853111363374,27.3581959855669,2208.149571,3022.448129011718,814.2985580117179,26.94168843446712,2648.587621,3554.8554312467036,906.2678102467034,25.493802146797044,2669.413114,3591.8923020951,922.4791880951002,25.682261897357865,3217.392714,4298.982428313435,1081.5897143134348,25.159202959053754,3237.041227,4308.921366700223,1071.880139700223,24.875834309342945,3958.151952,5226.367631316447,1268.2156793164468,24.265718923354832,4085.157811,5247.577241894434,1162.4194308944343,22.151544937998622
7,909.155823,1147.7250282925515,238.5692052925515,20.786268436392497,1709.450673,2245.355526509828,535.904853509828,23.86726053770364,1835.075086,2252.993759446532,417.9186734465318,18.549482069990162,2507.806288,3209.808170921019,702.0018829210189,21.87052451547555,2925.935199,3826.293120699574,900.357921699574,23.53081411428716,3115.009306,3858.958479546551,743.9491735465513,19.27849645155989,3606.239966,4676.541304516675,1070.301338516675,22.886600776581652,3689.94559,4684.489167290723,994.5435772907235,21.23056627465569,4464.950624,5781.008233099264,1316.0576090992636,22.765191745691567,4619.932683,5800.974276404744,1181.0415934047442,20.35936615351991
8,1078.358451,1119.213703623341,40.8552526233409,3.6503531444509805,1958.439552,2064.13484902925,105.69529702924979,5.120561627984608,1977.596466,2074.7631491482816,97.16668314828166,4.683266289367531,2695.234291,2854.4227566907102,159.18846569071002,5.576905709484533,3103.374402,3320.828402940372,217.45400094037223,6.548185409033216,3163.179331,3353.539343049762,190.3600120497622,5.67639119678989,3710.042976,3980.541879080941,270.49890308094064,6.795529636366886,3741.410611,3985.8156329331287,244.40502193312886,6.131869721060661,4395.580311,4777.664349462474,382.0840384624744,7.9972976440980394,4487.191782,4786.686944550051,299.49516255005074,6.256836221366954
9,866.290172,1159.4592651574944,293.16909315749444,25.28498429978668,1631.464226,2262.736808656768,631.272582656768,27.89863055401089,1707.40505,2270.994287646842,563.5892376468421,24.816849637733863,2336.205401,3229.844891070827,893.6394900708269,27.668185941107176,2806.724972,3845.6216470595177,1038.8966750595177,27.01505167191605,2833.52638,3879.3678710233535,1045.8414910233537,26.95906977101058,3359.044679,4695.329332097778,1336.2846530977781,28.459870619996597,3391.910452,4703.775875184315,1311.8654231843147,27.889624378264198,4107.085187,5794.854050453767,1687.7688634537672,29.125304084606,4282.959851,5816.01773211361,1533.0578811136102,26.359236710175548
10,977.315434,1096.2430115368904,118.92757753689045,10.848650918208232,1870.322292,2161.158114735191,290.83582273519073,13.457406043186579,1950.894583,2167.2036278649857,216.3090448649857,9.981020799512132,2709.357927,3104.8406167307644,395.4826897307644,12.737616468931249,3208.749597,3714.8991684912326,506.14957149123256,13.624853556840948,3315.874981,3744.058312948938,428.18333194893785,11.43634249680495,3927.054152,4556.3820382394515,629.3278862394513,13.81200875953366,3967.524615,4562.91893150269,595.3943165026899,13.048540319049911,4889.619673,5662.05903108001,772.4393580800097,13.642375571147495,4934.720379,5678.783395410252,744.0630164102513,13.102507431637969
11,1097.896928,1209.047365444585,111.15043744458512,9.193224403058306,2088.585742,2292.2140824741555,203.62834047415527,8.883478294242229,2118.119239,2303.563274249135,185.44403524913469,8.050312197722533,2956.32578,3216.1748100850427,259.8490300850426,8.079443607052305,3446.858639,3779.570936021843,332.7122970218429,8.802911829246856,3565.561872,3818.3929871332607,252.83111513326048,6.621401096880779,4188.091856,4566.159835021499,378.067979021499,8.279779786108143,4267.95449,4575.541440598375,307.58695059837464,6.722416452601278,5033.815547,5542.094366719104,508.2788197191039,9.171240799712379,5290.629924,5563.566795888936,272.93687188893637,4.905789431531882
12,921.433652,1106.8561315775883,185.4224795775882,16.752175308755607,1353.377596,2020.7411075127466,667.3635115127465,33.0256809757376,1900.75803,2030.1089127247467,129.35088272474673,6.371622818557856,2013.9363,2779.1569697285363,765.2206697285362,27.534273093012153,2324.325552,3221.986667323101,897.6611153231011,27.860485098434566,2488.203262,3252.892619507346,764.6893575073459,23.507980340991363,2766.043573,3851.39881868908,1085.3552456890802,28.180806423431058,3089.040404,3855.1904203387767,766.1500163387768,19.873208137704676,3282.648046,4604.778496333925,1322.1304503339256,28.7121400385824,3550.081729,4610.1559579728555,1060.0742289728555,22.994324674408276
13,1099.671458,1169.4218867460272,69.75042874602718,5.9645222598074605,2010.312295,2205.9490518636976,195.63675686369766,8.86859815272768,2072.639388,2219.021883770303,146.38249577030274,6.596712580481031,2819.796884,3089.1359883395817,269.3391043395818,8.718913811377798,3214.947616,3623.499403791011,408.55178779101107,11.275061543092079,3383.977382,3661.6283624810926,277.6509804810926,7.582718752291899,3889.093852,4372.040745757194,482.9468937571937,11.04625784253875,3992.170269,4381.714557951702,389.5442889517017,8.890225134468823,4581.075797,5296.292509305094,715.216712305094,13.504101426583306,4882.959002,5317.30728089384,434.34827889383996,8.168575858960441
14,740.867912,1199.0536705987397,458.18575859873965,38.212281054103904,1287.719241,2311.56871729095,1023.8494762909502,44.29240924712174,1524.350081,2321.440931299948,797.0908502999478,34.33603842995898,1948.167851,3274.6392470534797,1326.4713960534798,40.5074054263241,2189.342653,3876.696693189443,1687.354040189443,43.525562449953235,2533.142938,3913.784408974537,1380.6414709745372,35.276380267871815,2725.898979,4710.315869678522,1984.4168906785221,42.12916809789145,2878.691491,4719.661188447138,1840.9696974471376,39.00639524619888,3378.756995,5769.358644915199,2390.601649915199,41.43617682742164,3537.892829,5791.992085157115,2254.099256157115,38.917512714383655
15,987.555494,1038.5640819557293,51.008587955729354,4.911453115119736,1749.261185,1969.4865524754896,220.22536747548952,11.181867030200515,1969.800454,1980.6798370807487,10.879383080748767,0.5492751971860071,2589.503744,2768.614692172254,179.11094817225376,6.46933459822549,2744.012359,3258.356342414854,514.3439834148544,15.78538162691133,3370.657536,3288.374664676523,-82.28287132347714,-2.5022352898942337,3467.714772,3942.2965826647783,474.58181066477846,12.038206682663812,3847.725141,3948.091853782961,100.36671278296126,2.542157490251713,3877.771374,4800.215332031089,922.4439580310891,19.216720380766343,4495.678446,4810.149239774052,314.47079377405225,6.537651496834304
16,916.359629,1009.4066524062382,93.04702340623817,9.21799189498418,1812.745819,1977.8712187963122,165.1253997963122,8.348642632901235,1836.934905,1991.9721692462997,155.03726424629963,7.783103932870754,2632.742158,2841.7753548908495,209.03319689084947,7.355725586510278,3122.10047,3390.2694583886555,268.16898838865563,7.909960894852068,3238.229729,3423.5148062557573,185.2850772557572,5.412130156913224,3859.734197,4155.795366894984,296.0611698949838,7.124055535876561,3945.893493,4167.197338091511,221.30384509151054,5.310615916088655,4744.388454,5150.891743379506,406.503289379506,7.891901240246193,5045.794333,5176.767039387526,130.97270638752616,2.5300096641594636
17,925.493969,1001.9474483203379,76.45347932033792,7.630487951090083,1589.364183,1944.6248048966904,355.2606218966905,18.268851708675186,1932.883133,1956.9555235939165,24.072390593916452,1.2300939037034375,2447.512502,2774.827658454195,327.31515645419495,11.795873356565004,2469.373973,3297.4601336297164,828.0861606297162,25.112848285392037,3225.726018,3327.73064953057,102.00463153057035,3.0652911029611047,3400.276788,4025.263921773836,624.9871337738359,15.526612563044544,3446.502143,4033.498199604924,586.996056604924,14.553026369577143,3871.080068,4962.697895249871,1091.617827249871,21.99645939146792,4107.720637,4979.51015019361,871.7895131936093,17.507535618934586
18,789.41497,1175.3051698803083,385.8901998803083,32.83319173348033,1470.290919,2289.888192819777,819.597273819777,35.79202147902784,1656.705305,2296.0511364260815,639.3458314260815,27.845452624424354,2232.59637,3262.1138767270395,1029.5175067270393,31.55982732767073,2515.461668,3880.940738246024,1365.479070246024,35.184228833732384,2913.190329,3913.772276732731,1000.5819477327309,25.565665986270158,3180.469729,4733.870319809915,1553.4005908099148,32.81459959537486,3410.29727,4740.055677527489,1329.758407527489,28.053645315430526,3847.672947,5835.476257642961,1987.8033106429612,34.06411444206382,4251.550577,5850.8697078481455,1599.3191308481455,27.334724762420816
19,1033.924724,1091.2105434699715,57.28581946997156,5.249749446867215,1872.438217,2027.7572737560215,155.3190567560216,7.659647373293531,1936.309155,2038.4766479997097,102.1674929997098,5.011953072897028,2620.086322,2816.2637657015575,196.17744370155742,6.965876069235574,2970.11916,3286.6913066772495,316.5721466772493,9.63194036610924,3142.894606,3318.27413359816,175.37952759816017,5.285263379008049,3590.375821,3949.063402045794,358.6875810457941,9.082851920280076,3695.746765,3954.209278320454,258.46251332045404,6.536389329151433,4205.575718,4758.440073977315,552.8643559773145,11.618604992018026,4513.933941,4766.518697879251,252.58475687925056,5.299145411757896
20,863.628632,1162.4280660645913,298.7994340645913,25.704767700265442,1623.16847,2264.564960940262,641.3964909402621,28.323165906176968,1746.024183,2274.282138748621,528.257955748621,23.227459194631173,2385.981821,3230.429619123254,844.447798123254,26.140417767480695,2781.51033,3843.045732668973,1061.535402668973,27.622242265947293,2965.185324,3878.3138555455303,913.1285315455302,23.544472303082546,3432.848653,4689.499115600921,1256.650462600921,26.79711482235542,3513.720891,4699.361546259527,1185.6406552595272,25.229824170545932,4252.319692,5781.451281984673,1529.1315899846732,26.4489228638756,4398.760692,5806.024492733491,1407.2638007334908,24.2379928382105
21,816.59095,996.110825455716,179.51987545571603,18.022078554721713,1356.372274,1774.5225106141781,418.1502366141781,23.564098742790957,1556.176826,1778.2015606957184,222.0247346957185,12.485914960554398,1975.408705,2409.874650390611,434.46594539061084,18.028570295977396,2037.263363,2776.037093961138,738.773730961138,26.612530955304308,2525.786575,2798.7028225003687,272.9162475003686,9.75152650385883,2554.613361,3298.1824599113584,743.5690989113582,22.54481393765408,2777.434338,3300.515722773626,523.0813847736258,15.848474260078618,2848.0103,3913.9067516140963,1065.8964516140963,27.233567871143592,3219.396164,3923.7812039891214,704.3850399891212,17.95169005022519
22,816.363745,1146.7790490226357,330.4153040226357,28.812464293295076,1561.4865,2204.4712981733683,642.9847981733683,29.167301869892682,1629.395308,2219.4542621903406,590.0589541903405,26.58576769264088,2261.133485,3124.6329908008606,863.4995058008608,27.635229748359695,2703.705628,3694.495858465853,990.7902304658528,26.818008963130367,2752.474633,3734.2362540615322,981.7616210615324,26.290827742720403,3295.883499,4488.363406250447,1192.479907250447,26.568256607515607,3301.158234,4501.297283749182,1200.1390497491816,26.662070378732512,4065.630738,5492.434607613119,1426.8038696131189,25.977621429218505,4172.032442,5522.527721672597,1350.4952796725975,24.454296071212397
23,816.946188,1066.296518904144,249.35033090414402,23.384708332388325,1584.972702,2054.6618609191805,469.6891589191805,22.859681578411095,1603.541852,2069.006134165083,465.464282165083,22.496998654521352,2254.296088,2918.5397340893546,664.2436460893546,22.759451870084355,2625.774293,3455.970191113914,830.1958981139142,24.022079248499793,2830.892933,3491.046700987606,660.153767987606,18.90990939195544,3207.093504,4204.994763136917,997.9012591369169,23.731331793442823,3376.497704,4215.6644630714645,839.1667590714646,19.90591913617483,3828.448807,5158.435458246004,1329.9866512460035,25.782752580919798,4215.152597,5181.576770731585,966.4241737315851,18.65115999420261
24,870.176964,985.1973649912316,115.02040099123155,11.674858772308557,1561.776097,1803.9466415727609,242.17054457276095,13.424484903922984,1656.464414,1809.6402451697522,153.1758311697522,8.464435490899664,2218.518597,2485.631240677636,267.1126436776358,10.746269973852405,2464.536822,2890.603739531824,426.06691753182395,14.739720692426413,2721.701883,2914.092340190896,192.39045719089563,6.602071407877642,3014.300714,3462.8814690170693,448.58075501706935,12.953973707462701,3173.726348,3463.43665734504,289.71030934504006,8.364821938655655,3477.032776,4157.253281476606,680.2205054766064,16.36225794823356,3850.774672,4163.117256257629,312.34258425762937,7.502613186984912
25,1094.020647,1199.1333104101577,105.11266341015767,8.765719582437786,2096.98467,2300.7880017239786,203.80333172397877,8.857979595306874,2130.492842,2312.1299377718906,181.63709577189047,7.855834259337822,2984.439629,3251.5252044856425,267.0855754856425,8.214162852472572,3477.457657,3841.076611406311,363.6189544063109,9.466589479796426,3638.500641,3879.539537852763,241.03889685276272,6.213080044704798,4242.72619,4659.655789291152,416.92959929115204,8.947648026906666,4358.464877,4669.990787201832,311.5259102018317,6.670803528254752,5094.393922,5692.2046139399945,597.8106919399943,10.502269902174255,5468.102189,5716.852584686406,248.75039568640568,4.351177365544239
26,978.466053,1187.8113169719813,209.34526397198135,17.62445440456428,1709.34653,2245.725189031309,536.3786590313091,23.884429922731346,1965.452568,2258.350068352344,292.89750035234397,12.969534903241875,2549.56929,3147.881072691705,598.311782691705,19.006810259832903,2644.030579,3695.418347003739,1051.387768003739,28.451116200584124,3369.178166,3734.1972722469814,365.0191062469812,9.775035426217265,3415.201162,4461.434150011841,1046.232988011841,23.450598010262333,3674.515756,4471.3124570281,796.7967010281,17.82019728403634,3873.670092,5409.101249022615,1535.431157022615,28.386067968316482,4319.771512,5431.1275275999305,1111.3560155999303,20.462712575836893
27,857.841,1081.4704731387853,223.62947313878533,20.67827820483518,1487.745642,2059.790223191431,572.0445811914308,27.7719825422371,1763.803331,2073.109226962725,309.3058959627251,14.919903492778506,2267.774777,2903.5988591238233,635.8240821238232,21.897793496023297,2293.079742,3421.5711426866856,1128.4914006866857,32.981672852214075,2975.826775,3455.6964309324217,479.86965593242167,13.886337111010139,3139.500214,4144.548063407751,1005.0478494077511,24.24987800916888,3180.700312,4153.306302167272,972.6059901672725,23.41763210817725,3534.846486,5052.389135684523,1517.5426496845234,30.036139515982057,3797.929911,5070.151629127076,1272.2217181270762,25.09238009408633
28,1024.458747,1131.4985218404324,107.03977484043253,9.460001296893221,1634.142941,2058.389525085264,424.24658408526375,20.610607414925042,2016.908711,2067.62391299168,50.715201991679805,2.452825277992608,2401.470235,2825.184479539499,423.7142445394993,14.997754929213123,2479.130407,3270.140170607864,791.009763607864,24.188864156878896,3119.034048,3302.151529217533,183.11748121753317,5.54539910108014,3230.672202,3904.8279481154063,674.1557461154061,17.264672223030338,3327.200054,3908.8929682923635,581.6929142923636,14.881269940386257,3670.737824,4659.440783668751,988.7029596687507,21.219348105767015,3853.168342,4665.797181243638,812.6288392436381,17.41672018043093
29,1133.210153,1204.1020951842781,70.89194218427815,5.887535821738497,2069.933898,2251.595137825427,181.66123982542695,8.068112991258008,2129.044524,2262.57992168475,133.53539768475002,5.901908542762884,2896.96129,3134.5931190895003,237.63182908950012,7.5809465554663324,3304.885068,3663.02466056149,358.13959256148974,9.777154831018581,3469.299561,3701.0402184127515,231.74065741275172,6.261500652163604,3992.854164,4406.5644730549875,413.71030905498765,9.388500079477339,4093.457953,4414.530317239385,321.072364239385,7.273080965953514,4702.730306,5313.07249696204,610.3421909620392,11.487556236264924,4998.990092,5330.295872814007,331.30578081400745,6.215523278993933
30,977.10751,1142.079141709935,164.97163170993485,14.444851121520117,1786.145766,2164.3077772261113,378.1620112261112,17.472654083920688,1933.564456,2178.160858905055,244.59640290505513,11.229492161015688,2601.323043,3040.4873711255864,439.1643281255865,14.443879369346243,2853.031922,3573.7713283608127,720.7394063608126,20.167474080984228,3330.557353,3611.3614298030784,280.80407680307826,7.775573900903905,3555.075053,4319.547595951811,764.4725429518107,17.697977067511847,3872.95672,4329.70307648441,456.74635648441017,10.549138091364792,4058.910464,5246.865382124123,1187.9549181241232,22.64123112766418,4677.802032,5268.800159246025,590.9981272460254,11.216939519121908
31,1018.118053,1220.3368272759778,202.2187742759778,16.570734387109194,1844.390645,2343.418074508834,499.02742950883385,21.29485280228655,2003.608733,2351.1977094432505,347.58897644325043,14.78348566975924,2674.655354,3308.7651728602514,634.1098188602514,19.164545857211657,2913.608091,3909.9887184366276,996.3806274366275,25.482954023330812,3455.858154,3946.4476656724123,490.5895116724123,12.43116729862484,3624.049141,4742.703088455792,1118.6539474557917,23.586843337899563,3990.074519,4749.8445343461935,759.7700153461938,15.995681750261213,4106.493741,5794.804950544352,1688.311209544352,29.134910043620287,4731.464687,5811.867049216344,1080.402362216344,18.58959183111428
32,866.278095,990.0291617469433,123.75106674694325,12.499739556012662,1521.416038,1744.745232854068,223.32919485406796,12.800103456293405,1587.953746,1748.5750155675198,160.6212695675199,9.185838076005476,2112.824018,2357.820002835833,244.99598483583304,10.390784052267254,2358.684497,2707.268757283363,348.5842602833627,12.875864627239789,2526.715258,2729.033337412018,202.31807941201805,7.413543713023279,2843.126142,3207.7161626245083,364.59002062450827,11.366031224103253,2943.393317,3209.207838969945,265.81452196994496,8.282870269170946,3284.540828,3792.885516328898,508.344688328898,13.40258455311671,3559.482566,3799.938956687353,240.45639068735272,6.327901406526114
33,846.924321,1040.3903712750814,193.46605027508144,18.595524873800336,1294.966464,1928.0718079711205,633.1053439711204,32.8361911290704,1842.211421,1936.8967680341023,94.68534703410228,4.888507668387787,1860.996198,2673.8934090531225,812.8972110531224,30.401257144389504,2175.03948,3119.6514526757874,944.6119726757875,30.279407395514486,2471.008975,3147.4464876074503,676.4375126074501,21.491628698718497,2644.495373,3747.299046445735,1102.8036734457346,29.429294533931838,3096.386925,3749.926956370871,653.540031370871,17.42807363915585,3190.276245,4516.490447574037,1326.2142025740368,29.363821709982634,3293.980599,4518.5119415939835,1224.5313425939835,27.100323257351157
34,757.427409,1186.2459654732575,428.81855647325744,36.14921095239963,1412.712753,2251.132120512617,838.4193675126169,37.24434296293973,1465.080122,2264.0296502550486,798.9495282550486,35.28882796058103,1995.410613,3162.591755825558,1167.1811428255578,36.90584283208816,2370.084102,3718.461443674423,1348.3773416744234,36.261700224650305,2455.527896,3757.521345584013,1301.993449584013,34.650327432315635,2816.083184,4494.849618383497,1678.7664343834967,37.34866740630222,2922.25349,4505.280623303628,1583.027133303628,35.13714828584479,3376.570331,5459.95061900901,2083.3802880090097,38.157493233650285,3625.877832,5483.547110030273,1857.6692780302728,33.87714632071461
35,929.30244,1151.28644926514,221.9840092651399,19.281388172928736,1755.854627,2171.672232141974,415.8176051419739,19.147346408340947,1798.908351,2185.0024948141127,386.0941438141126,17.670192355865446,2496.266717,3041.893034611911,545.626317611911,17.93706456484663,2889.304178,3568.50280038877,679.1986223887702,19.033153688846063,3025.309162,3605.8953759881642,580.5862139881642,16.101027718505552,3521.025199,4306.203161038174,785.1779620381735,18.233648824150613,3608.938021,4315.695414441956,706.7573934419561,16.376442857317443,4211.344537,5217.985063286124,1006.6405262861244,19.291747946326502,4481.949775,5238.214117199833,756.2643421998328,14.437446146323346
36,985.608364,1179.5982109179606,193.98984691796056,16.445417187179192,1857.035553,2208.8146495265873,351.7790965265874,15.926148289626013,1884.07164,2220.923704176609,336.85206417660925,15.167205588518613,2615.160767,3079.154043079398,463.99327607939813,15.068855587860364,3045.163652,3600.8887179347753,555.7250659347751,15.43299750328028,3129.239714,3638.489424530462,509.2497105304624,13.9961849853715,3686.23779,4334.324431408691,648.0866414086913,14.952425727809624,3737.247637,4342.831793414848,605.5841564148482,13.94445341707942,4427.671657,5231.37004425204,803.6983872520404,15.363057486921669,4581.778608,5249.4221968019365,667.6435888019369,12.718420499853869
37,766.523606,1045.0555308878734,278.5319248878734,26.65235642083385,1285.091112,1952.6905520115802,667.5994400115801,34.18869617225561,1601.277539,1962.486308784928,361.2087697849281,18.405670815026998,1939.564469,2720.7314658098876,781.1669968098877,28.711653708807148,2006.533062,3183.7456745900636,1177.2126125900636,36.97571140765321,2573.558291,3212.5413947176335,638.9831037176336,19.89026833298741,2652.325256,3833.4362575232235,1181.1110015232234,30.810764081579826,2878.429711,3837.2905342870454,958.8608232870452,24.987965198866497,3187.167245,4635.818841184197,1448.6515961841965,31.249098504766977,3228.991628,4640.666027705398,1411.6743997053977,30.419650784553603
38,886.273127,1197.1701087898018,310.89698178980177,25.969323783408026,1678.763425,2318.9735042344605,640.2100792344604,27.607477104220152,1690.67688,2326.135772248854,635.4588922488542,27.318220192904185,2339.871209,3291.8747269717833,952.0035179717834,28.91979789423936,2703.522025,3905.6494397995234,1202.1274147995232,30.779193917138358,2923.331362,3940.34601011475,1017.0146481147499,25.810287865687524,3261.797997,4752.957632339622,1491.1596353396221,31.373299547078133,3444.122206,4759.9137892153,1315.7915832153003,27.64318097938106,3848.02085,5837.592636195089,1989.5717861950889,34.08205933828026,4231.689992,5854.649071393547,1622.9590793935477,27.720860116509844
39,920.539322,1202.4295068718998,281.8901848718998,23.44338551747889,1765.795443,2278.272545347716,512.477102347716,22.49410867870948,1774.198317,2290.1435290479612,515.9452120479611,22.528946570542914,2486.316242,3196.229995291371,709.913753291371,22.210972124571864,2899.322066,3755.271648130744,855.9495821307437,22.793280016288794,3043.551631,3794.2000159504046,750.6483849504048,19.784101570680527,3516.836836,4536.23037992949,1019.3935439294896,22.47226129518878,3634.271322,4545.926059812324,911.6547378123237,20.05432393350368,4200.839819,5504.568088283414,1303.7282692834142,23.684478934113407,4534.518391,5526.617490358433,992.0990993584337,17.95128939336256
40,982.178657,1205.1173433527686,222.9386863527685,18.499334324782733,1810.19424,2264.6714945025105,454.4772545025105,20.068131541627736,1911.562666,2275.9749022836886,364.41223628368857,16.011258995784235,2594.076034,3161.699579535657,567.6235455356568,17.953114496065464,2897.465119,3702.062627840891,804.5975088408909,21.73376276214286,3258.343125,3740.479651578415,482.1365265784152,12.889697886070902,3566.364149,4460.180889599661,893.816740599661,20.039921310902002,3811.873614,4468.769035536521,656.8954215365211,14.699695068435195,4123.429233,5390.234044056797,1266.804811056797,23.501851695170078,4645.854244,5409.143039664982,763.288795664982,14.111085435674791
41,881.49823,1074.9375248641124,193.4392948641124,17.995398838510724,1687.079649,2060.007559179747,372.9279101797472,18.10323018077853,1750.661982,2073.9279139316964,323.2659319316963,15.587134430282944,2436.907309,2915.530117546611,478.62280854661094,16.41632187800437,2787.62724,3444.3900099641205,656.7627699641207,19.06760756082213,3075.766023,3479.12910111076,403.36307811075994,11.593794492477462,3443.295836,4181.829410530268,738.5335745302687,17.66053805711363,3654.857944,4191.666764901825,536.8088209018256,12.806571967903043,4066.700594,5114.432963125031,1047.7323691250313,20.485797285430518,4543.194148,5135.169226386592,591.975078386592,11.527859205589232
42,873.847719,993.9827763955424,120.13505739554239,12.086231295796239,1315.261675,1847.8743924324951,532.6127174324952,28.822993576493978,1873.56695,1855.162010680208,-18.404939319791993,-0.9920933704891733,1873.817246,2567.4395974743557,693.6223514743556,27.016111777534572,2197.531611,3001.195270789695,803.663659789695,26.77811962492629,2474.438713,3026.116177807945,551.677464807945,18.230544777285072,2653.658759,3611.024972232783,957.3662132327831,26.512312171599874,3089.769605,3612.0773409358835,522.3077359358836,14.460037442070787,3183.107028,4363.34431842096,1180.23729042096,27.04891487564459,3271.030171,4365.298880518703,1094.2687095187034,25.067440729022376
43,970.847686,1173.87116476541,203.02347876541,17.29520963282055,1851.551586,2257.114920459056,405.563334459056,17.968218223313674,1889.295815,2270.6530516901353,381.3572366901353,16.795046535457114,2631.799361,3197.2019876496406,565.4026266496408,17.684294856368624,3039.777032,3780.53393665526,740.7569046552599,19.59397579990057,3250.47727,3820.0499766746134,569.5727066746135,14.91008521229954,3710.87525,4591.579615412526,880.7043654125264,19.18085798744013,3868.354698,4603.808364797304,735.4536667973043,15.974897487499673,4408.538952,5617.48855938424,1208.9496073842402,21.521176137771413,4811.741422,5646.484906031554,834.7434840315536,14.7834183199513
44,804.285589,1190.540222630352,386.25463363035203,32.44364417835207,1469.998269,2301.400665297876,831.4023962978761,36.12593012743679,1647.86617,2311.4146835953607,663.5485135953606,28.707462936214622,2195.023802,3266.197742073451,1071.173940073451,32.79574675700581,2511.731412,3871.536903071149,1359.805491071149,35.123144247765396,2787.536436,3908.3531956472452,1120.8167596472454,28.67746857923448,3122.377188,4709.141722360594,1586.764534360594,33.69540837613998,3250.051713,4718.809740127479,1468.7580271274792,31.125603870771883,3852.838662,5777.4479142533155,1924.6092522533154,33.31244661687364,4059.369096,5801.023534521777,1741.6544385217771,30.02322655919642
45,786.236098,1154.732199909726,368.496101909726,31.911823532636753,1491.354142,2096.990308093148,605.6361660931482,28.881209596236523,1513.588169,2105.903234682566,592.315065682566,28.126414164127006,2107.035919,2874.877991148925,767.8420721489251,26.708683795031675,2441.217435,3324.5937523692983,883.3763173692982,26.570955225424253,2560.093218,3357.642521727735,797.5493037277352,23.753252425375585,2966.949035,3967.827050504637,1000.878015504637,25.224839761535044,3052.892084,3972.0549165979123,919.1628325979123,23.14073828025471,3535.118807,4729.106869153212,1193.988062153212,25.24764390378444,3803.63857,4736.215480914843,932.5769109148432,19.690339569066808
46,911.734554,1060.3822511493204,148.64769714932038,14.01831245177907,1471.092118,1980.2151318771314,509.12301387713137,25.71049002107724,1916.031645,1990.4949126739857,74.46326767398568,3.740942375680499,2178.644726,2758.1578095313303,579.5130835313303,21.010874777676406,2346.326953,3226.156865613616,879.8299126136162,27.271764804476494,2947.969562,3256.0074669243436,308.03790492434337,9.460601919789791,2948.061508,3883.2038877363134,935.1423797363136,24.08172238108899,3374.711998,3887.6565674818976,512.9445694818974,13.194184223277222,3643.246917,4692.772335561092,1049.5254185610925,22.36472054286447,3694.761754,4699.201886417394,1004.4401324173941,21.374696314296155
47,1018.444173,1030.9503093186056,12.506136318605627,1.2130687779580192,1935.495816,1991.710295676619,56.214479676618794,2.8224225078638634,1976.052683,2005.0824320605022,29.029749060502354,1.447808259467429,2753.999589,2833.885997929794,79.88640892979402,2.818970452168948,3204.276323,3360.2929491718987,156.01662617189868,4.6429471635902155,3330.741138,3392.7765152652746,62.03537726527475,1.8284545706490285,3905.079116,4093.7460308451623,188.6669148451624,4.60866193026175,3985.981367,4103.032151911806,117.0507849118062,2.8527874161860134,4695.801403,5031.96354730863,336.16214430862965,6.680536159456632,4944.412229,5051.414228597072,107.00199959707243,2.1182582689677787
48,876.663447,1210.7528634256234,334.0894164256234,27.593526847450363,1683.793846,2322.0918112543327,638.2979652543327,27.488058920010616,1713.122195,2331.955465755161,618.8332707551613,26.537096434419404,2400.604321,3278.7668553838594,878.1625343838596,26.783317421361737,2855.695143,3872.4683358661614,1016.7731928661615,26.256462407942145,2883.901034,3910.140462722217,1026.2394287222169,26.24558985811356,3453.507771,4696.096158241762,1242.5883872417621,26.46002861463962,3485.138483,4705.095833219237,1219.9573502192366,25.92842725127958,4204.501134,5734.558748991127,1530.0576149911267,26.68134867848913,4357.013926,5756.045454051008,1399.0315280510085,24.305428774305344
49,1027.597213,1142.9217620238064,115.32454902380641,10.090327514597124,1891.14642,2114.5380298455398,223.39160984553973,10.564558626635709,1913.625565,2125.716101536916,212.09053653691603,9.977368868005104,2623.889889,2928.827305000923,304.9374160009229,10.411587445946282,3033.700017,3410.4464596906028,376.74644269060263,11.04683645216296,3099.183439,3444.9255796727657,345.7421406727658,10.036273140786047,3641.748126,4091.1946704727297,449.4465444727298,10.985704193362109,3677.415299,4097.491810965299,420.07651196529923,10.25204030526998,4336.339966,4914.653483066012,578.3135170660125,11.767127002110248,4439.89374,4926.470429493304,486.576689493304,9.876780881101304
50,1001.188024,1146.5226538200668,145.33462982006677,12.676123697672296,1928.45425,2242.301370373601,313.847120373601,13.99665203439221,1990.870861,2250.888360051233,260.017499051233,11.551772343134543,2784.29842,3205.9795314297003,421.6811114297002,13.152957069618356,3314.920946,3821.081969003318,506.16102300331795,13.246536638295247,3383.807223,3854.5697934811687,470.76257048116895,12.213102776795495,4052.002477,4670.132396386311,618.1299193863106,13.23581147002624,4068.223424,4679.042426213948,610.8190022139479,13.054359131088125,5038.757307,5772.070063937517,733.3127569375174,12.70450200386645,5059.695363,5794.5158717630175,734.8205087630176,12.681309794038823
51,973.626933,1084.1876293444773,110.56069634447726,10.197561137210595,1623.666771,2060.193585086963,436.5268140869632,21.188630876575463,2007.210948,2073.3399320788394,66.1289840788395,3.189490688704148,2451.822662,2899.946345767228,448.12368376722816,15.452826719408483,2518.001754,3413.992639252453,895.9908852524532,26.244663651314852,3232.559767,3447.986823125181,215.42705612518102,6.247908335389825,3360.209587,4131.931252217895,771.7216652178954,18.677020940357096,3498.880764,4140.3883350849665,641.5075710849665,15.493898619338125,3890.389046,5030.940836464792,1140.5517904647918,22.670745443833322,4059.671299,5047.918247967017,988.246948967017,19.577316834816422
52,859.42497,986.0615364549394,126.63656645493938,12.842663644524619,1402.462568,1843.18110601773,440.71853801773,23.910756060749826,1810.624624,1850.5540157821265,39.92939178212646,2.157699339851505,2091.266728,2568.8766120816317,477.60988408163166,18.592169115300994,2232.666266,3009.224546366137,776.5582803661368,25.80592668978089,2823.27837,3034.007963027402,210.7295930274022,6.9455847049633785,2842.956771,3627.1658606808483,784.2090896808481,21.62043644548545,3209.941401,3628.3849731165296,418.4435721165296,11.532502069567215,3506.677072,4394.5377647627565,887.8606927627566,20.20373336831908,3527.613524,4396.1552721676735,868.5417481676736,19.75684875523993
53,981.947839,1018.1546233636606,36.20678436366052,3.5561184453540826,1878.420372,1984.0534024122333,105.63303041223321,5.3241021780867115,1943.675422,1997.900702836325,54.225280836325055,2.7141129065795906,2714.221021,2839.6408859009093,125.41986490090949,4.416750918175294,3135.065472,3379.6083976180084,244.5429256180082,7.235836133865842,3346.954161,3412.544195080419,65.59003408041872,1.9220273886847945,3863.927392,4132.3755394965365,268.4481474965364,6.496218577686251,4005.56301,4142.917278218977,137.35426821897727,3.3153997291016464,4627.485152,5104.822506006257,477.33735400625665,9.350714024721304,5027.471307,5128.028169151054,100.55686215105379,1.9609264776659956
54,1009.281053,1083.4693427332886,74.18828973328857,6.847290163848325,1571.168242,1919.9018273332301,348.73358533323017,18.1641363307428,2025.042348,1926.0790703782554,-98.96327762174451,-5.13806931105427,2278.34636,2600.9168207185003,322.57046071850027,12.402182882165011,2444.288764,2986.3019217271612,542.0131577271613,18.149978533104314,3026.414987,3013.29638985533,-13.118597144670275,-0.4353570126335998,3039.526703,3542.6464129884193,503.11970998841934,14.201804282353143,3370.829406,3543.725895889031,172.89648988903127,4.8789464808664595,3675.713882,4189.876153313403,514.1622713134029,12.271538644568226,3694.982745,4190.507769472865,495.5250244728654,11.824939881574275
55,926.986487,1018.0636678486093,91.07718084860926,8.946118374018319,1679.063798,1918.4261448394536,239.36234683945372,12.477016510817263,1770.952032,1928.036450224422,157.08441822442205,8.147378033550016,2386.098807,2686.395282698025,300.296475698025,11.178417324960032,2669.379758,3154.723928644493,485.3441706444928,15.384679662065809,2921.153963,3182.43456342152,261.2806004215199,8.210085556028218,3262.779467,3809.9283801952165,547.1489131952167,14.361133821816917,3419.469979,3813.7063111766115,394.23633217661154,10.337354269290365,3787.076107,4628.319818502661,841.2437115026614,18.176006509740674,4169.146266,4633.086764177127,463.94049817712767,10.013637166571112
56,873.493933,1086.9893655025292,213.49543250252918,19.640986313037892,1659.778598,2056.947729273366,397.1691312733658,19.308664270903428,1711.364941,2069.6549515849697,358.29001058496965,17.311581832062696,2380.214401,2887.853127294663,507.6387262946628,17.57841219474406,2744.901368,3394.021419664243,649.120051664243,19.12539643690457,2919.5749,3427.5998139988183,508.0249139988182,14.821593580556582,3366.745944,4101.784626771981,735.0386827719808,17.919972637628245,3483.915648,4109.618181020593,625.7025330205925,15.225320345093568,4016.688468,4983.87754442368,967.18907642368,19.40635715469857,4353.028559,4999.098041825178,646.069482825178,12.92372098766235
57,834.016953,1118.8582748831795,284.8413218831796,25.458212919140273,1470.347069,2129.7889767846727,659.4419077846728,30.962781523089088,1687.552216,2143.9123549611145,456.36013896111444,21.28632441084056,2196.99832,3000.8627406870687,803.8644206870686,26.787777054508606,2281.476766,3534.217218922883,1252.740452922883,35.446051425913154,2912.242552,3571.0335046750583,658.7909526750582,18.44818738924165,2991.699835,4279.075197234536,1287.3753622345362,30.085364311114144,3174.319303,4289.323890382876,1115.0045873828758,25.994879749762788,3392.156389,5211.3882595851255,1819.2318705851253,34.908776317693764,3741.570739,5233.429824455373,1491.8590854553731,28.50633591156687
58,878.01691,1196.0357123207864,318.01880232078634,26.589406908569895,1661.62467,2314.840946570419,653.216276570419,28.218624590091153,1689.168465,2322.966935457625,633.798470457625,27.284007395170544,2331.034368,3285.4330908559937,954.3987228559936,29.049403730432765,2744.492266,3896.5362589708093,1152.043992970809,29.565848138035754,2871.225332,3931.9347053052416,1060.7093733052416,26.97677995196762,3285.772952,4740.76080569344,1454.9878536934398,30.691020140608337,3411.87041,4748.643775770586,1336.7733657705862,28.15063476842209,3929.964257,5819.917265742095,1889.9530087420949,32.473881026917105,4232.59928,5839.217281740834,1606.6180017408333,27.514269879367387
59,835.839999,1176.3891826414863,340.54918364148625,28.948683706595357,1547.730088,2171.8824781378385,624.1523901378384,28.737852826778347,1619.980115,2182.4987960589565,562.5186810589564,25.774066041856408,2207.775194,3003.5155504375757,795.7403564375759,26.493631981417447,2480.864201,3493.41262368066,1012.5484226806602,28.984506892112822,2760.51788,3529.275031731671,768.757151731671,21.782296500549954,3043.756797,4187.603297237661,1143.8465002376606,27.31506351120211,3237.514433,4194.042454069981,956.5280210699816,22.806827340093992,3532.181615,5022.783946903022,1490.6023319030223,29.676815639703293,3955.326364,5035.493881128343,1080.1675171283428,21.45107396866305
60,1003.387864,1100.4744186249952,97.08655462499519,8.822245477209863,1692.6206,2074.291789496183,381.67118949618293,18.400072324872173,2033.410687,2086.917216029443,53.506529029442845,2.5639028045033845,2572.159932,2905.1171510773265,332.9572190773265,11.461059976664055,2577.017563,3408.6546358773185,831.6370728773186,24.39780974358736,3337.281507,3442.638084053687,105.35657705368703,3.060344261620154,3495.279798,4113.6429337809495,618.3631357809495,15.032008021478832,3538.707956,4121.302937222535,582.5949812225344,14.136184359579303,3915.245403,4987.531726756357,1072.286323756357,21.499338400273572,4217.332647,5002.523430770099,785.1907837700992,15.695894174936932
61,934.618188,1056.5251504191178,121.9069624191178,11.538481821351624,1680.592792,2026.3674076539437,345.7746156539438,17.063767130673966,1888.574407,2039.714268932685,151.13986193268488,7.409854617125926,2502.962203,2869.35220499322,366.3900019932198,12.769084302569455,2662.37096,3391.538477033918,729.1675170339176,21.49960915883855,3299.294386,3424.826998811203,125.53261281120285,3.665370918144965,3378.760098,4119.396594976192,740.6364969761921,17.979247200413646,3763.139651,4128.4127741905895,365.27312319058956,8.847785896656239,3803.20563,5041.891068276129,1238.685438276129,24.56787386919185,4408.558424,5060.433403810324,651.8749798103245,12.881801375342397
62,801.494638,1174.7403508895964,373.24571288959635,31.77261363389351,1486.767949,2250.6068864657204,763.8389374657204,33.93924287973846,1629.136798,2264.282849991958,635.1460519919578,28.05064976728564,2195.103236,3181.0219640609803,985.9187280609804,30.99377304526151,2564.465476,3755.4357509846654,1190.9702749846656,31.713237929111056,2749.553751,3795.005968229069,1045.452217229069,27.5481046928874,3160.296075,4555.121806848723,1394.825731848723,30.62104134628349,3230.02708,4567.050959297622,1337.0238792976224,29.27543159061327,3963.732689,5561.7528747685765,1598.0201857685765,28.732311948237538,4045.537659,5589.625415320607,1544.0877563206072,27.624172311948065
63,1037.871358,1124.9442041053665,87.07284610536635,7.7401924279980365,1759.202931,2112.570464686026,353.3675336860258,16.726899272377356,2095.249659,2125.069071468979,29.819412468978953,1.4032208585279504,2665.472737,2951.67321466301,286.20047766301013,9.696211499337178,2680.725104,3457.423602003182,776.6984980031821,22.46466118739902,3463.332632,3492.3863750871005,29.05374308710043,0.8319166314000932,3593.189167,4166.807410373134,573.6182433731342,13.766372833674287,3694.48387,4174.498612777995,480.0147427779948,11.498740023740488,4035.241645,5040.93916008067,1005.6975150806702,19.950598155296444,4387.339143,5055.988988019913,668.6498450199133,13.22490706772243
64,982.520096,1014.9279373392205,32.40784133922057,3.1931174763188,1820.714564,1947.983902111846,127.26933811184585,6.533387569264344,1885.082159,1959.6793713037348,74.59721230373475,3.806602926789332,2581.487253,2759.341963228398,177.8547102283983,6.445547982038093,2946.971082,3263.758195557523,316.78711355752284,9.706206605278506,3132.263603,3293.5364447494835,161.27284174948363,4.896646642747278,3589.158118,3966.633884791482,377.47576679148233,9.516274447177155,3705.945819,3973.4284730334584,267.4826540334584,6.731784801180843,4238.353956,4860.850012274669,622.4960562746692,12.806321007698976,4578.36541,4873.483765108802,295.11835510880155,6.0555932743978875
65,905.042007,1028.0497803371918,123.0077733371918,11.965157299760937,1751.721564,1979.8496965125637,228.12813251256375,11.522497536777843,1812.527375,1992.6629848902792,180.13560989027928,9.039943595891001,2547.739663,2810.99240051963,263.25273751963005,9.365117368192319,2941.864488,3328.934379562288,387.0698915622879,11.6274413199212,3194.617312,3360.5495823030183,165.9322703030184,4.937652792770383,3647.214986,4050.6099176496036,403.3949316496037,9.958868907418184,3830.192115,4058.9709876638008,228.77887266380094,5.636376149499849,4359.645052,4970.929478692121,611.2844266921211,12.297185653354981,4817.142739,4987.82448216129,170.6817431612899,3.4219677090026885
66,843.230372,1191.7776390521549,348.5472670521549,29.24599821568742,1516.599715,2271.3451124964868,754.7453974964867,33.22900572634376,1664.372924,2283.977922267873,619.604998267873,27.128326952155348,2203.404275,3198.5825358509346,995.1782608509347,31.11310243511295,2370.416832,3767.525374707654,1397.1085427076541,37.08292323886643,2925.588584,3806.737009439479,881.1484254394791,23.147079066783846,2958.70239,4560.45950923579,1601.7571192357905,35.122713314128326,3306.325886,4571.186905634673,1264.861019634673,27.67029757797788,3350.608204,5551.509831184866,2200.901627184866,39.64510005587299,3832.161589,5576.2938291273895,1744.1322401273897,31.277624414571452
67,867.769037,1001.8910886926941,134.12205169269407,13.386889374143617,1735.892677,1926.356737297838,190.46406029783793,9.887268365723783,1736.539069,1937.5562409848656,201.01717198486563,10.374778689401449,2516.583827,2731.581908176564,214.99808117656403,7.870826810391475,3030.111405,3233.6740052570963,203.56260025709616,6.29508725759484,3053.670058,3262.4698298651733,208.79977186517317,6.400052192170069,3742.178212,3933.1033867411293,190.92517474112947,4.854313654320825,3754.411375,3939.3465994485296,184.93522444852942,4.694565958588629,4685.214023,4825.503823799935,140.2898007999347,2.9072570641848716,4732.968323,4836.812496562876,103.84417356287577,2.1469547069825277
68,1098.027231,1180.9794390322138,82.95220803221378,7.024017971065716,2134.05449,2293.8712069267362,159.81671692673626,6.96711813828703,2136.555223,2302.2961326930813,165.74090969308145,7.198939673290774,3030.234549,3263.849018283295,233.61446928329542,7.157637132558629,3598.810046,3877.432433149401,278.62238714940077,7.185744483059706,3634.731376,3912.3320030880777,277.60062708807754,7.095528366942327,4378.366685,4724.586172809162,346.2194878091623,7.32803837512198,4397.641344,4732.964060755516,335.322716755516,7.08483547415716,5366.752637,5813.190637924371,446.4380009243714,7.679741276879478,5441.930137,5833.891190182886,391.96105318288573,6.718689814483808
69,877.101525,931.2040379588807,54.10251295888065,5.809952572528435,1497.922261,1767.3538990444642,269.4316380444643,15.244917171944733,1730.540289,1773.239583612144,42.69929461214406,2.4079822606465995,2222.435239,2485.3621252906046,262.92688629060467,10.579017182852642,2292.614609,2930.4483291038537,637.8337201038535,21.765738497047867,2904.543998,2952.592597351221,48.04859935122067,1.6273359011441404,2910.290526,3553.590920128865,643.3003941288648,18.102826368813904,3167.834891,3553.6361151522724,385.8012241522724,10.85652024154254,3289.142146,4340.689749113744,1051.5476031137441,24.22535734852837,3706.908607,4345.3084178726385,638.3998108726387,14.691703084799313
70,707.841632,1071.1152406927476,363.27360869274764,33.91545511552979,1109.302908,2117.772548496622,1008.4696404966223,47.61935559191761,1617.25527,2122.72163113021,505.46636113020986,23.81218308220104,1805.459701,3047.8266713270377,1242.3669703270377,40.76238921375753,1915.960851,3651.8195475877096,1735.8586965877096,47.534076477967524,2490.744584,3679.166176558848,1188.4215925588478,32.30138394211885,2742.971053,4485.175832565925,1742.2047795659246,38.843622738625754,2857.978943,4490.580670056429,1632.601727056429,36.35613848210667,3094.095075,5584.9657892308605,2490.8707142308604,44.59956977773884,3327.93135,5598.883344942527,2270.9519949425276,40.560802128407964
71,826.087157,1106.269584258575,280.1824272585749,25.326776695786492,1604.875094,2116.964037808568,512.0889438085678,24.189780018118327,1661.474161,2131.506101487781,470.03194048778096,22.051634764718756,2337.429148,2993.095714386223,655.6665663862227,21.905967231010404,2798.198122,3533.039631289459,734.8415092894593,20.79913009697157,2852.424975,3569.9011605529968,717.4761855529969,20.097928577996147,3439.33129,4286.240901369638,846.9096113696378,19.758796363942444,3446.02218,4297.163508075459,851.1413280754587,19.807050080266865,4287.0586,5235.395731657839,948.3371316578387,18.113953180718557,4341.719116,5259.200011150328,917.4808951503273,17.44525580326141
72,857.52827,1161.544998706432,304.0167287064319,26.17347834522155,1588.334081,2216.0140924147036,627.6800114147036,28.324730134308183,1680.579894,2230.178959061163,549.599065061163,24.64372030899831,2278.628013,3125.164959560923,846.5369465609228,27.087752407151623,2533.917753,3683.060025760674,1149.1422727606737,31.200747876036523,2940.926264,3722.287727799491,781.361463799491,20.99143110200697,3125.827875,4461.354246958493,1335.5263719584927,29.935447804194915,3421.059693,4472.9416223905,1051.8819293904999,23.51655841258971,3589.49106,5436.099113304982,1846.6080533049821,33.96935955022168,4114.663015,5462.429985900921,1347.7669709009206,24.673395803326397
73,830.467869,1166.719566277737,336.251697277737,28.820267268723637,1579.46319,2244.3295524545524,664.8663624545525,29.624275175069947,1616.011147,2258.3614595610625,642.3503125610625,28.443202032234044,2236.658036,3180.7272394752135,944.0692034752137,29.680923021584686,2652.114892,3761.782620490085,1109.6677284900848,29.49845433507578,2741.946207,3801.504472722714,1059.5582657227142,27.872077313744082,3180.701903,4570.040481836522,1389.3385788365222,30.401012515280847,3280.917881,4582.64454470161,1301.7266637016105,28.405577849293344,3828.945109,5592.992222182306,1764.0471131823065,31.54031050116498,4101.556189,5622.811485635959,1521.255296635959,27.055064899866544
74,935.636178,1082.46184284691,146.82566484691006,13.564049930919852,1613.399406,2036.6643381272722,423.26493212727223,20.78226265386801,1899.653124,2048.5452648192077,148.89214081920773,7.268188962002167,2441.414205,2849.393810925995,407.97960592599475,14.318119326349265,2483.267585,3341.5343601130385,858.2667751130384,25.68481070725859,3202.078781,3373.916335245452,171.83755424545188,5.093118417026506,3301.659333,4030.8289941233857,729.1696611233856,18.08981879872489,3444.15894,4037.364917991006,593.2059779910064,14.692899701674374,3726.514394,4884.895772489714,1158.3813784897138,23.7135331528131,4085.382931,4896.852563090675,811.4696320906751,16.571249014254814
75,972.582523,1160.9015363717376,188.31901337173758,16.22179034755236,1603.166561,2193.5044510850053,590.3378900850053,26.913001694297805,2016.087128,2206.8996160013867,190.81248800138678,8.646178857338063,2401.557981,3075.20285065328,673.6448696532802,21.905705163813003,2505.949727,3609.7819756125614,1103.8322486125612,30.57891739916637,3190.383748,3647.815964841708,457.43221684170794,12.5398929455466,3272.166924,4358.141528945918,1085.9746049459181,24.918295969350435,3534.37219,4368.053366478413,833.6811764784134,19.085874336524853,3904.448515,5284.437596248381,1379.989081248381,26.11420905467947,3981.065686,5305.960766375746,1324.8950803757461,24.96993737254337
76,924.602192,1102.2380090650124,177.63581706501247,16.115921933747714,1612.299308,2045.5275719551728,433.2282639551727,21.179292320224306,1843.412414,2056.180149263907,212.76773526390707,10.347718576121645,2394.512524,2838.483225019689,443.97070101968893,15.641124707249569,2496.008262,3310.6595139906767,814.6512519906769,24.60691739962997,3157.277723,3342.5743537553976,185.29663075539747,5.543530558930301,3168.30604,3975.9690252681644,807.6629852681644,20.313613615581186,3472.940415,3980.934893558313,507.99447855831295,12.760682908437317,3592.237739,4786.97859758016,1194.7408585801595,24.958140802720667,4066.898803,4794.831893109498,727.9330901094982,15.181618591375182
77,997.146644,1139.4025506500147,142.2559066500147,12.485131490083072,1741.460745,2179.2494769900422,437.78873199004215,20.088968087981904,2009.893489,2193.855063480382,183.96157448038184,8.38531120595273,2608.672757,3079.174883342684,470.5021263426843,15.280136535535702,2701.149792,3633.1057308956492,931.9559388956491,25.65177035642999,3451.64086,3671.7048621692456,220.06400216924567,5.99351011124657,3480.684788,4405.697845022902,925.0130570229016,20.995835156237167,3764.962966,4417.385788639899,652.4228226398991,14.769432733670707,3954.57555,5377.128894284702,1422.5533442847022,26.455630360594856,4432.66172,5403.385918755728,970.7241987557281,17.965109532270144
78,962.343442,1104.5955959524201,142.25215395242014,12.878211218085244,1683.17805,2127.4001986479216,444.2221486479216,20.880986517264073,1961.499285,2142.669907087506,181.170622087506,8.455367832825358,2544.176539,3020.648170695782,476.471631695782,15.773820874545299,2615.442374,3575.134854967805,959.6924809678048,26.84353233932618,3366.217087,3613.122038158052,246.90495115805197,6.833562457910296,3437.790368,4348.129745873454,910.3393778734544,20.93634346439184,3651.287779,4360.486742694608,709.1989636946087,16.264215569116757,3900.817885,5329.461360138621,1428.643475138621,26.806526562404077,4324.641049,5357.399381599454,1032.7583325994538,19.27723245996126
79,980.614946,1027.8573780187248,47.2424320187248,4.596204982230927,1699.529873,1920.1918308494608,220.6619578494608,11.491662150851024,1950.424068,1929.3401016624862,-21.083966337513857,-1.092807137494633,2526.168613,2675.218429117046,149.04981611704625,5.571500797646644,2626.280021,3131.0479503603333,504.76792936033326,16.121373334517045,3311.633933,3158.6199734130273,-153.01395958697276,-4.84432951336132,3335.275535,3770.628187147814,435.35265214781384,11.545891839235525,3652.415269,3773.67147565756,121.25620665756014,3.213215761884288,3766.83316,4561.89309986325,795.0599398632503,17.42828958195192,4276.001382,4564.853561902463,288.8521799024629,6.327742521976541
80,1043.888343,1205.9969505942745,162.10860759427442,13.441875413896593,1806.289786,2205.0510350011346,398.7612490011345,18.083991829283413,2040.185967,2213.132877464309,172.94691046430898,7.814574182389918,2645.42077,3031.235607795348,385.814837795348,12.72797260639055,2778.453543,3511.7995983657197,733.3460553657196,20.882343505791038,3424.725698,3547.5352309736645,122.80953297366432,3.4618270144693595,3490.532273,4198.249090948812,707.7168179488126,16.85742800432233,3845.283848,4202.96207547919,357.67822747919035,8.510146440910022,3900.554538,5012.649381077491,1112.094843077491,22.185769610689217,4467.797332,5021.814676203083,554.0173442030828,11.032214048606964
81,748.05246,1144.7549959369883,396.7025359369883,34.653924843742224,1264.360547,2238.275389120459,973.9148421204588,43.51184161048044,1628.182454,2247.7918517380544,619.6093977380544,27.56524796808723,2030.379125,3200.864387583076,1170.4852625830763,36.56778672422582,2121.5391,3814.4530767464485,1692.9139767464485,44.38156513358989,2766.656836,3848.7699663921453,1082.1131303921452,28.11581725697478,2817.367486,4662.118086048175,1844.7506000481753,39.56893768025233,3145.355293,4671.973726634704,1526.6184336347037,32.67609201078173,3258.942271,5761.452613455235,2502.5103424552353,43.43540614411892,3767.022255,5786.255082295882,2019.232827295882,34.89705860832334
82,1020.085737,1098.3883907020236,78.30265370202358,7.128867563137412,1861.529671,2077.7327914860684,216.20312048606843,10.405723073342472,2004.081846,2090.7008372696687,86.61899126966864,4.143060055535631,2699.467983,2916.2896106608814,216.8216276608814,7.4348455265986395,2979.028988,3426.5902129883575,447.5612249883575,13.06141666114302,3403.40928,3460.9447922945715,57.53551229457162,1.6624221346341141,3696.529135,4140.273801332077,443.7446663320766,10.717761375813062,3970.714932,4148.496549729789,177.7816177297891,4.28544692272599,4247.960535,5028.597294649919,780.6367596499185,15.52394661788611,4828.057624,5044.905628963715,216.84800496371463,4.298356023128581
83,978.50887,1194.7950190274614,216.28614902746142,18.102364471147016,1733.97037,2278.5693054893513,544.5989354893513,23.900915990457086,1965.668315,2290.9807715546967,325.31245655469684,14.199702616182785,2574.942712,3209.65692928142,634.7142172814201,19.775142056179828,2706.53777,3781.576109273568,1075.038339273568,28.428314232186125,3432.136241,3820.753407224321,388.61716622432095,10.171218207632021,3433.740621,4578.304680064359,1144.5640590643588,24.999735470822124,3783.827467,4588.966107351671,805.1386403516708,17.545098863593978,3915.993359,5574.881275374623,1658.8879163746233,29.756470755749838,4433.175565,5599.641478729286,1166.4659137292865,20.831082099813113
84,1128.468564,1201.8805854371205,73.41202143712053,6.108096122579497,2033.439498,2277.0736649171217,243.63416691712177,10.699441597818895,2191.347052,2288.9815231571683,97.63447115716826,4.2654110646774495,2930.019958,3194.4746060942302,264.4546480942304,8.27850212331378,3218.699254,3753.109098857625,534.4098448576251,14.239123638060223,3675.20382,3792.0407798344186,116.8369598344184,3.0811103207471344,3979.209735,4533.536736099505,554.3270010995052,12.227252879314452,4269.968214,4543.252419390048,273.28420539004765,6.015166672749768,4551.335656,5501.151490004619,949.8158340046184,17.265764008324393,5163.970458,5523.218336839543,359.24787883954286,6.504321519274018
85,1012.666781,1049.931729076118,37.264948076118,3.5492734474182526,1825.631692,1990.7183230626506,165.08663106265067,8.292817178106377,1944.468653,2002.398288677295,57.92963567729521,2.893012644130915,2608.039938,2798.272331200685,190.23239320068524,6.798208704692447,2893.323648,3292.616279633293,399.2926316332928,12.12691056966295,3219.551055,3323.584211363636,104.03315636363595,3.130149553844225,3551.905255,3983.098513586477,431.193258586477,10.825573535669854,3755.479161,3989.5023306394623,234.02316963946214,5.8659740048817435,4095.852629,4848.130541940663,752.2779129406626,15.5168658606196,4560.837427,4859.678472516057,298.8410455160565,6.14939953756517
86,891.262229,1117.5305726186555,226.26834361865542,20.247172575194227,1742.038046,2150.353143372741,408.3150973727413,18.98828100078091,1745.461753,2165.6254355893666,420.16368258936654,19.401493706367585,2479.771003,3051.070202765825,571.299199765825,18.72455111809413,2928.689696,3609.4888858426966,680.7991898426967,18.86137376715464,3029.364483,3648.0807052645564,618.7162222645566,16.960047549707035,3573.424353,4387.901571760338,814.477218760338,18.561884432462012,3657.602299,4400.473975517443,742.8716765174431,16.88162867569488,4336.460575,5374.522683741459,1038.0621087414593,19.31449860434518,4633.560585,5403.143341055334,769.5827560553334,14.243241525867417
87,911.292701,987.8845442247675,76.59184322476756,7.753116866999092,1805.292968,1927.8501010155076,122.55713301550759,6.3571920322513575,1828.231355,1940.014357964321,111.78300296432121,5.7619678176823586,2625.420195,2760.90073988064,135.48054488063963,4.907113932915124,3123.063884,3288.803793541172,165.73990954117198,5.039519531893811,3215.346136,3318.5698376404516,103.22370164045151,3.110487550078047,3863.081743,4024.121420360545,161.03967736054483,4.001859301405382,3928.167246,4032.6199099695295,104.45266396952957,2.5901936284969342,4772.405525,4977.426281191081,205.0207561910811,4.119011404866459,4993.668118,4995.200917035487,1.5327990354871872,0.030685433097591218
88,1032.968957,1184.6209723931458,151.6520153931458,12.80173312201131,1953.703334,2214.192028961534,260.48869496153407,11.764503329176215,1977.248172,2225.967336258244,248.71916425824384,11.17353162406822,2751.678018,3083.099698607697,331.421680607697,10.749625798911543,3208.529761,3602.772195720315,394.24243472031503,10.942752228093422,3296.793547,3640.3223963565906,343.5288493565904,9.436769932806241,3885.352132,4334.046411444295,448.6942794442948,10.352779754722796,3941.740028,4342.258746348842,400.5187183488415,9.223741415354738,4668.850169,5226.2075313180285,557.3573623180282,10.664661879155513,4846.287904,5243.581335303929,397.29343130392954,7.576757294275889
89,1036.445156,1200.5338939604435,164.0887379604435,13.667980453190776,1872.421867,2304.956503220929,432.53463622092886,18.76541425473792,2053.461477,2315.972936319681,262.5114593196813,11.334824133862245,2735.311453,3258.2870399985864,522.9755869985866,16.050629689114604,2960.984772,3850.167588627958,889.1828166279583,23.09465227576825,3544.217503,3888.390995340448,344.1734923404483,8.851308748345515,3702.590419,4671.580599811666,968.9901808116656,20.742234027830545,4089.330116,4681.67541088776,592.3452948877602,12.652421257360025,4181.098947,5708.691206853637,1527.5922598536363,26.759062708097915,4834.164087,5732.837431625331,898.6733446253311,15.675890958773376
90,1058.88786,1138.3432921448039,79.45543214480381,6.979918333343736,1987.364658,2193.8386050953127,206.47394709531272,9.41153768630771,2068.194747,2208.954955234801,140.7602082348012,6.3722534450612685,2849.546827,3114.9539361565517,265.40710915655154,8.520418426605351,3250.827044,3687.1964519097046,436.3694079097045,11.834720867224101,3510.276583,3726.7774762259596,216.50089322595977,5.8093324489340405,3990.259783,4484.206240479559,493.94645747955883,11.015248429490928,4161.660858,4497.379170870807,335.7183128708066,7.46475447401076,4713.848418,5495.657512928269,781.8090949282696,14.225942811921986,5157.84932,5526.405219351389,368.5558993513887,6.668998828765664
91,905.846636,1043.2967077927276,137.4500717927276,13.17459077231507,1409.730085,1907.6540738586918,497.9239888586919,26.101377376639373,1865.392225,1915.3305196504255,49.938294650425405,2.6072938397880194,2044.895944,2626.0183936870767,581.1224496870766,22.129412767408237,2241.900911,3049.032571473669,807.131660473669,26.471729689773802,2729.791379,3075.886562612917,346.095183612917,11.251883857476026,2766.877979,3648.150374887214,881.2723958872143,24.156690523330184,3174.608675,3649.6066203795153,474.9979453795154,13.0150450387478,3371.526349,4371.789754209748,1000.2634052097478,22.879952180833023,3432.488005,4372.5877054938255,940.0997004938254,21.49984777464066
92,1092.920786,1125.2786223711043,32.35783637110444,2.875539953200425,2039.613966,2137.3885082858183,97.77454228581837,4.574486196907336,2085.383565,2151.2677414182244,65.88417641822434,3.062574460154837,2874.387982,3007.2777743663123,132.88979236631212,4.418939730112373,3317.248342,3538.5180477162166,221.26970571621678,6.2531744287421605,3453.049561,3575.2746400882256,122.22507908822581,3.418620704484109,4020.52642,4280.803956238136,260.27753623813624,6.08010875758164,4105.111501,4290.724767454717,185.61326645471672,4.325918732019336,4789.392759,5207.280030407922,417.8872714079216,8.025058552020788,5043.470211,5228.380573086504,184.9103620865044,3.5366660766499067
93,1181.585825,1234.6167636367,53.03093863669983,4.295336026419352,2135.098794,2293.5767875122506,158.47799351225058,6.909644114603427,2282.10057,2301.5436613962484,19.443091396248292,0.8447848164849934,3060.713673,3177.9382834849257,117.2246104849255,3.6887000321597516,3383.88019,3703.0623140275766,319.1821240275767,8.619410016906343,3812.307822,3740.6319668992783,-71.67585510072195,-1.916142933466299,4166.651368,4445.417313721167,278.76594572116755,6.270861114899881,4439.862569,4450.981647035364,11.11907803536451,0.24981181494582255,4788.216099,5341.436045857916,553.2199468579156,10.357138831361972,5382.968741,5353.303169160651,-29.66557183934856,-0.5541545266901043
94,893.880569,1165.2638430041711,271.3832740041711,23.28942716565519,1721.643517,2192.074901971099,470.43138497109885,21.46055249061472,1734.678978,2204.9650912695415,470.2861132695416,21.328506067130856,2440.876205,3064.8830517267165,624.0068467267165,20.359890938584392,2859.419136,3591.1852973269242,731.7661613269242,20.37673082120295,2963.354157,3628.829133999157,665.4749769991568,18.33855914471699,3480.082803,4329.335766170002,849.2529631700022,19.616241590827315,3559.111054,4338.537115560052,779.4260615600524,17.965181368730505,4192.201539,5237.963388754377,1045.7618497543772,19.965046949346213,4467.6295,5257.613598124621,789.9840981246207,15.025525999217711
95,1052.505156,1159.8732303125191,107.36807431251918,9.256880106077599,1999.137533,2233.6325114115825,234.49497841158245,10.498368787772941,2059.84982,2248.043679971045,188.19385997104519,8.371450325799236,2862.41674,3168.402838376909,305.986098376909,9.65742407091321,3295.490246,3749.0526009963028,453.56235499630293,12.098052582024849,3523.473432,3788.9114531650184,265.43802116501865,7.00565385193387,4039.968651,4556.913660639184,516.9450096391838,11.34419144484457,4197.361394,4569.874954116579,372.51356011657936,8.15150444720629,4805.512298,5580.87064575446,775.3583477544607,13.893143148628603,5231.835336,5611.554769750241,379.71943375024057,6.76674200521331
96,961.843717,1037.4772391399085,75.63352213990856,7.290137969928903,1791.107151,1984.9762595719928,193.8691085719929,9.7668225318622,1859.227621,1997.1828799992077,137.95525899920767,6.907492567694272,2551.825022,2806.060629895789,254.23560789578914,9.06023216986694,2913.162936,3314.107918864171,400.9449828641709,12.098126937326318,3112.402839,3345.2600205817535,232.8571815817536,6.960809627625264,3559.066459,4022.2405885413464,463.17412954134625,11.515326329828394,3686.000261,4029.6258359059993,343.6255749059992,8.527480934932518,4206.342122,4918.793187946962,712.4510659469615,14.48426552457533,4561.145217,4932.952402381281,371.80718538128076,7.537214127624635
97,803.854534,949.8015111364892,145.9469771364893,15.366050214202733,1384.375035,1772.1483733669709,387.77333836697085,21.881539051395894,1675.946476,1777.7730107339137,101.8265347339136,5.72775793754889,2131.351736,2467.7670230448653,336.4152870448652,13.632376310377051,2143.368498,2890.833777599401,747.4652795994011,25.856390823692028,2801.617611,2913.3721194838877,111.75450848388755,3.8359160416378666,2958.074686,3485.277924048671,527.2032380486712,15.12657669022406,3001.17842,3485.820555167271,484.6421351672707,13.903243942056983,3369.926989,4223.029360974441,853.1023719744412,20.201194428295246,3568.021328,4228.913815368272,660.8924873682718,15.627948835621245
98,746.055414,1087.7158839490705,341.6604699490705,31.410819221342535,1306.432465,1979.00759575343,672.5751307534299,33.98547495202378,1500.537849,1987.6790608822741,487.1412118822741,24.508041638575495,1945.829049,2716.996478109539,771.1674291095392,28.383085341579473,2015.725171,3147.006114249724,1131.2809432497238,35.9478470069459,2568.310785,3176.4144346781836,608.1036496781835,19.144342219304676,2644.950494,3758.685453967346,1113.7349599673457,29.63097001883418,2792.324616,3761.5856529057464,969.2610369057466,25.76735255668079,2991.448321,4489.986666687069,1498.5383456870695,33.37511794423131,3287.251032,4493.101516607646,1205.8504846076457,26.83781971430015
99,791.158264,1144.7645285244944,353.60626452449435,30.888995571889637,1521.777211,2141.572993491547,619.795782491547,28.94114673537479,1541.844294,2154.011327033022,612.1670330330221,28.419861369820794,2157.041944,2985.190227502534,828.148283502534,27.741893158861718,2549.061212,3490.751406510223,941.6901945102231,26.97671890223917,2644.157235,3526.6990065213313,882.5417715213312,25.02458445955822,3078.662124,4201.424198346148,1122.762074346148,26.723368585064865,3172.938668,4209.395825601062,1036.4571576010621,24.62246841452754,3707.151329,5071.7956793714575,1364.6443503714577,26.906532452044218,3981.591954,5087.892995132135,1106.3010411321352,21.743795362649994
100,966.747344,1045.1241618453957,78.37681784539575,7.499282927973294,1902.138596,2032.497039339387,130.3584433393869,6.413708891883882,1904.439103,2047.2147431878907,142.77564018789076,6.9741408742281115,2725.091413,2905.2115311775615,180.12011817756138,6.199896848975874,3256.654447,3454.0220218188206,197.36757481882069,5.714137708794652,3281.897605,3489.107387796391,207.20978279639075,5.938761974513426,3988.798058,4219.14743299291,230.34937499290982,5.459619002446386,3993.844552,4230.89141438874,237.04686238873956,5.602764031772889,4945.805303,5204.0603413614135,258.2550383614134,4.962568099159518,4961.921033,5230.44714112294,268.52610812294006,5.13390348621876
