run,alpha,beta,theta_c,eta1,eta2,lc,tc,h_face,hc,f1,f2,f3,f4,f5,f6,f7,f8,f9,f10,solve_time_s,total_time_s
1,0.81137,0.135367,39.786353,1.7286,0.037873,0.003,0.000113619,0.0009431500000000001,0.0081137,1200.2217803445976,2211.7322009708046,2221.243093554135,3053.981088642328,3548.7498074394575,3585.1736706676884,4251.312406958543,4257.2829135685415,5093.063491031928,5105.056976889191,104.33008790016174,179.87758207321167
2,0.79988,0.61378,66.751658,1.307618,0.048697,0.003,0.000146091,0.0010006000000000001,0.0079988,1207.4984723752505,2251.6018556108256,2262.116179641929,3129.2541531409797,3652.6128781862103,3690.397539435606,4390.266275828183,4397.731406850601,5286.30620331755,5302.279799804206,116.34027767181396,189.96134543418884
3,0.698359,0.492612,74.001909,1.688187,0.1009,0.003,0.00030270000000000004,0.0015082050000000003,0.00698359,1175.350241580459,2243.3896609563044,2257.0266854522997,3163.6279013043277,3728.9200782037587,3768.3388994760917,4516.965064403811,4528.436898982216,5504.12775203459,5530.51941437885,105.01942276954651,174.33539581298828
4,0.553112,0.708338,62.720892,1.6343,0.146844,0.003,0.000440532,0.0022344399999999994,0.0055311200000000005,1125.2037713362215,2168.360618689321,2183.7350822489525,3079.3630624563834,3645.124145150855,3684.335075474,4433.539395948816,4446.615567424432,5434.308022560549,5464.527252852945,85.55595088005066,154.30271863937378
5,0.424633,0.899685,40.409136,0.811593,0.04956,0.003,0.00014868,0.0028768350000000003,0.0042463299999999995,1013.0106445752782,1868.085701158857,1875.3558933898405,2583.651472683659,3010.3826444769315,3035.996171533401,3612.282491748004,3613.341511996885,4347.084545925059,4349.163086167189,89.77799153327942,157.7113754749298
6,0.580827,0.101205,45.593706,1.773432,0.099412,0.003,0.000298236,0.002095865,0.00580827,1132.70346024028,2149.5314286774674,2163.348459363374,3022.448129011718,3554.8554312467036,3591.8923020951,4298.982428313435,4308.921366700223,5226.367631316447,5247.577241894434,93.32361268997192,163.92533040046692
7,0.862227,0.222557,42.870996,2.658639,0.113017,0.003,0.00033905100000000004,0.0006888650000000005,0.00862227,1147.7250282925515,2245.355526509828,2252.993759446532,3209.808170921019,3826.293120699574,3858.958479546551,4676.541304516675,4684.489167290723,5781.008233099264,5800.974276404744,110.42405700683594,179.2891342639923
8,0.63292,0.755745,17.627864,1.512007,0.05462,0.003,0.00016386000000000002,0.0018353999999999998,0.0063292,1119.213703623341,2064.13484902925,2074.7631491482816,2854.4227566907102,3320.828402940372,3353.539343049762,3980.541879080941,3985.8156329331287,4777.664349462474,4786.686944550051,107.21661281585693,175.09930562973022
9,0.853807,0.53967,72.831038,1.222142,0.10961,0.003,0.00032883,0.0007309650000000003,0.00853807,1159.4592651574944,2262.736808656768,2270.994287646842,3229.844891070827,3845.6216470595177,3879.3678710233535,4695.329332097778,4703.775875184315,5794.854050453767,5816.01773211361,112.81455707550049,181.9202597141266
10,0.87671,0.977648,52.879878,1.936583,0.136587,0.003,0.00040976099999999997,0.0006164500000000004,0.0087671,1096.2430115368904,2161.158114735191,2167.2036278649857,3104.8406167307644,3714.8991684912326,3744.058312948938,4556.3820382394515,4562.91893150269,5662.05903108001,5678.783395410252,106.87991309165955,174.5373775959015
11,0.793435,0.427127,41.224817,0.908318,0.068899,0.003,0.00020669700000000002,0.0010328250000000002,0.00793435,1209.047365444585,2292.2140824741555,2303.563274249135,3216.1748100850427,3779.570936021843,3818.3929871332607,4566.159835021499,4575.541440598375,5542.094366719104,5563.566795888936,108.04172253608704,177.03738641738892
12,0.647938,0.779449,73.266693,1.798612,0.04516,0.003,0.00013548,0.0017603100000000004,0.00647938,1106.8561315775883,2020.7411075127466,2030.1089127247467,2779.1569697285363,3221.986667323101,3252.892619507346,3851.39881868908,3855.1904203387767,4604.778496333925,4610.1559579728555,109.59614205360413,176.87454986572266
13,0.684873,0.669216,11.702797,2.519693,0.079781,0.003,0.00023934300000000002,0.001575635,0.00684873,1169.4218867460272,2205.9490518636976,2219.021883770303,3089.1359883395817,3623.499403791011,3661.6283624810926,4372.040745757194,4381.714557951702,5296.292509305094,5317.30728089384,106.39559388160706,173.43720483779907
14,0.833058,0.100436,67.373235,2.06173,0.086237,0.003,0.000258711,0.0008347099999999994,0.00833058,1199.0536705987397,2311.56871729095,2321.440931299948,3274.6392470534797,3876.696693189443,3913.784408974537,4710.315869678522,4719.661188447138,5769.358644915199,5791.992085157115,105.62273645401001,170.98080396652222
15,0.364267,0.593166,53.637637,1.343469,0.082191,0.003,0.000246573,0.003178665,0.00364267,1038.5640819557293,1969.4865524754896,1980.6798370807487,2768.614692172254,3258.356342414854,3288.374664676523,3942.2965826647783,3948.091853782961,4800.215332031089,4810.149239774052,84.3916404247284,149.89472246170044
16,0.191981,0.17804,51.602008,1.610222,0.133647,0.003,0.000400941,0.0040400950000000005,0.00191981,1009.4066524062382,1977.8712187963122,1991.9721692462997,2841.7753548908495,3390.2694583886555,3423.5148062557573,4155.795366894984,4167.197338091511,5150.891743379506,5176.767039387526,86.66859078407288,154.9837577342987
17,0.203992,0.794572,72.010148,1.415714,0.097861,0.003,0.00029358300000000004,0.00398004,0.00203992,1001.9474483203379,1944.6248048966904,1956.9555235939165,2774.827658454195,3297.4601336297164,3327.73064953057,4025.263921773836,4033.498199604924,4962.697895249871,4979.51015019361,81.54609870910645,148.53548622131348
18,0.899568,0.123761,5.501764,1.860094,0.075112,0.003,0.000225336,0.0005021599999999999,0.00899568,1175.3051698803083,2289.888192819777,2296.0511364260815,3262.1138767270395,3880.940738246024,3913.772276732731,4733.870319809915,4740.055677527489,5835.476257642961,5850.8697078481455,108.59774351119995,184.106018781662
19,0.546595,0.565162,28.612125,1.598564,0.064069,0.003,0.000192207,0.0022670249999999998,0.005465950000000001,1091.2105434699715,2027.7572737560215,2038.4766479997097,2816.2637657015575,3286.6913066772495,3318.27413359816,3949.063402045794,3954.209278320454,4758.440073977315,4766.518697879251,83.08019924163818,147.77009868621826
20,0.82244,0.157232,38.178131,2.994107,0.12151,0.003,0.00036453,0.0008878000000000007,0.0082244,1162.4280660645913,2264.564960940262,2274.282138748621,3230.429619123254,3843.045732668973,3878.3138555455303,4689.499115600921,4699.361546259527,5781.451281984673,5806.024492733491,104.07406210899353,169.64821004867554
21,0.562297,0.231153,33.317335,2.763888,0.029533,0.003,8.8599e-05,0.0021885150000000003,0.005622970000000001,996.110825455716,1774.5225106141781,1778.2015606957184,2409.874650390611,2776.037093961138,2798.7028225003687,3298.1824599113584,3300.515722773626,3913.9067516140963,3923.7812039891214,84.66356539726257,148.6666877269745
22,0.616853,0.12147,49.024855,2.167709,0.13168,0.003,0.00039504,0.0019157350000000002,0.00616853,1146.7790490226357,2204.4712981733683,2219.4542621903406,3124.6329908008606,3694.495858465853,3734.2362540615322,4488.363406250447,4501.297283749182,5492.434607613119,5522.527721672597,106.51148533821106,176.13575863838196
23,0.38156,0.128879,69.428308,1.678198,0.129473,0.003,0.00038841900000000004,0.0030922000000000002,0.0038156,1066.296518904144,2054.6618609191805,2069.006134165083,2918.5397340893546,3455.970191113914,3491.046700987606,4204.994763136917,4215.6644630714645,5158.435458246004,5181.576770731585,84.2938380241394,151.45238256454468
24,0.405893,0.244815,32.066809,1.816908,0.041615,0.003,0.000124845,0.0029705350000000003,0.0040589300000000005,985.1973649912316,1803.9466415727609,1809.6402451697522,2485.631240677636,2890.603739531824,2914.092340190896,3462.8814690170693,3463.43665734504,4157.253281476606,4163.117256257629,85.08195972442627,151.05463337898254
25,0.796682,0.553705,51.371198,0.784176,0.089128,0.003,0.000267384,0.0010165900000000004,0.00796682,1199.1333104101577,2300.7880017239786,2312.1299377718906,3251.5252044856425,3841.076611406311,3879.539537852763,4659.655789291152,4669.990787201832,5692.2046139399945,5716.852584686406,104.99788784980774,171.7291920185089
26,0.731969,0.41359,64.889294,1.671225,0.076967,0.003,0.000230901,0.0013401549999999998,0.00731969,1187.8113169719813,2245.725189031309,2258.350068352344,3147.881072691705,3695.418347003739,3734.1972722469814,4461.434150011841,4471.3124570281,5409.101249022615,5431.1275275999305,106.9038724899292,172.88886141777039
27,0.446793,0.265828,71.709939,1.720312,0.103212,0.003,0.000309636,0.0027660349999999996,0.00446793,1081.4704731387853,2059.790223191431,2073.109226962725,2903.5988591238233,3421.5711426866856,3455.6964309324217,4144.548063407751,4153.306302167272,5052.389135684523,5070.151629127076,91.48600435256958,157.20561909675598
28,0.711935,0.905781,47.740134,2.599431,0.039444,0.003,0.000118332,0.0014403250000000003,0.00711935,1131.4985218404324,2058.389525085264,2067.62391299168,2825.184479539499,3270.140170607864,3302.151529217533,3904.8279481154063,3908.8929682923635,4659.440783668751,4665.797181243638,109.94645261764526,178.76583051681519
29,0.786619,0.629933,24.944884,1.840159,0.053657,0.003,0.00016097100000000001,0.0010669050000000002,0.00786619,1204.1020951842781,2251.595137825427,2262.57992168475,3134.5931190895003,3663.02466056149,3701.0402184127515,4406.5644730549875,4414.530317239385,5313.07249696204,5330.295872814007,111.81103157997131,181.0035903453827
30,0.606832,0.319559,54.847171,1.477258,0.094608,0.003,0.000283824,0.00196584,0.00606832,1142.079141709935,2164.3077772261113,2178.160858905055,3040.4873711255864,3573.7713283608127,3611.3614298030784,4319.547595951811,4329.70307648441,5246.865382124123,5268.800159246025,116.09417200088501,187.29563808441162
31,0.881491,0.816528,65.323128,1.785667,0.058762,0.003,0.000176286,0.0005925450000000003,0.00881491,1220.3368272759778,2343.418074508834,2351.1977094432505,3308.7651728602514,3909.9887184366276,3946.4476656724123,4742.703088455792,4749.8445343461935,5794.804950544352,5811.867049216344,111.10733795166016,180.61585545539856
32,0.610693,0.241077,33.825397,1.234698,0.024863,0.003,7.4589e-05,0.0019465349999999992,0.006106930000000001,990.0291617469433,1744.745232854068,1748.5750155675198,2357.820002835833,2707.268757283363,2729.033337412018,3207.7161626245083,3209.207838969945,3792.885516328898,3799.938956687353,111.55515503883362,177.64736652374268
33,0.455625,0.387857,73.778726,1.767776,0.057104,0.003,0.00017131200000000002,0.002721875,0.00455625,1040.3903712750814,1928.0718079711205,1936.8967680341023,2673.8934090531225,3119.6514526757874,3147.4464876074503,3747.299046445735,3749.926956370871,4516.490447574037,4518.5119415939835,83.95552015304565,147.9352035522461
34,0.72703,0.109914,67.579848,1.889159,0.08413,0.003,0.00025239,0.0013648500000000001,0.0072702999999999995,1186.2459654732575,2251.132120512617,2264.0296502550486,3162.591755825558,3718.461443674423,3757.521345584013,4494.849618383497,4505.280623303628,5459.95061900901,5483.547110030273,105.28216123580933,170.80988359451294
35,0.638555,0.212416,22.177736,2.201921,0.083936,0.003,0.000251808,0.001807225,0.00638555,1151.28644926514,2171.672232141974,2185.0024948141127,3041.893034611911,3568.50280038877,3605.8953759881642,4306.203161038174,4315.695414441956,5217.985063286124,5238.214117199833,105.24886631965637,170.14682698249817
36,0.723217,0.254472,23.726122,1.700369,0.064662,0.003,0.000193986,0.0013839150000000003,0.0072321700000000004,1179.5982109179606,2208.8146495265873,2220.923704176609,3079.154043079398,3600.8887179347753,3638.489424530462,4334.324431408691,4342.831793414848,5231.37004425204,5249.4221968019365,105.07146620750427,169.99164056777954
37,0.43217,0.159481,74.805175,1.924547,0.0657,0.003,0.0001971,0.00283915,0.0043217,1045.0555308878734,1952.6905520115802,1962.486308784928,2720.7314658098876,3183.7456745900636,3212.5413947176335,3833.4362575232235,3837.2905342870454,4635.818841184197,4640.666027705398,83.93725943565369,147.60535502433777
38,0.887155,0.433703,71.113896,1.776305,0.070373,0.003,0.000211119,0.0005642249999999999,0.00887155,1197.1701087898018,2318.9735042344605,2326.135772248854,3291.8747269717833,3905.6494397995234,3940.34601011475,4752.957632339622,4759.9137892153,5837.592636195089,5854.649071393547,106.3057267665863,171.78561782836914
39,0.773513,0.189613,50.242859,1.533333,0.072494,0.003,0.00021748200000000002,0.0011324349999999998,0.007735130000000001,1202.4295068718998,2278.272545347716,2290.1435290479612,3196.229995291371,3755.271648130744,3794.2000159504046,4536.23037992949,4545.926059812324,5504.568088283414,5526.617490358433,105.92766499519348,170.86712169647217
40,0.782931,0.260713,50.381603,1.629208,0.059664,0.003,0.000178992,0.0010853449999999995,0.00782931,1205.1173433527686,2264.6714945025105,2275.9749022836886,3161.699579535657,3702.062627840891,3740.479651578415,4460.180889599661,4468.769035536521,5390.234044056797,5409.143039664982,119.91810536384583,209.79471468925476
41,0.415623,0.191183,63.417926,1.05498,0.116711,0.003,0.000350133,0.0029218850000000004,0.00415623,1074.9375248641124,2060.007559179747,2073.9279139316964,2915.530117546611,3444.3900099641205,3479.12910111076,4181.829410530268,4191.666764901825,5114.432963125031,5135.169226386592,84.14559960365295,153.31039690971375
42,0.353936,0.872573,66.374933,2.43,0.051164,0.003,0.000153492,0.0032303200000000005,0.0035393599999999996,993.9827763955424,1847.8743924324951,1855.162010680208,2567.4395974743557,3001.195270789695,3026.116177807945,3611.024972232783,3612.0773409358835,4363.34431842096,4365.298880518703,83.54845333099365,150.81660866737366
43,0.713818,0.284162,49.636303,1.865457,0.11717,0.003,0.00035151,0.0014309100000000003,0.00713818,1173.87116476541,2257.114920459056,2270.6530516901353,3197.2019876496406,3780.53393665526,3820.0499766746134,4591.579615412526,4603.808364797304,5617.48855938424,5646.484906031554,106.2576539516449,173.57380151748657
44,0.82701,0.109266,46.763114,2.811335,0.095259,0.003,0.00028577699999999997,0.0008649499999999999,0.0082701,1190.540222630352,2301.400665297876,2311.4146835953607,3266.197742073451,3871.536903071149,3908.3531956472452,4709.141722360594,4718.809740127479,5777.4479142533155,5801.023534521777,100.90707468986511,167.17111372947693
45,0.766142,0.100068,39.213695,1.4527,0.034239,0.003,0.000102717,0.0011692899999999995,0.00766142,1154.732199909726,2096.990308093148,2105.903234682566,2874.877991148925,3324.5937523692983,3357.642521727735,3967.827050504637,3972.0549165979123,4729.106869153212,4736.215480914843,105.05908036231995,172.2956326007843
46,0.465286,0.447894,68.92039,1.580596,0.067449,0.003,0.000202347,0.00267357,0.00465286,1060.3822511493204,1980.2151318771314,1990.4949126739857,2758.1578095313303,3226.156865613616,3256.0074669243436,3883.2038877363134,3887.6565674818976,4692.772335561092,4699.201886417394,84.15653157234192,150.6890790462494
47,0.28687,0.94537,7.625579,1.521701,0.113811,0.003,0.000341433,0.00356565,0.0028687,1030.9503093186056,1991.710295676619,2005.0824320605022,2833.885997929794,3360.2929491718987,3392.7765152652746,4093.7460308451623,4103.032151911806,5031.96354730863,5051.414228597072,84.2427225112915,151.94735765457153
48,0.836863,0.1476,30.20111,2.901144,0.074516,0.003,0.000223548,0.0008156849999999997,0.00836863,1210.7528634256234,2322.0918112543327,2331.955465755161,3278.7668553838594,3872.4683358661614,3910.140462722217,4696.096158241762,4705.095833219237,5734.558748991127,5756.045454051008,105.31847810745239,173.53141713142395
49,0.671997,0.379317,19.510611,1.75011,0.055879,0.003,0.000167637,0.0016400149999999999,0.00671997,1142.9217620238064,2114.5380298455398,2125.716101536916,2928.827305000923,3410.4464596906028,3444.9255796727657,4091.1946704727297,4097.491810965299,4914.653483066012,4926.470429493304,105.4056887626648,174.03637194633484
50,0.841602,0.603197,56.914786,0.988167,0.125665,0.003,0.000376995,0.00079199,0.00841602,1146.5226538200668,2242.301370373601,2250.888360051233,3205.9795314297003,3821.081969003318,3854.5697934811687,4670.132396386311,4679.042426213948,5772.070063937517,5794.5158717630175,105.59246778488159,174.3425600528717
51,0.459368,0.731495,62.094431,2.2541,0.098764,0.003,0.00029629200000000003,0.0027031599999999996,0.00459368,1084.1876293444773,2060.193585086963,2073.3399320788394,2899.946345767228,3413.992639252453,3447.986823125181,4131.931252217895,4140.3883350849665,5030.940836464792,5047.918247967017,84.09370589256287,148.73762226104736
52,0.315712,0.324036,69.913004,1.450879,0.052292,0.003,0.000156876,0.0034214400000000004,0.00315712,986.0615364549394,1843.18110601773,1850.5540157821265,2568.8766120816317,3009.224546366137,3034.007963027402,3627.1658606808483,3628.3849731165296,4394.5377647627565,4396.1552721676735,83.80636525154114,150.3747193813324
53,0.230239,0.471604,37.266522,1.757435,0.12651,0.003,0.00037953000000000005,0.0038488050000000003,0.00230239,1018.1546233636606,1984.0534024122333,1997.900702836325,2839.6408859009093,3379.6083976180084,3412.544195080419,4132.3755394965365,4142.917278218977,5104.822506006257,5128.028169151054,84.82393264770508,150.82926750183105
54,0.744959,0.658509,60.395441,1.158704,0.024141,0.003,7.2423e-05,0.0012752049999999993,0.007449590000000001,1083.4693427332886,1919.9018273332301,1926.0790703782554,2600.9168207185003,2986.3019217271612,3013.29638985533,3542.6464129884193,3543.725895889031,4189.876153313403,4190.507769472865,104.62192010879517,172.93975973129272
55,0.34532,0.375689,14.899573,2.921709,0.067891,0.003,0.00020367300000000003,0.0032734000000000005,0.0034532,1018.0636678486093,1918.4261448394536,1928.036450224422,2686.395282698025,3154.723928644493,3182.43456342152,3809.9283801952165,3813.7063111766115,4628.319818502661,4633.086764177127,85.02909517288208,150.78567457199097
56,0.477544,0.172532,26.511703,2.476758,0.090944,0.003,0.000272832,0.0026122799999999994,0.004775440000000001,1086.9893655025292,2056.947729273366,2069.6549515849697,2887.853127294663,3394.021419664243,3427.5998139988183,4101.784626771981,4109.618181020593,4983.87754442368,4999.098041825178,84.08877468109131,150.77429175376892
57,0.540255,0.221131,70.261534,2.081547,0.107198,0.003,0.000321594,0.0022987249999999997,0.005402550000000001,1118.8582748831795,2129.7889767846727,2143.9123549611145,3000.8627406870687,3534.217218922883,3571.0335046750583,4279.075197234536,4289.323890382876,5211.3882595851255,5233.429824455373,84.45939612388611,152.38932466506958
58,0.868794,0.348776,70.606191,1.552916,0.078391,0.003,0.000235173,0.0006560300000000002,0.00868794,1196.0357123207864,2314.840946570419,2322.966935457625,3285.4330908559937,3896.5362589708093,3931.9347053052416,4740.76080569344,4748.643775770586,5819.917265742095,5839.217281740834,118.30449032783508,208.95923042297363
59,0.752312,0.133046,43.780448,2.197032,0.046872,0.003,0.00014061599999999998,0.0012384399999999997,0.00752312,1176.3891826414863,2171.8824781378385,2182.4987960589565,3003.5155504375757,3493.41262368066,3529.275031731671,4187.603297237661,4194.042454069981,5022.783946903022,5035.493881128343,125.8353819847107,216.45297026634216
60,0.519491,0.689079,57.705165,1.996876,0.085291,0.003,0.00025587300000000005,0.002402545,0.0051949100000000005,1100.4744186249952,2074.291789496183,2086.917216029443,2905.1171510773265,3408.6546358773185,3442.638084053687,4113.6429337809495,4121.302937222535,4987.531726756357,5002.523430770099,144.4243609905243,220.94754552841187
61,0.368619,0.338936,57.346283,2.100748,0.110997,0.003,0.000332991,0.003156905,0.0036861899999999998,1056.5251504191178,2026.3674076539437,2039.714268932685,2869.35220499322,3391.538477033918,3424.826998811203,4119.396594976192,4128.4127741905895,5041.891068276129,5060.433403810324,97.15799045562744,170.77530431747437
62,0.703633,0.115882,61.096437,1.285285,0.109177,0.003,0.000327531,0.0014818350000000008,0.0070363299999999995,1174.7403508895964,2250.6068864657204,2264.282849991958,3181.0219640609803,3755.4357509846654,3795.005968229069,4555.121806848723,4567.050959297622,5561.7528747685765,5589.625415320607,150.8968186378479,234.18000769615173
63,0.585642,0.929714,59.419424,1.569937,0.079089,0.003,0.00023726700000000002,0.00207179,0.00585642,1124.9442041053665,2112.570464686026,2125.069071468979,2951.67321466301,3457.423602003182,3492.3863750871005,4166.807410373134,4174.498612777995,5040.93916008067,5055.988988019913,144.82293176651,234.764417886734
64,0.271416,0.766345,20.283662,2.31795,0.0892,0.003,0.0002676,0.00364292,0.0027141599999999997,1014.9279373392205,1947.983902111846,1959.6793713037348,2759.341963228398,3263.758195557523,3293.5364447494835,3966.633884791482,3973.4284730334584,4860.850012274669,4873.483765108802,149.84592270851135,253.2032196521759
65,0.289691,0.200099,64.374138,0.620489,0.104167,0.003,0.00031250099999999997,0.0035515449999999997,0.00289691,1028.0497803371918,1979.8496965125637,1992.6629848902792,2810.99240051963,3328.934379562288,3360.5495823030183,4050.6099176496036,4058.9709876638008,4970.929478692121,4987.82448216129,175.6744134426117,275.5180232524872
66,0.747797,0.290425,74.42301,1.390349,0.088197,0.003,0.000264591,0.001261015,0.0074779700000000005,1191.7776390521549,2271.3451124964868,2283.977922267873,3198.5825358509346,3767.525374707654,3806.737009439479,4560.45950923579,4571.186905634673,5551.509831184866,5576.2938291273895,224.36037874221802,326.1401152610779
67,0.236752,0.105347,38.466448,0.93801,0.083047,0.003,0.000249141,0.0038162400000000003,0.00236752,1001.8910886926941,1926.356737297838,1937.5562409848656,2731.581908176564,3233.6740052570963,3262.4698298651733,3933.1033867411293,3939.3465994485296,4825.503823799935,4836.812496562876,161.94102430343628,262.3341934680939
68,0.857908,0.647934,35.39673,1.182722,0.092704,0.003,0.000278112,0.0007104599999999996,0.008579080000000001,1180.9794390322138,2293.8712069267362,2302.2961326930813,3263.849018283295,3877.432433149401,3912.3320030880777,4724.586172809162,4732.964060755516,5813.190637924371,5833.891190182886,219.62502789497375,320.99762201309204
69,0.146193,0.984526,44.496632,2.275085,0.035106,0.003,0.000105318,0.004269035,0.00146193,931.2040379588807,1767.3538990444642,1773.239583612144,2485.3621252906046,2930.4483291038537,2952.592597351221,3553.590920128865,3553.6361151522724,4340.689749113744,4345.3084178726385,97.16822695732117,188.50351786613464
70,0.891352,0.101687,65.70386,1.958283,0.138485,0.003,0.000415455,0.0005432399999999997,0.008913520000000001,1071.1152406927476,2117.772548496622,2122.72163113021,3047.8266713270377,3651.8195475877096,3679.166176558848,4485.175832565925,4490.580670056429,5584.9657892308605,5598.883344942527,106.6205837726593,174.67197561264038
71,0.499129,0.119299,55.841038,0.87197,0.120702,0.003,0.000362106,0.0025043549999999998,0.00499129,1106.269584258575,2116.964037808568,2131.506101487781,2993.095714386223,3533.039631289459,3569.9011605529968,4286.240901369638,4297.163508075459,5235.395731657839,5259.200011150328,85.79931640625,173.52056527137756
72,0.655673,0.204517,65.89797,1.828223,0.105811,0.003,0.000317433,0.0017216350000000004,0.006556729999999999,1161.544998706432,2216.0140924147036,2230.178959061163,3125.164959560923,3683.060025760674,3722.287727799491,4461.354246958493,4472.9416223905,5436.099113304982,5462.429985900921,122.2230327129364,202.1826729774475
73,0.689222,0.153674,58.999262,2.394846,0.123628,0.003,0.00037088400000000004,0.0015538900000000003,0.00689222,1166.719566277737,2244.3295524545524,2258.3614595610625,3180.7272394752135,3761.782620490085,3801.504472722714,4570.040481836522,4582.64454470161,5592.992222182306,5622.811485635959,110.15982913970947,179.47227001190186
74,0.485213,0.351297,60.61966,1.745823,0.080474,0.003,0.000241422,0.002573935,0.0048521300000000005,1082.46184284691,2036.6643381272722,2048.5452648192077,2849.393810925995,3341.5343601130385,3373.916335245452,4030.8289941233857,4037.364917991006,4884.895772489714,4896.852563090675,91.79296445846558,159.0264184474945
75,0.660312,0.68518,68.589461,1.985132,0.085142,0.003,0.000255426,0.0016984400000000003,0.0066031200000000005,1160.9015363717376,2193.5044510850053,2206.8996160013867,3075.20285065328,3609.7819756125614,3647.815964841708,4358.141528945918,4368.053366478413,5284.437596248381,5305.960766375746,108.76017260551453,176.16751527786255
76,0.574374,0.273459,54.374791,1.753424,0.062522,0.003,0.00018756599999999999,0.0021281299999999998,0.005743740000000001,1102.2380090650124,2045.5275719551728,2056.180149263907,2838.483225019689,3310.6595139906767,3342.5743537553976,3975.9690252681644,3980.934893558313,4786.97859758016,4794.831893109498,96.51637959480286,168.23462533950806
77,0.591808,0.515197,56.234847,2.697023,0.119258,0.003,0.000357774,0.00204096,0.00591808,1139.4025506500147,2179.2494769900422,2193.855063480382,3079.174883342684,3633.1057308956492,3671.7048621692456,4405.697845022902,4417.385788639899,5377.128894284702,5403.385918755728,90.54088616371155,160.4001841545105
78,0.488579,0.506262,61.412501,2.585649,0.142638,0.003,0.000427914,0.002557105,0.00488579,1104.5955959524201,2127.4001986479216,2142.669907087506,3020.648170695782,3575.134854967805,3613.122038158052,4348.129745873454,4360.486742694608,5329.461360138621,5357.399381599454,86.4162859916687,152.470561504364
79,0.398726,0.584355,55.323236,1.067723,0.062213,0.003,0.000186639,0.0030063700000000004,0.00398726,1027.8573780187248,1920.1918308494608,1929.3401016624862,2675.218429117046,3131.0479503603333,3158.6199734130273,3770.628187147814,3773.67147565756,4561.89309986325,4564.853561902463,84.79266858100891,150.22002601623535
80,0.848715,0.360084,53.405393,1.357712,0.028112,0.003,8.4336e-05,0.0007564250000000001,0.00848715,1205.9969505942745,2205.0510350011346,2213.132877464309,3031.235607795348,3511.7995983657197,3547.5352309736645,4198.249090948812,4202.96207547919,5012.649381077491,5021.814676203083,105.45745372772217,172.96290254592896
81,0.818984,0.102843,63.736192,1.761953,0.138664,0.003,0.000415992,0.0009050800000000004,0.00818984,1144.7549959369883,2238.275389120459,2247.7918517380544,3200.864387583076,3814.4530767464485,3848.7699663921453,4662.118086048175,4671.973726634704,5761.452613455235,5786.255082295882,105.85813546180725,172.37547302246094
82,0.504727,0.455801,48.118859,1.268391,0.091708,0.003,0.000275124,0.002476365,0.00504727,1098.3883907020236,2077.7327914860684,2090.7008372696687,2916.2896106608814,3426.5902129883575,3460.9447922945715,4140.273801332077,4148.496549729789,5028.597294649919,5044.905628963715,85.30414128303528,151.54389786720276
83,0.758714,0.720705,71.509878,1.114994,0.087038,0.003,0.000261114,0.00120643,0.00758714,1194.7950190274614,2278.5693054893513,2290.9807715546967,3209.65692928142,3781.576109273568,3820.753407224321,4578.304680064359,4588.966107351671,5574.881275374623,5599.641478729286,106.52152824401855,173.19315767288208
84,0.771875,0.842396,43.229698,1.908452,0.072736,0.003,0.00021820799999999998,0.0011406250000000001,0.00771875,1201.8805854371205,2277.0736649171217,2288.9815231571683,3194.4746060942302,3753.109098857625,3792.0407798344186,4533.536736099505,4543.252419390048,5501.151490004619,5523.218336839543,107.17547297477722,175.52076077461243
85,0.38919,0.967283,31.815005,2.036762,0.085681,0.003,0.000257043,0.00305405,0.0038919,1049.931729076118,1990.7183230626506,2002.398288677295,2798.272331200685,3292.616279633293,3323.584211363636,3983.098513586477,3989.5023306394623,4848.130541940663,4859.678472516057,85.17198920249939,152.5989761352539
86,0.527567,0.1839,46.927825,1.658431,0.140867,0.003,0.000422601,0.002362165,0.0052756700000000005,1117.5305726186555,2150.353143372741,2165.6254355893666,3051.070202765825,3609.4888858426966,3648.0807052645564,4387.901571760338,4400.473975517443,5374.522683741459,5403.143341055334,87.00431752204895,152.62972497940063
87,0.152633,0.142031,36.204015,2.333522,0.090779,0.003,0.000272337,0.0042368349999999996,0.00152633,987.8845442247675,1927.8501010155076,1940.014357964321,2760.90073988064,3288.803793541172,3318.5698376404516,4024.121420360545,4032.6199099695295,4977.426281191081,4995.200917035487,80.67390656471252,145.68020582199097
88,0.739199,0.304284,23.111039,1.0079,0.060426,0.003,0.000181278,0.0013040049999999998,0.007391990000000001,1184.6209723931458,2214.192028961534,2225.967336258244,3083.099698607697,3602.772195720315,3640.3223963565906,4334.046411444295,4342.258746348842,5226.2075313180285,5243.581335303929,106.20223951339722,172.51366901397705
89,0.805764,0.857151,62.868335,1.751633,0.087521,0.003,0.000262563,0.0009711799999999998,0.008057640000000001,1200.5338939604435,2304.956503220929,2315.972936319681,3258.2870399985864,3850.167588627958,3888.390995340448,4671.580599811666,4681.67541088776,5708.691206853637,5732.837431625331,107.66072511672974,173.8150613307953
90,0.597384,0.526242,34.685742,2.140475,0.144966,0.003,0.000434898,0.0020130800000000004,0.00597384,1138.3432921448039,2193.8386050953127,2208.954955234801,3114.9539361565517,3687.1964519097046,3726.7774762259596,4484.206240479559,4497.379170870807,5495.657512928269,5526.405219351389,86.28971028327942,151.77654361724854
91,0.518459,0.48195,58.23518,2.465436,0.046542,0.003,0.000139626,0.0024077049999999996,0.00518459,1043.2967077927276,1907.6540738586918,1915.3305196504255,2626.0183936870767,3049.032571473669,3075.886562612917,3648.150374887214,3649.6066203795153,4371.789754209748,4372.5877054938255,85.04841017723083,150.16756129264832
92,0.560392,0.80074,29.566974,1.487673,0.101894,0.003,0.000305682,0.0021980399999999996,0.00560392,1125.2786223711043,2137.3885082858183,2151.2677414182244,3007.2777743663123,3538.5180477162166,3575.2746400882256,4280.803956238136,4290.724767454717,5207.280030407922,5228.380573086504,84.92505192756653,150.25142645835876
93,0.872946,0.887573,51.990731,0.730398,0.031901,0.003,9.5703e-05,0.0006352700000000003,0.00872946,1234.6167636367,2293.5767875122506,2301.5436613962484,3177.9382834849257,3703.0623140275766,3740.6319668992783,4445.417313721167,4450.981647035364,5341.436045857916,5353.303169160651,107.690021276474,174.64225935935974
94,0.678751,0.165642,41.798224,1.326354,0.076078,0.003,0.00022823400000000004,0.0016062449999999999,0.00678751,1165.2638430041711,2192.074901971099,2204.9650912695415,3064.8830517267165,3591.1852973269242,3628.829133999157,4329.335766170002,4338.537115560052,5237.963388754377,5257.613598124621,108.35263061523438,175.94493317604065
95,0.66854,0.464532,46.160524,1.38151,0.131026,0.003,0.000393078,0.0016573,0.0066854,1159.8732303125191,2233.6325114115825,2248.043679971045,3168.402838376909,3749.0526009963028,3788.9114531650184,4556.913660639184,4569.874954116579,5580.87064575446,5611.554769750241,107.66991233825684,173.9119930267334
96,0.331887,0.402545,15.712478,2.734143,0.096315,0.003,0.000288945,0.003340565,0.00331887,1037.4772391399085,1984.9762595719928,1997.1828799992077,2806.060629895789,3314.107918864171,3345.2600205817535,4022.2405885413464,4029.6258359059993,4918.793187946962,4932.952402381281,84.91793394088745,151.26367020606995
97,0.256484,0.1402,72.487294,1.807063,0.041015,0.003,0.000123045,0.0037175799999999994,0.00256484,949.8015111364892,1772.1483733669709,1777.7730107339137,2467.7670230448653,2890.833777599401,2913.3721194838877,3485.277924048671,3485.820555167271,4223.029360974441,4228.913815368272,85.31697010993958,150.4034662246704
98,0.625149,0.11307,68.235331,1.425803,0.043141,0.003,0.000129423,0.0018742550000000005,0.006251489999999999,1087.7158839490705,1979.00759575343,1987.6790608822741,2716.996478109539,3147.006114249724,3176.4144346781836,3758.685453967346,3761.5856529057464,4489.986666687069,4493.101516607646,106.81760883331299,174.07716298103333
99,0.642227,0.106302,59.693389,1.10425,0.070854,0.003,0.00021256200000000002,0.0017888650000000006,0.00642227,1144.7645285244944,2141.572993491547,2154.011327033022,2985.190227502534,3490.751406510223,3526.6990065213313,4201.424198346148,4209.395825601062,5071.7956793714575,5087.892995132135,107.35684633255005,173.61387538909912
100,0.306339,0.310133,27.427847,1.199092,0.149003,0.003,0.000447009,0.0034683050000000005,0.0030633899999999996,1045.1241618453957,2032.497039339387,2047.2147431878907,2905.2115311775615,3454.0220218188206,3489.107387796391,4219.14743299291,4230.89141438874,5204.0603413614135,5230.44714112294,83.02887535095215,150.9864022731781
