alpha,beta,theta_c,eta1,eta2,f1_fsdt,f2_fsdt,f3_fsdt,f4_fsdt,f5_fsdt,f6_fsdt,f7_fsdt,f8_fsdt,f9_fsdt,f10_fsdt
0.811370,0.135367,39.786353,1.728600,0.037873,862.380446,1622.919619,1658.549776,2294.099311,2636.324059,2804.133683,3207.850704,3327.455422,3793.129871,4120.427016
0.799880,0.613780,66.751658,1.307618,0.048697,1033.911169,1743.205476,2095.141530,2642.660142,2651.038148,3427.164749,3621.088061,3626.431660,4047.126753,4323.517845
0.698359,0.492612,74.001909,1.688187,0.100900,893.059432,1531.263809,1824.571805,2328.333197,2340.306609,3033.363814,3223.075896,3225.905624,3612.207889,3848.694309
0.553112,0.708338,62.720892,1.634300,0.146844,1008.103192,1810.226479,2034.036523,2693.284612,2864.091532,3547.720933,3632.210744,4044.199035,4087.254368,4735.368706
0.424633,0.899685,40.409136,0.811593,0.049560,1008.766805,1810.448063,1890.148932,2540.567684,2853.866701,3064.835566,3459.345286,3587.949076,4022.619952,4370.095783
0.580827,0.101205,45.593706,1.773432,0.099412,791.306783,1531.813658,1571.495348,2208.149571,2648.587621,2669.413114,3217.392714,3237.041227,3958.151952,4085.157811
0.862227,0.222557,42.870996,2.658639,0.113017,909.155823,1709.450673,1835.075086,2507.806288,2925.935199,3115.009306,3606.239966,3689.945590,4464.950624,4619.932683
0.632920,0.755745,17.627864,1.512007,0.054620,1078.358451,1958.439552,1977.596466,2695.234291,3103.374402,3163.179331,3710.042976,3741.410611,4395.580311,4487.191782
0.853807,0.539670,72.831038,1.222142,0.109610,866.290172,1631.464226,1707.405050,2336.205401,2806.724972,2833.526380,3359.044679,3391.910452,4107.085187,4282.959851
0.876710,0.977648,52.879878,1.936583,0.136587,977.315434,1870.322292,1950.894583,2709.357927,3208.749597,3315.874981,3927.054152,3967.524615,4889.619673,4934.720379
0.793435,0.427127,41.224817,0.908318,0.068899,1097.896928,2088.585742,2118.119239,2956.325780,3446.858639,3565.561872,4188.091856,4267.954490,5033.815547,5290.629924
0.647938,0.779449,73.266693,1.798612,0.045160,921.433652,1353.377596,1900.758030,2013.936300,2324.325552,2488.203262,2766.043573,3089.040404,3282.648046,3550.081729
0.684873,0.669216,11.702797,2.519693,0.079781,1099.671458,2010.312295,2072.639388,2819.796884,3214.947616,3383.977382,3889.093852,3992.170269,4581.075797,4882.959002
0.833058,0.100436,67.373235,2.061730,0.086237,740.867912,1287.719241,1524.350081,1948.167851,2189.342653,2533.142938,2725.898979,2878.691491,3378.756995,3537.892829
0.364267,0.593166,53.637637,1.343469,0.082191,987.555494,1749.261185,1969.800454,2589.503744,2744.012359,3370.657536,3467.714772,3847.725141,3877.771374,4495.678446
0.191981,0.178040,51.602008,1.610222,0.133647,916.359629,1812.745819,1836.934905,2632.742158,3122.100470,3238.229729,3859.734197,3945.893493,4744.388454,5045.794333
0.203992,0.794572,72.010148,1.415714,0.097861,925.493969,1589.364183,1932.883133,2447.512502,2469.373973,3225.726018,3400.276788,3446.502143,3871.080068,4107.720637
0.899568,0.123761,5.501764,1.860094,0.075112,789.414970,1470.290919,1656.705305,2232.596370,2515.461668,2913.190329,3180.469729,3410.297270,3847.672947,4251.550577
0.546595,0.565162,28.612125,1.598564,0.064069,1033.924724,1872.438217,1936.309155,2620.086322,2970.119160,3142.894606,3590.375821,3695.746765,4205.575718,4513.933941
0.822440,0.157232,38.178131,2.994107,0.121510,863.628632,1623.168470,1746.024183,2385.981821,2781.510330,2965.185324,3432.848653,3513.720891,4252.319692,4398.760692
0.562297,0.231153,33.317335,2.763888,0.029533,816.590950,1356.372274,1556.176826,1975.408705,2037.263363,2525.786575,2554.613361,2777.434338,2848.010300,3219.396164
0.616853,0.121470,49.024855,2.167709,0.131680,816.363745,1561.486500,1629.395308,2261.133485,2703.705628,2752.474633,3295.883499,3301.158234,4065.630738,4172.032442
0.381560,0.128879,69.428308,1.678198,0.129473,816.946188,1584.972702,1603.541852,2254.296088,2625.774293,2830.892933,3207.093504,3376.497704,3828.448807,4215.152597
0.405893,0.244815,32.066809,1.816908,0.041615,870.176964,1561.776097,1656.464414,2218.518597,2464.536822,2721.701883,3014.300714,3173.726348,3477.032776,3850.774672
0.796682,0.553705,51.371198,0.784176,0.089128,1094.020647,2096.984670,2130.492842,2984.439629,3477.457657,3638.500641,4242.726190,4358.464877,5094.393922,5468.102189
0.731969,0.413590,64.889294,1.671225,0.076967,978.466053,1709.346530,1965.452568,2549.569290,2644.030579,3369.178166,3415.201162,3674.515756,3873.670092,4319.771512
0.446793,0.265828,71.709939,1.720312,0.103212,857.841000,1487.745642,1763.803331,2267.774777,2293.079742,2975.826775,3139.500214,3180.700312,3534.846486,3797.929911
0.711935,0.905781,47.740134,2.599431,0.039444,1024.458747,1634.142941,2016.908711,2401.470235,2479.130407,3119.034048,3230.672202,3327.200054,3670.737824,3853.168342
0.786619,0.629933,24.944884,1.840159,0.053657,1133.210153,2069.933898,2129.044524,2896.961290,3304.885068,3469.299561,3992.854164,4093.457953,4702.730306,4998.990092
0.606832,0.319559,54.847171,1.477258,0.094608,977.107510,1786.145766,1933.564456,2601.323043,2853.031922,3330.557353,3555.075053,3872.956720,4058.910464,4677.802032
0.881491,0.816528,65.323128,1.785667,0.058762,1018.118053,1844.390645,2003.608733,2674.655354,2913.608091,3455.858154,3624.049141,3990.074519,4106.493741,4731.464687
0.610693,0.241077,33.825397,1.234698,0.024863,866.278095,1521.416038,1587.953746,2112.824018,2358.684497,2526.715258,2843.126142,2943.393317,3284.540828,3559.482566
0.455625,0.387857,73.778726,1.767776,0.057104,846.924321,1294.966464,1842.211421,1860.996198,2175.039480,2471.008975,2644.495373,3096.386925,3190.276245,3293.980599
0.727030,0.109914,67.579848,1.889159,0.084130,757.427409,1412.712753,1465.080122,1995.410613,2370.084102,2455.527896,2816.083184,2922.253490,3376.570331,3625.877832
0.638555,0.212416,22.177736,2.201921,0.083936,929.302440,1755.854627,1798.908351,2496.266717,2889.304178,3025.309162,3521.025199,3608.938021,4211.344537,4481.949775
0.723217,0.254472,23.726122,1.700369,0.064662,985.608364,1857.035553,1884.071640,2615.160767,3045.163652,3129.239714,3686.237790,3737.247637,4427.671657,4581.778608
0.432170,0.159481,74.805175,1.924547,0.065700,766.523606,1285.091112,1601.277539,1939.564469,2006.533062,2573.558291,2652.325256,2878.429711,3187.167245,3228.991628
0.887155,0.433703,71.113896,1.776305,0.070373,886.273127,1678.763425,1690.676880,2339.871209,2703.522025,2923.331362,3261.797997,3444.122206,3848.020850,4231.689992
0.773513,0.189613,50.242859,1.533333,0.072494,920.539322,1765.795443,1774.198317,2486.316242,2899.322066,3043.551631,3516.836836,3634.271322,4200.839819,4534.518391
0.782931,0.260713,50.381603,1.629208,0.059664,982.178657,1810.194240,1911.562666,2594.076034,2897.465119,3258.343125,3566.364149,3811.873614,4123.429233,4645.854244
0.415623,0.191183,63.417926,1.054980,0.116711,881.498230,1687.079649,1750.661982,2436.907309,2787.627240,3075.766023,3443.295836,3654.857944,4066.700594,4543.194148
0.353936,0.872573,66.374933,2.430000,0.051164,873.847719,1315.261675,1873.566950,1873.817246,2197.531611,2474.438713,2653.658759,3089.769605,3183.107028,3271.030171
0.713818,0.284162,49.636303,1.865457,0.117170,970.847686,1851.551586,1889.295815,2631.799361,3039.777032,3250.477270,3710.875250,3868.354698,4408.538952,4811.741422
0.827010,0.109266,46.763114,2.811335,0.095259,804.285589,1469.998269,1647.866170,2195.023802,2511.731412,2787.536436,3122.377188,3250.051713,3852.838662,4059.369096
0.766142,0.100068,39.213695,1.452700,0.034239,786.236098,1491.354142,1513.588169,2107.035919,2441.217435,2560.093218,2966.949035,3052.892084,3535.118807,3803.638570
0.465286,0.447894,68.920390,1.580596,0.067449,911.734554,1471.092118,1916.031645,2178.644726,2346.326953,2947.969562,2948.061508,3374.711998,3643.246917,3694.761754
0.286870,0.945370,7.625579,1.521701,0.113811,1018.444173,1935.495816,1976.052683,2753.999589,3204.276323,3330.741138,3905.079116,3985.981367,4695.801403,4944.412229
0.836863,0.147600,30.201110,2.901144,0.074516,876.663447,1683.793846,1713.122195,2400.604321,2855.695143,2883.901034,3453.507771,3485.138483,4204.501134,4357.013926
0.671997,0.379317,19.510611,1.750110,0.055879,1027.597213,1891.146420,1913.625565,2623.889889,3033.700017,3099.183439,3641.748126,3677.415299,4336.339966,4439.893740
0.841602,0.603197,56.914786,0.988167,0.125665,1001.188024,1928.454250,1990.870861,2784.298420,3314.920946,3383.807223,4052.002477,4068.223424,5038.757307,5059.695363
0.459368,0.731495,62.094431,2.254100,0.098764,973.626933,1623.666771,2007.210948,2451.822662,2518.001754,3232.559767,3360.209587,3498.880764,3890.389046,4059.671299
0.315712,0.324036,69.913004,1.450879,0.052292,859.424970,1402.462568,1810.624624,2091.266728,2232.666266,2823.278370,2842.956771,3209.941401,3506.677072,3527.613524
0.230239,0.471604,37.266522,1.757435,0.126510,981.947839,1878.420372,1943.675422,2714.221021,3135.065472,3346.954161,3863.927392,4005.563010,4627.485152,5027.471307
0.744959,0.658509,60.395441,1.158704,0.024141,1009.281053,1571.168242,2025.042348,2278.346360,2444.288764,3026.414987,3039.526703,3370.829406,3675.713882,3694.982745
0.345320,0.375689,14.899573,2.921709,0.067891,926.986487,1679.063798,1770.952032,2386.098807,2669.379758,2921.153963,3262.779467,3419.469979,3787.076107,4169.146266
0.477544,0.172532,26.511703,2.476758,0.090944,873.493933,1659.778598,1711.364941,2380.214401,2744.901368,2919.574900,3366.745944,3483.915648,4016.688468,4353.028559
0.540255,0.221131,70.261534,2.081547,0.107198,834.016953,1470.347069,1687.552216,2196.998320,2281.476766,2912.242552,2991.699835,3174.319303,3392.156389,3741.570739
0.868794,0.348776,70.606191,1.552916,0.078391,878.016910,1661.624670,1689.168465,2331.034368,2744.492266,2871.225332,3285.772952,3411.870410,3929.964257,4232.599280
0.752312,0.133046,43.780448,2.197032,0.046872,835.839999,1547.730088,1619.980115,2207.775194,2480.864201,2760.517880,3043.756797,3237.514433,3532.181615,3955.326364
0.519491,0.689079,57.705165,1.996876,0.085291,1003.387864,1692.620600,2033.410687,2572.159932,2577.017563,3337.281507,3495.279798,3538.707956,3915.245403,4217.332647
0.368619,0.338936,57.346283,2.100748,0.110997,934.618188,1680.592792,1888.574407,2502.962203,2662.370960,3299.294386,3378.760098,3763.139651,3803.205630,4408.558424
0.703633,0.115882,61.096437,1.285285,0.109177,801.494638,1486.767949,1629.136798,2195.103236,2564.465476,2749.553751,3160.296075,3230.027080,3963.732689,4045.537659
0.585642,0.929714,59.419424,1.569937,0.079089,1037.871358,1759.202931,2095.249659,2665.472737,2680.725104,3463.332632,3593.189167,3694.483870,4035.241645,4387.339143
0.271416,0.766345,20.283662,2.317950,0.089200,982.520096,1820.714564,1885.082159,2581.487253,2946.971082,3132.263603,3589.158118,3705.945819,4238.353956,4578.365410
0.289691,0.200099,64.374138,0.620489,0.104167,905.042007,1751.721564,1812.527375,2547.739663,2941.864488,3194.617312,3647.214986,3830.192115,4359.645052,4817.142739
0.747797,0.290425,74.423010,1.390349,0.088197,843.230372,1516.599715,1664.372924,2203.404275,2370.416832,2925.588584,2958.702390,3306.325886,3350.608204,3832.161589
0.236752,0.105347,38.466448,0.938010,0.083047,867.769037,1735.892677,1736.539069,2516.583827,3030.111405,3053.670058,3742.178212,3754.411375,4685.214023,4732.968323
0.857908,0.647934,35.396730,1.182722,0.092704,1098.027231,2134.054490,2136.555223,3030.234549,3598.810046,3634.731376,4378.366685,4397.641344,5366.752637,5441.930137
0.146193,0.984526,44.496632,2.275085,0.035106,877.101525,1497.922261,1730.540289,2222.435239,2292.614609,2904.543998,2910.290526,3167.834891,3289.142146,3706.908607
0.891352,0.101687,65.703860,1.958283,0.138485,707.841632,1109.302908,1617.255270,1805.459701,1915.960851,2490.744584,2742.971053,2857.978943,3094.095075,3327.931350
0.499129,0.119299,55.841038,0.871970,0.120702,826.087157,1604.875094,1661.474161,2337.429148,2798.198122,2852.424975,3439.331290,3446.022180,4287.058600,4341.719116
0.655673,0.204517,65.897970,1.828223,0.105811,857.528270,1588.334081,1680.579894,2278.628013,2533.917753,2940.926264,3125.827875,3421.059693,3589.491060,4114.663015
0.689222,0.153674,58.999262,2.394846,0.123628,830.467869,1579.463190,1616.011147,2236.658036,2652.114892,2741.946207,3180.701903,3280.917881,3828.945109,4101.556189
0.485213,0.351297,60.619660,1.745823,0.080474,935.636178,1613.399406,1899.653124,2441.414205,2483.267585,3202.078781,3301.659333,3444.158940,3726.514394,4085.382931
0.660312,0.685180,68.589461,1.985132,0.085142,972.582523,1603.166561,2016.087128,2401.557981,2505.949727,3190.383748,3272.166924,3534.372190,3904.448515,3981.065686
0.574374,0.273459,54.374791,1.753424,0.062522,924.602192,1612.299308,1843.412414,2394.512524,2496.008262,3157.277723,3168.306040,3472.940415,3592.237739,4066.898803
0.591808,0.515197,56.234847,2.697023,0.119258,997.146644,1741.460745,2009.893489,2608.672757,2701.149792,3451.640860,3480.684788,3764.962966,3954.575550,4432.661720
0.488579,0.506262,61.412501,2.585649,0.142638,962.343442,1683.178050,1961.499285,2544.176539,2615.442374,3366.217087,3437.790368,3651.287779,3900.817885,4324.641049
0.398726,0.584355,55.323236,1.067723,0.062213,980.614946,1699.529873,1950.424068,2526.168613,2626.280021,3311.633933,3335.275535,3652.415269,3766.833160,4276.001382
0.848715,0.360084,53.405393,1.357712,0.028112,1043.888343,1806.289786,2040.185967,2645.420770,2778.453543,3424.725698,3490.532273,3845.283848,3900.554538,4467.797332
0.818984,0.102843,63.736192,1.761953,0.138664,748.052460,1264.360547,1628.182454,2030.379125,2121.539100,2766.656836,2817.367486,3145.355293,3258.942271,3767.022255
0.504727,0.455801,48.118859,1.268391,0.091708,1020.085737,1861.529671,2004.081846,2699.467983,2979.028988,3403.409280,3696.529135,3970.714932,4247.960535,4828.057624
0.758714,0.720705,71.509878,1.114994,0.087038,978.508870,1733.970370,1965.668315,2574.942712,2706.537770,3432.136241,3433.740621,3783.827467,3915.993359,4433.175565
0.771875,0.842396,43.229698,1.908452,0.072736,1128.468564,2033.439498,2191.347052,2930.019958,3218.699254,3675.203820,3979.209735,4269.968214,4551.335656,5163.970458
0.389190,0.967283,31.815005,2.036762,0.085681,1012.666781,1825.631692,1944.468653,2608.039938,2893.323648,3219.551055,3551.905255,3755.479161,4095.852629,4560.837427
0.527567,0.183900,46.927825,1.658431,0.140867,891.262229,1742.038046,1745.461753,2479.771003,2928.689696,3029.364483,3573.424353,3657.602299,4336.460575,4633.560585
0.152633,0.142031,36.204015,2.333522,0.090779,911.292701,1805.292968,1828.231355,2625.420195,3123.063884,3215.346136,3863.081743,3928.167246,4772.405525,4993.668118
0.739199,0.304284,23.111039,1.007900,0.060426,1032.968957,1953.703334,1977.248172,2751.678018,3208.529761,3296.793547,3885.352132,3941.740028,4668.850169,4846.287904
0.805764,0.857151,62.868335,1.751633,0.087521,1036.445156,1872.421867,2053.461477,2735.311453,2960.984772,3544.217503,3702.590419,4089.330116,4181.098947,4834.164087
0.597384,0.526242,34.685742,2.140475,0.144966,1058.887860,1987.364658,2068.194747,2849.546827,3250.827044,3510.276583,3990.259783,4161.660858,4713.848418,5157.849320
0.518459,0.481950,58.235180,2.465436,0.046542,905.846636,1409.730085,1865.392225,2044.895944,2241.900911,2729.791379,2766.877979,3174.608675,3371.526349,3432.488005
0.560392,0.800740,29.566974,1.487673,0.101894,1092.920786,2039.613966,2085.383565,2874.387982,3317.248342,3453.049561,4020.526420,4105.111501,4789.392759,5043.470211
0.872946,0.887573,51.990731,0.730398,0.031901,1181.585825,2135.098794,2282.100570,3060.713673,3383.880190,3812.307822,4166.651368,4439.862569,4788.216099,5382.968741
0.678751,0.165642,41.798224,1.326354,0.076078,893.880569,1721.643517,1734.678978,2440.876205,2859.419136,2963.354157,3480.082803,3559.111054,4192.201539,4467.629500
0.668540,0.464532,46.160524,1.381510,0.131026,1052.505156,1999.137533,2059.849820,2862.416740,3295.490246,3523.473432,4039.968651,4197.361394,4805.512298,5231.835336
0.331887,0.402545,15.712478,2.734143,0.096315,961.843717,1791.107151,1859.227621,2551.825022,2913.162936,3112.402839,3559.066459,3686.000261,4206.342122,4561.145217
0.256484,0.140200,72.487294,1.807063,0.041015,803.854534,1384.375035,1675.946476,2131.351736,2143.368498,2801.617611,2958.074686,3001.178420,3369.926989,3568.021328
0.625149,0.113070,68.235331,1.425803,0.043141,746.055414,1306.432465,1500.537849,1945.829049,2015.725171,2568.310785,2644.950494,2792.324616,2991.448321,3287.251032
0.642227,0.106302,59.693389,1.104250,0.070854,791.158264,1521.777211,1541.844294,2157.041944,2549.061212,2644.157235,3078.662124,3172.938668,3707.151329,3981.591954
0.306339,0.310133,27.427847,1.199092,0.149003,966.747344,1902.138596,1904.439103,2725.091413,3256.654447,3281.897605,3988.798058,3993.844552,4945.805303,4961.921033
