run_id,role,group,alpha,beta,theta_c,eta1,eta2
10001,calibration,calibration,0.28561314438425245,0.2605142312214319,61.44712308085821,2.9548800846108754,0.1039173556393552
10002,calibration,calibration,0.11019633907865921,0.5265283808186861,33.11709878532476,0.8056915192802714,0.02602367162086457
10003,calibration,calibration,0.21328443514115777,0.7080393995541864,58.739155395283966,2.830058689011395,0.11193738109572855
10004,calibration,calibration,0.848541818789715,0.8361997337835375,63.009856015022706,2.229903922027318,0.12831473531605514
10005,calibration,calibration,0.6802933199522327,0.1985133549078441,37.678750914077604,2.0273411900617972,0.08302997358625552
10006,calibration,calibration,0.8360580336959685,0.61062530687529,73.9573472506632,2.605063095927916,0.05302464305486421
10007,calibration,calibration,0.700138942693875,0.6491663514663087,56.429793640869704,1.4181002549212203,0.057817092903521564
10008,calibration,calibration,0.388970202126944,0.6196102518747889,69.97877405704743,0.6683066713610409,0.0835170135272572
10009,calibration,calibration,0.1821509235211532,0.4009278816628773,40.98182417879277,2.8011046847764405,0.1253997098926049
10010,calibration,calibration,0.5443020696621385,0.8028369518543143,51.38404025956691,1.351342751640942,0.0709963878351281
10011,calibration,calibration,0.7459174478301632,0.347085627887281,13.968020237364614,1.480897237037682,0.1154516027310311
10012,calibration,calibration,0.2524477701988067,0.20438460743831674,16.37847316605975,0.7170868981723201,0.025361664961097763
10013,calibration,calibration,0.3944197064914704,0.968025363937682,6.177566289381462,2.2321263539228218,0.10834084520324665
10014,calibration,calibration,0.3435466083109239,0.3613624773335111,37.736911572866525,0.9753137099529423,0.08328366921779058
10015,calibration,calibration,0.23942985541478548,0.6790884162688952,57.38998054870652,1.0480334165458554,0.07172613073432496
10016,calibration,calibration,0.6439284551293069,0.5292228608537225,67.7804086991033,1.443899585136204,0.05584699284884137
10017,calibration,calibration,0.7485325711581531,0.33003832844326303,12.038534305817608,1.5059679381537654,0.10938464480354129
10018,calibration,calibration,0.5417925761439805,0.4477663963860994,57.23865525144596,0.5036699100243862,0.10308370607565816
10019,calibration,calibration,0.5725081715611162,0.11662552928631048,67.74614776991667,2.1303819876338483,0.06874681936814311
10020,calibration,calibration,0.8920927208872158,0.7249085592607922,42.79901717325456,1.6140764313743488,0.11453226250666328
10021,calibration,calibration,0.830058367001212,0.3152573246508684,73.85504163663917,1.3535691882330119,0.10124754607866907
10022,calibration,calibration,0.5296697653689292,0.627601084563484,50.14804923482951,1.7493908900047337,0.06747080545594118
10023,calibration,calibration,0.5022606897448193,0.573416862885963,29.79676602714801,2.5028153476080055,0.0860487614472955
10024,calibration,calibration,0.8394203699228652,0.7354864051753206,66.80080970722425,1.4913811795296272,0.039356655359686105
10025,calibration,calibration,0.2277176061225867,0.8543363898500534,7.698166201155984,1.4505707384331732,0.045660164404911247
10026,calibration,calibration,0.3295130171147831,0.6350811890989496,67.44494933372184,2.7973944534729416,0.07364090203503912
10027,calibration,calibration,0.3815993999537607,0.9820811926775834,5.034357082075763,0.6665488806214586,0.0940772017063033
10028,calibration,calibration,0.7757478233088583,0.7014709894460328,13.13390168168469,1.439492784751785,0.08822899796794278
10029,calibration,calibration,0.3987346379045932,0.9329560479225874,10.138350598559187,0.9054109669834033,0.039765637957805106
10030,calibration,calibration,0.8723709768638235,0.4345594607947152,57.62516225503274,2.371890209525055,0.05335123095527716
10031,calibration,calibration,0.4481048363558936,0.30437907836597056,58.66995495545343,1.9286211627277474,0.05348744812611195
10032,calibration,calibration,0.1335787626386428,0.20917003542878468,1.962417395442198,0.9387271883613808,0.05722393229755812
10033,test,iid,0.7497753834018555,0.5317698877106588,62.36494232828258,1.5232539844515922,0.022209338844448045
10034,test,iid,0.5177792317778878,0.3451832451675404,44.22442542860832,1.5304690223452975,0.020730290185191486
10035,test,iid,0.420682740700525,0.5349336768872188,59.77294190245749,2.3310094095462475,0.14592756633881487
10036,test,iid,0.103379128337669,0.21687314873427038,60.99482901666704,1.3455363732596364,0.13747077172484487
10037,test,iid,0.6970535581911504,0.187516739239139,59.160252160809236,1.1439935058626087,0.12111311481699151
10038,test,iid,0.1486036630730867,0.832352568753579,55.73764135764312,0.754998053652386,0.09129354438402515
10039,test,iid,0.7354531303217966,0.15896067112137485,3.377776597026802,0.6851538593981019,0.07632565406597491
10040,test,iid,0.6224308110120536,0.41198498918977966,46.89380376951576,1.2825446183643985,0.06510944082024618
10041,test,iid,0.874211722476876,0.6879997938148741,57.65422591251459,0.7209553275127631,0.025368150645631683
10042,test,iid,0.17878976376996888,0.8317425296109854,42.63195332435648,2.4580717141721675,0.05638367751816062
10043,test,iid,0.4569229021904663,0.6952846237322734,9.474928520377818,2.5652686046523585,0.06905682111132562
10044,test,iid,0.8028654371556184,0.9184861747842945,40.13251482139812,2.4471504990327695,0.07843129295600518
10045,test,iid,0.1960033370974193,0.6473973688131796,49.95458778378455,2.585490446816291,0.050235596145961944
10046,test,iid,0.888369861000805,0.7713316583405326,64.21632593479131,1.509550528481238,0.06387831996453414
10047,test,iid,0.7935414047399783,0.4710590321859993,67.89331584126006,1.9171974128269047,0.12786011455859697
10048,test,iid,0.26091383506437404,0.4913006358801245,3.6267486145273917,2.533905453344898,0.13804695972161976
10049,test,iid,0.4281108930915952,0.9530521513700516,73.89323579083897,1.599842395564067,0.11413923072992334
10050,test,iid,0.5020346261309651,0.15615906381389819,24.995651781585483,1.5411886858101793,0.13429511732021085
10051,test,iid,0.19739846401786726,0.3902854416616234,19.55278457117358,2.373083836642693,0.13061206356501615
10052,test,iid,0.65666965667792,0.4884805939159903,51.61154466431624,0.5410027201383617,0.08843924399060492
10053,test,iid,0.30641232823165404,0.7729257257583224,52.99277186546471,2.3049778635731943,0.08343745406388499
10054,test,iid,0.5567335596011039,0.5434839503806208,66.95061508444415,1.1934054776666543,0.09461186015077815
10055,test,iid,0.8701330140606123,0.4677625639249766,63.25054044810636,1.8948565661296661,0.04025257895738654
10056,test,iid,0.48651064364089913,0.5414986928302412,5.76405213546243,0.7896248630674447,0.10858050052521637
10057,test,iid,0.6007117247724482,0.5080511634372958,36.242845533498866,1.1406196539505205,0.147318116761695
10058,test,iid,0.7105057505672981,0.13519642199247914,73.14649857593817,1.9410417204580026,0.14835564330451673
10059,test,iid,0.33404977744737857,0.24492112039862765,16.906308571114877,0.7582665727253936,0.022656297415150725
10060,test,iid,0.5000165718629742,0.8007406630654684,60.22744851872522,2.616050950447503,0.1275784956596157
10061,test,iid,0.4755788236201737,0.2240772195813594,52.649245539956105,2.5267501077770977,0.08163276973177383
10062,test,iid,0.737354891066133,0.12724606919313305,3.668853681072848,1.7256176543880701,0.1401640174735223
10063,test,iid,0.779692212032797,0.8241646783271158,65.56328899913306,2.164794368871828,0.07638894428298214
10064,test,iid,0.4304620677125922,0.3417256839359857,17.15451946464186,1.1344633945267861,0.12649436024161398
10065,test,challenge,0.8732632920914989,0.2837908228453623,69.14098893220871,1.1703280829821476,0.14400114960207996
10066,test,challenge,0.604676062260898,0.32407153362528507,72.94791032365025,1.6528308966013354,0.13168590440539102
10067,test,challenge,0.3383709189558046,0.5509684485680981,65.06393107033801,1.5549889012090665,0.03446829579720592
10068,test,challenge,0.8120743285626109,0.7851254275697388,69.50433953715826,2.0768982328944228,0.13178365702655567
10069,test,challenge,0.8226133195452797,0.9323794054091639,71.39384976323035,0.7237715894609451,0.14792227617132983
10070,test,challenge,0.1387587172449611,0.967719216855493,60.65309744878175,1.6574981002006592,0.05330390639705512
10071,test,challenge,0.31518292196670716,0.5783327884710833,63.19796912061659,2.630212578564958,0.1072168131851981
10072,test,challenge,0.17352897809075085,0.3390468305396367,65.68771917454546,0.6674394851238328,0.13407417601275412
10073,test,challenge,0.8862748963953541,0.5687729879044502,65.59676367220891,1.8129901731513227,0.02172703447383605
10074,test,challenge,0.14320476687790037,0.2650924302599534,65.47252682117553,1.3503029878638042,0.03643349075258945
10075,test,challenge,0.3151836732407588,0.46987205837579216,63.657021481923664,2.8919658661703833,0.03874252139809528
10076,test,challenge,0.6242806817826694,0.2763204396566564,60.20362960777835,1.274579984423469,0.123433764822464
10077,test,challenge,0.6372420648086577,0.1970357941282174,66.55249908427938,2.8065309604679496,0.10908950947615285
10078,test,challenge,0.8649390455705676,0.3424069194910525,65.35066290778956,1.0230231466696527,0.04374452402566033
10079,test,challenge,0.40704688492129015,0.5240148597833149,64.33063811016233,0.5296881864813017,0.12125034946814399
10080,test,challenge,0.3302741725764785,0.5107141422442335,73.23467961107164,2.7071514011785225,0.1317634395772323
