run,mode,group,lf_mode,hf_mode,tracking_mac,pair_mac,tracking_margin,pair_margin,f_fsdt,f_comsol,hf_transverse_fraction,hf_w_peak_ratio_diagnostic,status,reason
10001,1,calibration,1,1,0.9995891109488304,0.9992463625989964,0.9993281861423952,0.9987044953925059,890.9240486362434,921.0567023012514,0.9968518837500081,1.0,accepted,
10001,2,calibration,2,2,0.9989419210150731,0.9957930131645572,0.9983423914380525,0.992630769890569,1560.1665915942497,1694.0453813789777,0.9951968927911276,0.42507477812509437,accepted,
10001,3,calibration,3,3,0.9987956577630518,0.9984228014797945,0.9983425009927148,0.997270499288469,1854.8321592071431,1894.8720102509183,0.992219430934999,0.40994427956858515,accepted,
10001,4,calibration,4,4,0.9978446189147269,0.9940190538368642,0.996861582382423,0.9902119226646328,2400.0491657381017,2553.762312092428,0.9915616218838036,0.4178286152323093,accepted,
10001,5,calibration,5,5,0.9978779807714677,0.9883328895478609,0.9971866777089663,0.9813067761079791,2443.9026559909,2787.089606163748,0.9946978756464242,0.3067586119433315,accepted,
10001,6,calibration,7,6,0.9972658894425318,0.9977010276882948,0.9967998314173341,0.9960665068961735,3295.4246700485355,3349.898894687579,0.986427421399382,0.29247792072618417,accepted,
10001,7,calibration,6,7,0.9967011991822058,0.9858717988726616,0.9959134934309832,0.9777866044584653,3181.792035970789,3551.8360426510326,0.9915754294166507,0.29540291043009376,accepted,
10001,8,calibration,9,8,0.9869861791436889,0.983281808177463,0.9775401075327085,0.9739781786206909,3734.7476999128326,3910.4884103759678,0.9864941304382627,0.29563906808728513,accepted,
10001,9,calibration,8,9,0.988451214396289,0.9679465927547306,0.9790051427853086,0.9586429631979585,3438.474185087342,4119.331931997498,0.9949456709438206,0.2167879141092008,accepted,
10001,10,calibration,11,10,0.9877837545254181,0.9755140481284039,0.9808238168181854,0.9684286583242894,4395.706127467299,4798.25878382343,0.9870326976945119,0.24906883026042967,quarantined,near_repeated_eigenvalue_use_subspace_target
10002,1,calibration,1,1,0.9997841604390764,0.9997342454000016,0.9996062820840063,0.9995764207911249,913.5821790267231,924.1425867859012,0.9995228127155654,1.0,accepted,
10002,2,calibration,3,3,0.9995229868192338,0.9438818001488837,0.9991794805081767,0.8892463285833487,1729.5325639634193,1776.651772333337,0.9992133558939398,0.31051685218117586,quarantined,near_repeated_eigenvalue_use_subspace_target
10002,3,calibration,2,2,0.999246683770667,0.9440701329084444,0.9987903181290615,0.8894346613429095,1729.3602991090613,1776.60990900398,0.9992808810954593,0.35944764262553947,quarantined,near_repeated_eigenvalue_use_subspace_target
10002,4,calibration,4,4,0.9988010948078047,0.9969504262020967,0.9978411318175004,0.9952777222445116,2414.6175477171255,2512.1265289902435,0.9992559154197963,0.24008784126389632,accepted,
10002,5,calibration,5,5,0.5245450173517443,0.9678758170523354,0.04983534226112485,0.9400084371307769,2833.452686538276,2975.769263043364,0.9992499292526245,0.17864406092103807,quarantined,low_MAC;ambiguous_assignment
10002,6,calibration,6,6,0.524793592149139,0.967384133180424,0.050083917058519556,0.9395167532588655,2859.9283637130025,2998.3249386178263,0.9993562311882043,0.25217631800486706,quarantined,low_MAC
10002,7,calibration,8,8,0.9982818356820191,0.9928619335456457,0.9972794726823927,0.9919791320346611,3420.3698002300853,3629.116988814153,0.9993649481495539,0.12427294943236324,quarantined,near_repeated_eigenvalue_use_subspace_target
10002,8,calibration,7,7,0.9968099332736509,0.9936421406089185,0.995849804683779,0.9924705954531301,3420.042325609392,3622.6879534177374,0.9994356453566652,0.14363902349326857,quarantined,near_repeated_eigenvalue_use_subspace_target
10002,9,calibration,10,10,0.9982693448331716,0.9879461957767521,0.9973092162432998,0.9871837180618656,4144.404785480801,4470.819719095174,0.9992490133177271,0.08370576478399529,quarantined,near_repeated_eigenvalue_use_subspace_target
10002,10,calibration,11,11,0.9970930024403752,0.9892997131993302,0.9964996487182043,0.9888520651519095,4299.90855678903,4632.90170382285,0.9995554291356353,0.11024099051377187,accepted,
10003,1,calibration,1,1,0.9994807992140962,0.9993910671978528,0.9990674683826006,0.9989974457691689,942.3844627186121,974.4905081239145,0.9995032598425985,1.0,accepted,
10003,2,calibration,2,2,0.998616471489746,0.9967486144079343,0.9976205751238252,0.9944630182814151,1645.871276591595,1779.8069691078472,0.9993528988223717,0.42710614526393864,accepted,
10003,3,calibration,3,3,0.99884866497325,0.9987969229811053,0.9982097850332421,0.9979503703629399,1938.6413873748277,1987.0359878886732,0.9987401182216545,0.4125435008137774,accepted,
10003,4,calibration,4,4,0.997791099131193,0.9955401779829283,0.9965591162180772,0.9927587436947852,2511.140847345654,2667.1285053718843,0.9987655549558069,0.42193618323077425,accepted,
10003,5,calibration,5,5,0.9973813252116516,0.9911582509308347,0.9962653878808937,0.9860093009117246,2562.737206217344,2892.4066781856445,0.9993937344057937,0.2715345973940021,accepted,
10003,6,calibration,7,6,0.9978817291161638,0.9982937554669001,0.9972800481866871,0.9971325807500561,3412.0226265832357,3482.0497041568983,0.9979741538565081,0.29783284584483416,accepted,
10003,7,calibration,6,7,0.9965443835508484,0.9894928510115164,0.9951290375939931,0.9836444441763978,3321.8254887698395,3674.884493356709,0.9988096659296638,0.23164490407508484,accepted,
10003,8,calibration,9,8,0.9868673073798845,0.9798782075213991,0.9766745139449866,0.965160170882829,3870.3123177509224,4051.9117277717482,0.998008495343121,0.2828860406741469,accepted,
10003,9,calibration,8,9,0.9870459074816152,0.9680704513942558,0.9768531140467174,0.9533524147556858,3586.722958411956,4212.853616341328,0.9992219443763348,0.1724890859148223,accepted,
10003,10,calibration,11,11,0.990448130506383,0.9828958389777526,0.985457254598096,0.9779161971327889,4553.930107615195,4937.370839877944,0.9979593148287775,0.19657740538999033,quarantined,near_repeated_eigenvalue_use_subspace_target
10004,1,calibration,1,1,0.9996925134610872,0.9999462351761839,0.9994975814533251,0.99989787017158,949.474956290005,1044.8136685878799,0.9960843090108334,1.0,accepted,
10004,2,calibration,2,2,0.9991803576059819,0.9998336076166757,0.9987008637766834,0.9997392210318472,1622.6666647913225,1825.0506001242127,0.9933428104768323,0.43789908366966335,accepted,
10004,3,calibration,3,3,0.9989983020524958,0.9999680547988646,0.9983210232821247,0.9999421170225707,2036.7240149550373,2210.9337783308683,0.990465936400044,0.409426642892651,accepted,
10004,4,calibration,5,4,0.9981721500901004,0.9998893645749033,0.9977421014450559,0.999834374288428,2570.2413889709087,2845.8827297608264,0.9887598103989851,0.4148826963392256,accepted,
10004,5,calibration,4,5,0.9981492711900756,0.999715183017043,0.9973678492908387,0.9996087272449109,2539.1796080094005,2885.3036400545807,0.991470669663755,0.3189739463694641,accepted,
10004,6,calibration,8,7,0.9973421775867239,0.9999652039519138,0.9968802801536789,0.9999541380073554,3649.868645613164,3947.533288255319,0.9829725505979051,0.2926545363585375,accepted,
10004,7,calibration,6,6,0.9971283471742584,0.9997855385336173,0.996620218311916,0.9997219407651626,3362.812437580062,3779.884669254403,0.9875005992610832,0.31674662511719404,accepted,
10004,8,calibration,9,9,0.9898322123642626,0.9997654874971567,0.9830652849995176,0.9996075857731564,4075.5888354381595,4463.842624493602,0.9822292681444525,0.2955716822187044,accepted,
10004,9,calibration,7,8,0.9916039255761526,0.999450580815198,0.9848369982114077,0.9992926790911978,3585.451886122433,4099.528189206892,0.9903864333638163,0.25113969119745405,accepted,
10004,10,calibration,12,11,0.8880602383807378,0.8494209640012643,0.7821143698810903,0.6993991895192027,4738.104866377058,5254.292850863881,0.9817687140400091,0.29746435722721665,accepted,
10005,1,calibration,1,1,0.9999879026318467,0.9999655823489108,0.999974757575608,0.9999506859677764,925.1287775704667,950.6410822744665,0.9920275268652023,1.0,accepted,
10005,2,calibration,2,2,0.9999587338509197,0.9997410060251218,0.9999094394442051,0.9995973842174704,1696.0641854046646,1759.4395639468273,0.9852260949859003,0.4220326465372142,accepted,
10005,3,calibration,3,3,0.9999771743865337,0.9999079788058872,0.9999534819270918,0.9998653849229314,1854.2676728605459,1902.8959172593525,0.983125046502733,0.4114436580536637,accepted,
10005,4,calibration,4,4,0.9999531045745546,0.9995524243758187,0.9999171625002126,0.9993204783734662,2495.606720972941,2583.687153053484,0.9787454938530284,0.4197900597013433,accepted,
10005,5,calibration,5,5,0.9999138685338074,0.9989226556255119,0.9998383399377808,0.9983054462896488,2754.514610138313,2883.4775743326827,0.9797149730761394,0.30970594788009914,accepted,
10005,6,calibration,6,6,0.9999492785025043,0.9997337436728349,0.9999371519234663,0.9996548331912429,3180.2737122250087,3268.0206674649726,0.9735914848556033,0.2905554130383965,accepted,
10005,7,calibration,7,7,0.9999248856440087,0.9985412175039832,0.9998829767675801,0.9985031277042106,3442.238212213309,3597.1292942169357,0.9749796558098364,0.303161080207467,accepted,
10005,8,calibration,8,8,0.999940250193982,0.998889019074144,0.999916063280339,0.998536639675062,3711.170124563344,3839.3996264515845,0.9711907837906599,0.29568802081694384,accepted,
10005,9,calibration,9,9,0.9998847307167691,0.996722718093596,0.9998354363100544,0.9964142713952112,3983.30457317204,4207.343192133767,0.9761431473240428,0.228281297845438,accepted,
10005,10,calibration,10,10,0.99992499010123,0.9979473639129831,0.999915135335506,0.9978684534313912,4530.719700146085,4726.218047924118,0.9694258342111453,0.29451976932777824,accepted,
10006,1,calibration,1,1,0.9942206232690303,0.9998090644250165,0.9891154364566979,0.9996901759170128,909.7418936627774,988.7563305473402,0.9965932606550438,1.0,accepted,
10006,2,calibration,2,2,0.9890625733816023,0.9992416080216383,0.9800817451787591,0.9987920419308003,1315.4781539881676,1475.8370449922872,0.9956982731220417,0.46539489923862765,accepted,
10006,3,calibration,4,4,0.9944821712051346,0.9997959004113856,0.9900498762531493,0.9996792550334609,2070.2529758281576,2216.202568751831,0.989816045750041,0.4081439069660977,accepted,
10006,4,calibration,5,5,0.9905418030980804,0.9993132325548566,0.9836445673171246,0.9989581909397725,2357.903154862693,2570.758938298474,0.989777537456358,0.4104605678231098,accepted,
10006,5,calibration,3,3,0.9828267690058405,0.9982276611230992,0.9744591817755471,0.997358095697213,1844.1634050445368,2106.358838277314,0.9958689783884745,0.3237769651309959,accepted,
10006,6,calibration,11,10,0.9963126093305535,0.999845610449085,0.9950380250527544,0.999788057035442,3756.230078998572,4010.0433481954706,0.9812051791102506,0.29746829412719356,accepted,
10006,7,calibration,7,7,0.9851939309515774,0.9984693898557949,0.9788834911835776,0.9977585747500862,2777.5138920083477,3082.610916470865,0.9900035050646444,0.31999210724576777,accepted,
10006,8,calibration,13,12,0.9898986756830729,0.9663054600507854,0.9861774224092936,0.9339823148223125,3951.1858783784405,4256.545510436531,0.9817864628261861,0.3224782374566889,accepted,
10006,9,calibration,6,6,0.9784524486946636,0.9967413451020499,0.9694716204918205,0.9953524880490549,2421.5823768153714,2795.06472003277,0.9962606644294542,0.2428768699545217,accepted,
10006,10,calibration,15,14,0.9846451414544549,0.992435748915918,0.98010664898451,0.9861340685087632,4262.924466444034,4643.72971037339,0.9812924648124846,0.295260440019945,accepted,
10007,1,calibration,1,1,0.9987393924369049,0.999872402262903,0.9975664766218986,0.9998250940648366,1066.1093556812457,1099.9111826094595,0.9973523616291898,1.0,accepted,
10007,2,calibration,2,2,0.9967942950608821,0.9992764439101348,0.9939554837676702,0.9989241080323378,1779.8477628299759,1860.6171515988801,0.9962560038905979,0.4429254051066825,accepted,
10007,3,calibration,3,3,0.9984536808239479,0.9997873882460069,0.9971099217266189,0.9996860645181521,2161.9055119677373,2227.505261585907,0.9938092616188224,0.411080760717014,accepted,
10007,4,calibration,5,4,0.9969571819398277,0.9990788988562629,0.9943148133304633,0.9986208260017686,2719.872510044857,2829.3286284099645,0.9936867821732892,0.41764240342583375,accepted,
10007,5,calibration,4,5,0.9946196146593483,0.997899961294383,0.9914413175984377,0.9968391669729668,2694.2989799827333,2849.0236626349347,0.9961628536896507,0.3180897165670976,accepted,
10007,6,calibration,7,7,0.9984263931381031,0.9996244956762534,0.9974416968705164,0.9994732726767578,3692.8526319842795,3804.61971461949,0.9904815446801357,0.29467651143700874,quarantined,near_repeated_eigenvalue_use_subspace_target
10007,7,calibration,6,6,0.995238678163149,0.9976761267198855,0.9923790791342926,0.9965439859591002,3503.95147757553,3682.219123970942,0.9940858874087117,0.3144726765101823,accepted,
10007,8,calibration,9,9,0.9903763830507134,0.9988056414697966,0.9829870016576112,0.9982584630733231,4121.797210854808,4273.164623421319,0.9908449452862215,0.2977402013472291,accepted,
10007,9,calibration,8,8,0.9865115484147582,0.9955204975309396,0.979122167021656,0.9951681616531426,3700.4636007786307,3948.2545437343497,0.9965545182779627,0.24590604508785316,quarantined,near_repeated_eigenvalue_use_subspace_target
10007,10,calibration,12,11,0.7689172504957715,0.722112095825569,0.5429143952450491,0.44822409917277944,4766.804470603943,4975.472715410019,0.9915891645484061,0.30023799135143614,quarantined,low_MAC;near_repeated_eigenvalue_use_subspace_target
10008,1,calibration,1,1,0.9988984441586608,0.9994099789479192,0.9979733900839403,0.9990205405655062,966.8488514880762,1000.3834424426234,0.9986155489880768,1.0,accepted,
10008,2,calibration,2,2,0.9971920539997673,0.9969732869293333,0.9950658663405247,0.9948730840743188,1636.4057437562421,1759.5405790497184,0.9981480167024724,0.4343587755523727,accepted,
10008,3,calibration,3,3,0.9980370844829234,0.9989146890333147,0.9967469422710765,0.9981659565120323,2019.257489025023,2070.716896950561,0.9963935528529098,0.41116283873605086,accepted,
10008,4,calibration,5,4,0.9961991314042526,0.9960711874584345,0.9937620093916013,0.9936929039845012,2553.203000383163,2695.27812941518,0.9963647820143741,0.41889392323776486,accepted,
10008,5,calibration,4,5,0.9950421666923747,0.9920139217334885,0.9923383024041956,0.9875067741523134,2499.3478256332714,2780.7908810479676,0.9982555246815782,0.312453644097137,accepted,
10008,6,calibration,8,7,0.9970979696778945,0.9986000832772498,0.9960397900053488,0.9976743855641742,3576.052819054011,3653.5603556160354,0.9937485426222582,0.2970361233167192,accepted,
10008,7,calibration,6,6,0.9940459724139831,0.9909222597950859,0.991394186165271,0.9860500390578759,3306.0304046154524,3603.9283962361837,0.9966014441462708,0.3098179378757252,accepted,
10008,8,calibration,9,9,0.9894473481684913,0.9944751799626095,0.9832414153108108,0.9919237784665244,3992.906273493827,4161.013249158899,0.9939233601769729,0.30095349774924735,accepted,
10008,9,calibration,7,8,0.9884283695022089,0.983407395523898,0.9822224366445284,0.9813071926688836,3454.235973678433,3961.2539273546836,0.9984896987671465,0.24580145495154956,accepted,
10008,10,calibration,12,11,0.9881170825097959,0.9830872336578991,0.9830399020233336,0.9756688675458071,4617.290655276607,4937.137973030652,0.9941706413277889,0.3000103612638101,accepted,
10009,1,calibration,1,1,0.9998594300785623,0.999899080319346,0.9997841357751379,0.9998439449342141,956.7385069540435,967.4678746315552,0.9983308471256289,1.0,accepted,
10009,2,calibration,2,2,0.999612386643511,0.9992402966499746,0.9993027312128152,0.9987744982193816,1806.110492094085,1857.7551098305248,0.9970187271843544,0.41857406004672926,accepted,
10009,3,calibration,3,3,0.9995325026042515,0.9997368224981489,0.9991861349000957,0.9995823721205122,1922.0133055343497,1941.5774352823762,0.9962957394696388,0.4124789154048028,accepted,
10009,4,calibration,4,4,0.999328046478639,0.9987360865140653,0.9989833235231315,0.9979774058467461,2649.2213201349196,2718.188501017048,0.9956098789127683,0.4228305946807412,accepted,
10009,5,calibration,5,5,0.9992845384155095,0.9971069384879727,0.9987528914398586,0.9954284662502375,2986.459323906048,3137.7831327402805,0.9962533100713691,0.3099305259997027,accepted,
10009,6,calibration,6,6,0.9988687488977424,0.9993537068297819,0.998805094056978,0.9990614026172118,3350.292900252244,3382.586270698489,0.9941498934779225,0.2892793210766705,accepted,
10009,7,calibration,7,7,0.9990729084673924,0.9962547909101108,0.9989942636733773,0.9961003405324741,3726.3785781207184,3902.657202859076,0.9952697697171727,0.3016281236920788,accepted,
10009,8,calibration,8,8,0.998537418917042,0.9977532666634705,0.9982899623424213,0.9966234742502977,3968.996515723857,4060.99211122375,0.9939433609790348,0.29795951226026135,accepted,
10009,9,calibration,9,9,0.9986878886364787,0.9927778183562681,0.9983782332057829,0.9923120199256751,4375.759982311451,4706.617977421058,0.9959817477939147,0.21822991586572263,accepted,
10009,10,calibration,10,10,0.9986417815633533,0.9950133953238607,0.9985815539956785,0.9947210911112906,4922.872820470846,5132.921413223525,0.9940880177212615,0.2664741720803236,accepted,
10010,1,calibration,1,1,0.9992866616135914,0.9998023102385872,0.9986268076817939,0.9997291856568331,1046.7435679764994,1070.8333762825782,0.9987118931527869,1.0,accepted,
10010,2,calibration,2,2,0.998053016124419,0.9988199768256856,0.9962646627430476,0.998217588377373,1799.777694831494,1869.0466517964646,0.9982265576906786,0.43430851815878263,accepted,
10010,3,calibration,3,3,0.9990460493474503,0.999615391636247,0.9982975395465378,0.999451599549642,2078.4006504879926,2129.8557970113234,0.9971679059260959,0.4133399360376289,accepted,
10010,4,calibration,4,4,0.9981245610705007,0.9984376265818409,0.9965618304830878,0.9976531356531966,2677.8063524614436,2774.319627362728,0.9972287794975829,0.4208980930559696,accepted,
10010,5,calibration,5,5,0.9966777556316015,0.9964801618284489,0.9945369435327865,0.9946303940551803,2769.3231806837066,2921.63077587032,0.9983374708657622,0.3140527875568797,accepted,
10010,6,calibration,6,6,0.9988423931793085,0.9992218731119232,0.9982641125479822,0.9989441900433991,3511.474682264417,3605.7194719940862,0.996008811889754,0.29698282653229796,quarantined,near_repeated_eigenvalue_use_subspace_target
10010,7,calibration,7,7,0.9970902010677509,0.9959589905734627,0.9952429783913385,0.993952014004446,3520.100675639614,3696.34881047359,0.9975830966315082,0.30878065083623135,quarantined,near_repeated_eigenvalue_use_subspace_target
10010,8,calibration,9,9,0.9750431230464022,0.7497498970894152,0.9516234441061363,0.5031309325883042,3982.84480747654,4129.222143304499,0.9971599465164933,0.27799868779776404,quarantined,low_MAC
10010,9,calibration,8,8,0.9727068108273381,0.7472925293763374,0.9492871318870723,0.5006735648752264,3841.485772312403,4102.3323092410365,0.9977554616176015,0.3138195832086692,quarantined,low_MAC
10010,10,calibration,11,11,0.9974189374593614,0.9950565017140632,0.9968406568280351,0.9947788186455391,4681.474869636487,4897.123692517721,0.9967645151214338,0.29787240975997037,accepted,
10011,1,calibration,1,1,0.9996024619115949,0.9999204077138195,0.999249425328092,0.9998589106653947,1026.5265748107804,1078.9288596878257,0.9929778915991603,1.0,accepted,
10011,2,calibration,3,3,0.9985176352884056,0.9997809914973366,0.9972632569034733,0.9996557295195464,2022.074759746878,2115.2077040193903,0.9856525208814021,0.41509292258266467,accepted,
10011,3,calibration,2,2,0.9992375650407292,0.9999418645359968,0.9985789707644277,0.9998987924698031,1964.265804980632,2076.014382761125,0.9856042205446308,0.41099134567660084,accepted,
10011,4,calibration,4,4,0.9978989588256579,0.9998309412708695,0.9962930492382954,0.999734756015778,2824.0322775618883,2966.891202183516,0.9801248682801171,0.41992924018670463,accepted,
10011,5,calibration,6,6,0.9800979876602098,0.9988565815640217,0.9631491481870753,0.9980098936570216,3443.606489621739,3603.819991825643,0.9780665186594605,0.30656655412560196,accepted,
10011,6,calibration,5,5,0.9821376066063097,0.9991074799032592,0.9651887671331751,0.9982607919962592,3297.6221033164256,3490.800812617791,0.9781583633100871,0.3191804428082522,accepted,
10011,7,calibration,8,8,0.9958431845437135,0.999737760619871,0.9951845902674119,0.9996232218235191,4128.153525251285,4329.431265876156,0.9739934245769237,0.29996205828037037,accepted,
10011,8,calibration,7,7,0.9961256722717601,0.9998467037455268,0.9940926904524859,0.9997813578416694,4039.7310157732186,4258.518191245536,0.9742950044553488,0.29444268288875486,accepted,
10011,9,calibration,10,10,0.9939644723347986,0.9996308175284871,0.9926739403187946,0.9994795491884728,5156.066606673504,5403.53002134039,0.9707745314681517,0.23167023723446067,accepted,
10011,10,calibration,11,11,0.9951946263215876,0.9997186467004374,0.9943421175833168,0.999638242354169,5206.571618962015,5474.7290409400575,0.9698906169919305,0.293182328156632,accepted,
10012,1,calibration,1,1,0.999053382243411,0.9992901827338326,0.9984603975400123,0.9989341017291624,860.9682841107945,884.4092667006054,0.9970745179455713,1.0,accepted,
10012,2,calibration,3,3,0.9977779778641217,0.9976348121921267,0.9964892449980677,0.9969043694725773,1688.4718134811126,1753.4711763919274,0.993904250908722,0.4144911623828567,accepted,
10012,3,calibration,2,2,0.9970653865939976,0.996446986998709,0.9953568193244186,0.9941910140888963,1566.9680918823656,1664.4066043512682,0.995560334335533,0.4204317884001308,accepted,
10012,4,calibration,4,4,0.9950835632351474,0.9940578787465311,0.9921717993051148,0.9913168007020878,2271.1446705892163,2426.3764596486076,0.9936060319561671,0.4232785842041774,accepted,
10012,5,calibration,6,6,0.991389283187919,0.9937305518995602,0.9861107056465032,0.9926802360176283,2853.0811766973957,3015.311668126037,0.9915419670412843,0.2900745112542916,accepted,
10012,6,calibration,5,5,0.9893799799187675,0.990005994454656,0.9841014023773517,0.9838403230208074,2506.954685930853,2779.959611565501,0.9951840757667323,0.2974767636485675,accepted,
10012,7,calibration,8,8,0.9913686658654709,0.9886656956142515,0.9877925894807265,0.985429488725711,3328.5366284456463,3601.004056923077,0.9918720163632201,0.296969439397096,accepted,
10012,8,calibration,7,7,0.990138895018275,0.9872033156022741,0.9849614706715678,0.9865115168667871,3108.2130759235965,3455.922975535825,0.9939695860804687,0.26171064018208634,accepted,
10012,9,calibration,12,11,0.9944894029954223,0.986887643328047,0.9930024732292788,0.9857487643706718,4236.8226578624735,4580.223153188703,0.9900600917373102,0.22829543736272526,accepted,
10012,10,calibration,10,10,0.9887413379869775,0.9827413019302326,0.9870933661889142,0.9816909860483007,4047.7944320464558,4535.766279154824,0.9928098645518066,0.23160281403264682,accepted,
10013,1,calibration,1,1,0.9998076610773196,0.999821997267042,0.9996316564987527,0.9996950575279654,1034.4669596531576,1047.0130949301067,0.9995134239181572,1.0,accepted,
10013,2,calibration,2,2,0.9996248165745399,0.9994520606067102,0.999301030192827,0.999297847385653,1943.2357820079483,1970.0731600405566,0.9991801796074662,0.4183378204109188,accepted,
10013,3,calibration,3,3,0.9992664105219637,0.9996114770045496,0.9987808117433672,0.9994260377724907,1957.512861993778,2003.5020491987214,0.9992014808514953,0.4151412085707026,accepted,
10013,4,calibration,4,4,0.998949227646211,0.9991300819731713,0.9984319037587505,0.9988499137267415,2716.659830188398,2780.982440944738,0.9991477092913398,0.42538288527441753,accepted,
10013,5,calibration,5,5,0.9229544439179272,0.9779532337259228,0.8463460569840555,0.957297351673075,3172.079987792159,3245.2223604744845,0.9991313906551295,0.33521379146796226,accepted,
10013,6,calibration,6,6,0.9222216375512453,0.9781473825208291,0.8456132506173736,0.9574915004679813,3223.395963216938,3325.005195004258,0.9992144436940041,0.317551351998892,accepted,
10013,7,calibration,7,7,0.9986052835507834,0.997996851366502,0.9976572283153976,0.9977409555628534,3823.4360223655394,3933.3584108227183,0.999230744569818,0.3019990876993608,accepted,
10013,8,calibration,8,8,0.9970815212007506,0.9981369510704302,0.9962197747902604,0.9979426343682548,3850.057332698446,3977.544051874033,0.9992531617456356,0.30082371350214443,accepted,
10013,9,calibration,9,9,0.9986165435797727,0.9964699322064491,0.9977547971692825,0.9963844167353486,4599.568975846377,4749.422877032983,0.9991522240798374,0.23085558571660872,accepted,
10013,10,calibration,11,11,0.9974887134800103,0.9967964005431992,0.9969904166598451,0.996747278723628,4814.138459506092,4990.594122245241,0.9993961936862177,0.3003484833418896,accepted,
10014,1,calibration,1,1,0.9998963130223492,0.9999315352428335,0.999794585708788,0.9999115459984529,974.3548878250871,984.002844647346,0.9972157285265077,1.0,accepted,
10014,2,calibration,2,2,0.9996368075959242,0.9994939230514,0.9993227050205888,0.9992167466560438,1849.7397659921824,1884.1038871097787,0.994815131443042,0.4160731911307159,accepted,
10014,3,calibration,3,3,0.99980816642989,0.9997235090611353,0.9996433180522138,0.9996058633995626,1896.888134203405,1925.9971809839444,0.994470630157722,0.41308622572030773,accepted,
10014,4,calibration,4,4,0.9994937693466042,0.9990423413166257,0.9990639332500975,0.9986744063527857,2639.770281857557,2701.2559925995542,0.9931357819327934,0.42404657332713236,accepted,
10014,5,calibration,5,5,0.9954263533016886,0.997903790596,0.9915439660741251,0.9967575526236945,3062.7362274197108,3160.5901836055405,0.9930820911140439,0.3203919762497487,accepted,
10014,6,calibration,6,6,0.9959268940219576,0.998987066130632,0.992044506794394,0.9988550912210336,3204.8459787777065,3274.5438740294,0.9921943160941826,0.30249484195131515,accepted,
10014,7,calibration,7,7,0.9990643418782149,0.9971902116104095,0.9988994935005387,0.9970562979668393,3740.1829949445473,3872.3769351350143,0.9921961785460887,0.30057632769976395,accepted,
10014,8,calibration,8,8,0.9986233231506171,0.998048727310321,0.9978650044301571,0.9974688778313173,3831.133522786592,3942.222708299387,0.991591823694409,0.29946731040987373,accepted,
10014,9,calibration,9,9,0.9982648204919844,0.9944943454506475,0.9975065017715244,0.9942171690552913,4489.482876664027,4704.710838796521,0.9922616839526351,0.23074430757216338,accepted,
10014,10,calibration,11,11,0.9989023252708875,0.9958657353420722,0.998725232549198,0.9957337604324737,4799.714120709759,4991.71709996483,0.9914526038555392,0.2998742674196139,accepted,
10015,1,calibration,1,1,0.9998133434122223,0.9996873384470777,0.9996428086709661,0.9995155576371323,964.7540091617577,979.4563894299771,0.9993997118979601,1.0,accepted,
10015,2,calibration,2,2,0.9994564565169365,0.9979311610737067,0.9990031462343106,0.9967100512404464,1720.7443631345554,1789.7241706753803,0.9992102404870632,0.4263736579224441,accepted,
10015,3,calibration,3,3,0.9996304576840961,0.9992947190684048,0.9993785523958729,0.9988834466583529,1943.0531106365147,1973.8681702162482,0.998605964543057,0.4128700927860552,accepted,
10015,4,calibration,4,4,0.9992219394844771,0.9970048664415267,0.9987281174973769,0.9952732976725371,2563.3549244069272,2655.4574101913804,0.9986626618228328,0.42260094026385814,accepted,
10015,5,calibration,5,5,0.9989114993007474,0.9935510757402544,0.9983761947452753,0.9898333132662265,2716.1982801008267,2905.790899503988,0.9992974217933948,0.2938898532677221,accepted,
10015,6,calibration,6,6,0.9993453569043198,0.9987159637550991,0.9991014465079263,0.9980314112834603,3359.8041312257133,3418.815888390668,0.9979547866063889,0.2965806793732786,accepted,
10015,7,calibration,7,7,0.9987359079522592,0.9922051700312671,0.99811161052872,0.9880009842061115,3447.2035234132204,3663.6209192857496,0.9988095185389498,0.2514258060010725,accepted,
10015,8,calibration,9,8,0.7815381942427893,0.7801504033604288,0.5637169906505433,0.5654580774874662,3868.224384080559,3988.7120242627143,0.9980673612608277,0.30148594014861274,quarantined,low_MAC
10015,9,calibration,8,9,0.7820134162363347,0.7730209390716057,0.5641922126440887,0.5583286131986431,3830.9156952790263,4226.625708035289,0.9992654952072112,0.17907041432053056,quarantined,low_MAC
10015,10,calibration,11,10,0.9983976467673955,0.9904755498061345,0.998153736371002,0.9897909973344957,4614.677727002772,4872.8327543490595,0.9981832830725087,0.21292583335677362,accepted,
10016,1,calibration,1,1,0.996435883433034,0.9994004068067242,0.9932281884431471,0.9990170061597423,972.2686344049444,1013.8076868062195,0.997312371361376,1.0,accepted,
10016,2,calibration,2,2,0.9925025059001018,0.9971805425005666,0.9860734578254537,0.9953074350513381,1514.228135589912,1626.3844496644872,0.9966264025663482,0.4500701846979996,accepted,
10016,3,calibration,3,3,0.9961994799246803,0.9990981692260721,0.9928676636581097,0.9985212173948373,2077.115020023537,2145.7872901848505,0.9927426841316014,0.4096011201699425,accepted,
10016,4,calibration,5,5,0.9932201432813463,0.9968480360984762,0.9876356550041477,0.9951066277103428,2483.597836992258,2615.363880960053,0.9928654543097963,0.41380040668073226,accepted,
10016,5,calibration,4,4,0.9881272534259428,0.9930271446546886,0.9813663480741602,0.9893581360476815,2204.6588895493023,2421.2726773655627,0.9969073803638536,0.31569099456826116,accepted,
10016,6,calibration,8,8,0.9937505756045433,0.996065528041447,0.9902850842717129,0.9931922098002187,3651.215460560444,3763.025872644434,0.9877910282264221,0.2942238526552777,accepted,
10016,7,calibration,7,6,0.9894659182315022,0.9929169511716622,0.9840981110860355,0.9893964474202559,3057.572559075147,3286.5142004125855,0.9933611519861416,0.31338903308908617,accepted,
10016,8,calibration,11,10,0.991179043645309,0.9968485107859465,0.986797360935699,0.9952111911272273,3946.051637600219,4112.459567545387,0.9880386930603751,0.29686898262359446,accepted,
10016,9,calibration,6,7,0.9830433434585825,0.9869606328852687,0.9766142953839344,0.9808379825293314,2955.4512676369336,3305.732633019852,0.9974094805756104,0.23944372772765354,accepted,
10016,10,calibration,12,12,0.991980002281426,0.9932321922586962,0.9901354048149119,0.9926433238278046,4394.542795297671,4649.362179674621,0.9885153955088423,0.29615836207431456,accepted,
10017,1,calibration,1,1,0.9995990786047008,0.9999222279712973,0.9992462882130991,0.9998621549977119,1019.857130462696,1071.72745614654,0.9927697990108703,1.0,accepted,
10017,2,calibration,3,3,0.9985286266500338,0.9997868373019853,0.9972964344629845,0.9996645206731325,2011.7591096458536,2103.3839504405605,0.9852562632498071,0.41682245496004156,accepted,
10017,3,calibration,2,2,0.9992139123395004,0.9999413606585315,0.9985417445897752,0.9998993159777066,1945.2759096742866,2055.8486440876504,0.9852291033477594,0.4113458830143304,accepted,
10017,4,calibration,4,4,0.9978689357876716,0.9998331645274161,0.9962570363890234,0.999739667369049,2801.010498745505,2941.3860449647755,0.9796066760630863,0.4198072840611582,accepted,
10017,5,calibration,6,6,0.9831609319892716,0.9992667106845539,0.9692460759103915,0.9988238036603093,3426.3154253679627,3583.946455101344,0.9774982183351775,0.303422182731949,accepted,
10017,6,calibration,5,5,0.9851242004729218,0.9995009436623083,0.9712093443940417,0.9990580366380638,3259.515254897241,3449.958300933343,0.977747840675439,0.31428463805281037,accepted,
10017,7,calibration,8,8,0.9958007468993991,0.9997359849980378,0.9951285791496739,0.9996256099442301,4098.466463427374,4296.027782161385,0.9733623147235188,0.30107455369735825,accepted,
10017,8,calibration,7,7,0.9960181221846033,0.9998350976529154,0.9939493463131339,0.9997712000642497,3997.057028966644,4211.609200943842,0.9737504865759282,0.29413458256858666,accepted,
10017,9,calibration,10,10,0.9940512101285143,0.9996041537486654,0.9927382234563977,0.9994587273912936,5128.9978813813905,5373.100593123049,0.9701133313854186,0.23296297261795487,accepted,
10017,10,calibration,11,11,0.9950756302574026,0.9996713925694296,0.9942055190154461,0.9995952708932226,5157.183049070759,5419.63509538709,0.9692507732955351,0.2918587646303704,accepted,
10018,1,calibration,1,1,0.9999585877324937,0.9999218760669056,0.9999121363883255,0.9998620737966586,1036.463984947619,1052.664404883753,0.9962669200317653,1.0,accepted,
10018,2,calibration,2,2,0.9999247625149914,0.9996334796208141,0.9998653390631446,0.9995054068824188,1904.7072119439742,1952.8282202735527,0.9932248312203344,0.42684460502357546,accepted,
10018,3,calibration,3,3,0.9997935105029868,0.9999012522098008,0.9995777050703178,0.9998643983579278,2090.922033879227,2124.014863313607,0.9917319878036694,0.41074251529306605,accepted,
10018,4,calibration,4,4,0.9997411020947697,0.999523825958062,0.9994937733268399,0.9992976179054658,2818.4994843471068,2887.9980917763182,0.9899113807041304,0.4193973620231794,accepted,
10018,5,calibration,5,5,0.9998416472912683,0.9988723572644006,0.9997633805815513,0.9983163369576417,3087.5490492206586,3201.9259327630243,0.9910405479902731,0.31356233770778197,accepted,
10018,6,calibration,6,6,0.9994063864350072,0.9998113573747825,0.99935445653264,0.9997309652792343,3629.9287096935614,3686.807229043178,0.9865626468001836,0.2920745336110504,accepted,
10018,7,calibration,7,7,0.9996876228755885,0.9986040776990264,0.9996861444392285,0.9979211083743705,3882.4358436771513,4020.2652111750785,0.988549367922222,0.30920137967848377,accepted,
10018,8,calibration,8,8,0.9989554861668182,0.9984046875142257,0.998528464157045,0.9975212462922888,4234.130923767634,4331.543088031739,0.9857388755328043,0.296692919022056,accepted,
10018,9,calibration,9,9,0.9994392537319626,0.9964021067907948,0.9990122317221894,0.9955186655688578,4454.991339708061,4673.289675633999,0.9898290643850639,0.23184406085120618,accepted,
10018,10,calibration,11,10,0.9993151500092983,0.9981784662256001,0.9992368832995813,0.9980980741300519,5159.644024329493,5327.424689492308,0.9853804378137742,0.2955051448413712,quarantined,near_repeated_eigenvalue_use_subspace_target
10019,1,calibration,1,1,0.9993266506895079,0.9992881544822335,0.9988695437900957,0.9987918206157433,785.9568339947145,803.9714058923344,0.9924354846558754,1.0,accepted,
10019,2,calibration,2,2,0.998137885549878,0.9959863777379327,0.9971231913628706,0.993059139765237,1290.0389627661118,1394.8739205243419,0.9879890368516682,0.42709075603091545,accepted,
10019,3,calibration,3,3,0.9984864558640241,0.998569478121858,0.9977831660768317,0.997577426182456,1717.5522893892494,1721.8718017224098,0.9814837986611159,0.4091749126818997,accepted,
10019,4,calibration,5,4,0.9969219070923996,0.9944150630934919,0.9955497832136986,0.9910117937437486,2104.796558988698,2202.4234423656267,0.9790796531894954,0.4137671602088609,accepted,
10019,5,calibration,4,5,0.9962811713941686,0.9888156829111806,0.9949204087072776,0.9823185838618461,1969.6253543068322,2228.942642878182,0.9858317049834059,0.3033154080220807,accepted,
10019,6,calibration,8,7,0.9969141686588386,0.9979473495549337,0.9963125832800239,0.9966135505028062,3096.12253174666,3089.339854578773,0.9672159429165577,0.291361168446662,accepted,
10019,7,calibration,6,6,0.995029015253748,0.9867332505288952,0.9934559649564726,0.9793993632721588,2679.818806086164,2938.9326666738316,0.9779307122080042,0.3008798567797064,accepted,
10019,8,calibration,10,9,0.9904128115115857,0.9929959826429989,0.9853015390704639,0.9890825391490518,3395.496894865463,3483.0981014338117,0.9666143940300368,0.29309543946085176,accepted,
10019,9,calibration,7,8,0.9910898322340476,0.9775335773875581,0.9859785597929258,0.9746063394148623,2737.205299907564,3231.995274964455,0.9854082956436138,0.23592611003277306,accepted,
10019,10,calibration,12,11,0.991229678318192,0.9821087191324274,0.98945493436818,0.978773589151723,3861.8938013873703,4112.865080303503,0.9665591007633831,0.29123497200654574,accepted,
10020,1,calibration,1,1,0.9997026288995451,0.9999646173322146,0.9994870475233797,0.9999406841391928,1015.954497187689,1109.088513198874,0.9944575018531835,1.0,accepted,
10020,2,calibration,2,2,0.9989314606105313,0.999895138425813,0.9980038198291443,0.9998411059054354,1905.8934378035576,2092.745046077816,0.9886791761638946,0.4170582586800575,accepted,
10020,3,calibration,3,3,0.9993237771869927,0.999973412983924,0.9989585956553427,0.9999572797418792,2079.133917165793,2256.4946655700205,0.9878846729869181,0.40973311521427425,accepted,
10020,4,calibration,4,4,0.9986056990377958,0.9999218866218794,0.997750868967113,0.9998822922552367,2838.408389883799,3102.991201593537,0.9834291750678842,0.41843582008647834,accepted,
10020,5,calibration,5,5,0.9977540111778719,0.9998206842890053,0.9960041686201949,0.9997459921106163,3183.018205952835,3498.337946905788,0.9826832590432754,0.28220790284517117,accepted,
10020,6,calibration,6,6,0.9986265225646793,0.9999679903415324,0.9983666664200603,0.9999545746481963,3640.9243562972065,3943.890046686736,0.9796384438348429,0.2892561779404443,accepted,
10020,7,calibration,7,7,0.9976012723543225,0.9998693964785748,0.9973362038473428,0.9998129827288159,4000.0195854740537,4388.003829507569,0.9784901164125294,0.2780415508528191,accepted,
10020,8,calibration,8,8,0.9979224830635568,0.9999297760774919,0.9972123924925461,0.9999038753918227,4290.7223081015045,4672.727034313406,0.9764514250534577,0.29447194671216886,accepted,
10020,9,calibration,9,9,0.9962282986729465,0.9997846345761261,0.9953006578915595,0.9996859468578031,4722.136324776493,5190.2126260455525,0.9772824562311813,0.20412696651859,accepted,
10020,10,calibration,10,10,0.9973912984081439,0.9999010491722639,0.9971314422635249,0.9998618012426429,5319.451890453948,5817.547476218041,0.9729119507971666,0.28006320125533823,accepted,
10021,1,calibration,1,1,0.9993079915437316,0.9999407830947179,0.9989318314019258,0.9999021268801789,845.7370902779754,906.932997333989,0.9931724395363427,1.0,accepted,
10021,2,calibration,2,2,0.9980438523882075,0.9997031888769261,0.9970528734512322,0.9995270111473754,1342.5419701334224,1497.2244181412682,0.9872876779403876,0.4398922678773177,accepted,
10021,3,calibration,3,3,0.9982781013493116,0.9999180573346559,0.9977152745698438,0.9998619555766707,1911.104775886988,2009.6630938208011,0.9844720794038112,0.408995102435401,accepted,
10021,4,calibration,5,5,0.9964601619801858,0.9996559827425125,0.9953150086708328,0.9994402832501589,2281.1660957888953,2468.2602281517275,0.9799999275698992,0.4128326195112572,accepted,
10021,5,calibration,4,4,0.9960051238784886,0.9992302169215768,0.9943468563680862,0.9988034260870954,2031.0348699921199,2313.9351228993623,0.9836345881598066,0.31861288620162104,accepted,
10021,6,calibration,8,8,0.9951942628720056,0.9992768715816785,0.9942783480884662,0.9986404995724243,3497.2730093120413,3660.580756167016,0.9724186804485491,0.29167202237564255,accepted,
10021,7,calibration,7,6,0.9943010573612339,0.9991749398045242,0.9929602083787298,0.9987236828138246,2849.868131811898,3163.689101833611,0.977051847693567,0.3168791936285315,accepted,
10021,8,calibration,11,10,0.9896684935686335,0.9996260059668886,0.9851330944599801,0.9994667154453172,3778.6298677321674,4020.8168588084295,0.9697989248364429,0.2943155592974626,quarantined,near_repeated_eigenvalue_use_subspace_target
10021,9,calibration,6,7,0.9914128053674897,0.998482806257899,0.9868774062588362,0.9977365658484222,2817.133958771654,3251.8461525035896,0.9814572599489492,0.2469336482420969,accepted,
10021,10,calibration,12,12,0.990180913760741,0.9990410359693631,0.9885226462503386,0.9988993076560558,4231.011614878303,4590.767147698528,0.9679992310878928,0.2956349418794711,accepted,
10022,1,calibration,1,1,0.9989306921054493,0.999691858308022,0.997954855322676,0.9995359414793297,1012.5056177572936,1038.0536967588482,0.9983212662610996,1.0,accepted,
10022,2,calibration,2,2,0.9972327679490727,0.9980878662477362,0.9947217437404821,0.9969312501896191,1713.062803869095,1790.613569588333,0.9977204717327902,0.4350049585458424,accepted,
10022,3,calibration,3,3,0.9986129885958624,0.999356510480826,0.9975370784340506,0.9990337143806667,2016.971874904139,2069.8944459356594,0.9962593736595516,0.41238582206460905,accepted,
10022,4,calibration,4,4,0.9973962496939811,0.9974678234458841,0.9952012355114812,0.9961365678439179,2568.8942395796803,2673.2444162263537,0.9963571806666689,0.41952984910001506,accepted,
10022,5,calibration,5,5,0.9953968039905764,0.9944181173408617,0.9924709042337573,0.991408351771077,2609.69217329427,2781.0753772105895,0.9978879157625993,0.3126516076262381,accepted,
10022,6,calibration,7,6,0.9983765307003197,0.9987773948117518,0.9975829791539522,0.9982863583310599,3404.566406777508,3502.6057739845537,0.9946671042035885,0.29586662506444295,accepted,
10022,7,calibration,6,7,0.9960284993759122,0.9936673067078475,0.9935359627680678,0.9904728006091604,3341.8563768772824,3536.7550699544304,0.996825571377436,0.30778211962005586,accepted,
10022,8,calibration,9,9,0.9862120113071282,0.9888858249401178,0.9745030837338955,0.9812556540675225,3832.95746466354,3982.5709903114985,0.9951210424092247,0.3024254234145374,accepted,
10022,9,calibration,8,8,0.9829022970290204,0.9809223769478344,0.9711933694557877,0.973292206075239,3596.698899684567,3900.0064508756996,0.998194016787089,0.25731734348373086,accepted,
10022,10,calibration,11,11,0.9954690954584778,0.9917051921577035,0.9939228116287514,0.9906626502682271,4468.463745710792,4705.409356944707,0.9956420239622031,0.2966588085168053,accepted,
10023,1,calibration,1,1,0.9996657079720349,0.99983430357462,0.9994412180696405,0.9997833858372004,1019.4219849896263,1039.3465192793656,0.9981518108850103,1.0,accepted,
10023,2,calibration,2,2,0.9991116268758461,0.9988991142244072,0.9983424836677588,0.998350404904226,1810.9439077141237,1866.4602326834943,0.9971518309743409,0.42481603695941295,accepted,
10023,3,calibration,3,3,0.9992727128713628,0.9995658809290897,0.9989176388161649,0.9994384194793008,1969.479831549965,2018.9064582692135,0.9963293270420687,0.4142697879107322,accepted,
10023,4,calibration,4,4,0.9989153436372701,0.9983488472529736,0.9984346281860594,0.9976054082000279,2610.066434163489,2697.009582069777,0.9961559419738995,0.4230971974832108,accepted,
10023,5,calibration,5,5,0.9985605198534998,0.9962820971756002,0.9976245988006822,0.9943064201862768,2842.8138728175286,2973.7249994403314,0.9970208590731234,0.3100235039111048,accepted,
10023,6,calibration,6,6,0.9986589777979951,0.9988318794791363,0.9985060906957962,0.9985837871674718,3268.3713694156836,3366.6051113477265,0.9951666083805045,0.29497543525820935,accepted,
10023,7,calibration,7,7,0.9985457668761568,0.9954817592697335,0.9979672136368154,0.9953542978199446,3516.7948698424984,3678.0750285371982,0.9964572833506714,0.3023633460036912,accepted,
10023,8,calibration,8,8,0.9983609702745254,0.9965672220344145,0.9980540330285751,0.9955992746985968,3780.5709912312977,3919.1055604410744,0.9954039404769978,0.3010377827130149,accepted,
10023,9,calibration,9,9,0.9978036805624665,0.9906285365036401,0.9970345373543792,0.9898704650370346,3998.362411908999,4243.923142822152,0.9973312076595714,0.22597123012318426,accepted,
10023,10,calibration,10,10,0.9984308859592426,0.9942113656313039,0.9982779988570437,0.9939632733196393,4548.6990735598265,4761.404112524069,0.9960425418036236,0.2984730903494121,accepted,
10024,1,calibration,1,1,0.9969931098982917,0.9999268869115222,0.994284418796752,0.9998968898026196,1045.0349659098838,1097.9485265806306,0.9968948698437854,1.0,accepted,
10024,2,calibration,2,2,0.9934033304712591,0.9996629920702031,0.9878053023315407,0.9995052164975443,1637.6673075838653,1747.7011184194982,0.9958795190627325,0.4592857546600142,accepted,
10024,3,calibration,3,3,0.9966278415532536,0.9999064484490263,0.9936928100086999,0.9998576206113872,2231.0688832114765,2329.0184221311833,0.9917446029257829,0.4088194810291045,accepted,
10024,4,calibration,5,5,0.9938169800873942,0.999644035312742,0.9887596666647189,0.9994666063593634,2676.0328030292985,2823.8579853110255,0.9916897692286645,0.4120728359680377,accepted,
10024,5,calibration,4,4,0.989399677065341,0.9991531655061097,0.9834022947986528,0.9987461379831345,2396.851123211057,2581.7482359603355,0.9958665943715764,0.3247513564794015,accepted,
10024,6,calibration,8,8,0.9964684694682098,0.999526433392797,0.9947352008639159,0.9991695375657734,3920.0852214796514,4084.8350751909425,0.9860195613061873,0.29055639393822597,accepted,
10024,7,calibration,7,7,0.9903375841563374,0.9991008125384447,0.9853763544471136,0.9987034058485924,3307.158591116908,3523.769100898522,0.9920756297876184,0.32119168483590477,accepted,
10024,8,calibration,11,11,0.9911941679688158,0.9979434192154998,0.9866944093810869,0.9962958318476054,4245.610017632707,4450.949486957828,0.9863237319876069,0.29621966054561555,quarantined,near_repeated_eigenvalue_use_subspace_target
10024,9,calibration,6,6,0.984178856825539,0.9982798804921688,0.9785808286858206,0.9975175761994133,3226.023115100554,3495.0416364084754,0.9962834721938842,0.24559320887747382,accepted,
10024,10,calibration,12,12,0.9920960668833085,0.9991544791505077,0.9903627982790146,0.9990990783851295,4740.480341187936,5005.49159173498,0.9868868301214043,0.2921017920981603,accepted,
10025,1,calibration,1,1,0.9991360507336953,0.9995906794048641,0.9983580711491882,0.9994060704567721,935.2087273662715,949.3616595044705,0.9998569606346297,1.0,accepted,
10025,2,calibration,3,3,0.9985774723708226,0.9985608272121462,0.997345091948283,0.9980866391507828,1767.0456383985509,1808.2821455010837,0.9997297817536361,0.41846853690847713,accepted,
10025,3,calibration,2,2,0.9969032573042994,0.9979035608292764,0.9944328523895704,0.9966679168698177,1694.9149975072892,1766.2090320598293,0.9998316600457282,0.42090367250088584,accepted,
10025,4,calibration,4,4,0.9961688676730172,0.9964476554092021,0.9929607319632289,0.9951135706047762,2387.5841290541084,2494.602352750856,0.9997918601157868,0.4278088423693718,accepted,
10025,5,calibration,6,6,0.9872082534396156,0.9952594356316025,0.9759922103360396,0.9947745411889022,2888.248750463672,3004.641287041488,0.9997024949462554,0.30134427102933603,accepted,
10025,6,calibration,5,5,0.9827771978925538,0.9934347699088575,0.9715611547889778,0.9899209942596112,2692.7901297419958,2879.6460606298915,0.9997773428822652,0.271277211925637,accepted,
10025,7,calibration,8,8,0.9953532954762834,0.9930712397960368,0.9918867401875153,0.9914589271815817,3390.6741328832145,3580.3875812271594,0.9996763550405157,0.29242131747046124,accepted,
10025,8,calibration,7,7,0.9916049190953001,0.9920549999809737,0.9903695986696696,0.9914459347421445,3270.310321216303,3502.02034227664,0.9996919600848532,0.24063882538422587,accepted,
10025,9,calibration,11,10,0.9971823671454074,0.9899493236007937,0.9958831490230067,0.9894049328659955,4170.939822805882,4424.269006466507,0.9993732631420496,0.18897405476143792,accepted,
10025,10,calibration,10,11,0.9922282735572914,0.9886129845008947,0.9907494056403169,0.9881280900581945,4145.593324715111,4469.596732006106,0.9994312713651207,0.21412687727048504,accepted,
10026,1,calibration,1,1,0.9957447616427287,0.9974441327614226,0.9919452041755101,0.9954494077348545,883.7132331591671,933.3228431303004,0.9991651846532684,1.0,accepted,
10026,2,calibration,2,2,0.9914202931659329,0.9899887442008296,0.9841416201741161,0.9821227780985592,1368.7454071124648,1544.9776604173726,0.9990578141911595,0.3687997945428632,accepted,
10026,3,calibration,3,3,0.9954979747433043,0.9964773975229164,0.9916976545388365,0.9938163104543951,1906.0173272463048,1973.8888095956913,0.9974995828930171,0.4119168062040119,accepted,
10026,4,calibration,5,5,0.9921658522341023,0.9892391513693595,0.9860145493505781,0.9826440354526206,2270.634678503915,2457.1881622329156,0.9974730037262555,0.3025665958135664,accepted,
10026,5,calibration,4,4,0.9865346086789228,0.9780620975562357,0.9797253309063948,0.971655686793803,1983.2976853710745,2372.5615150931844,0.9990466940657393,0.21944592220812717,accepted,
10026,6,calibration,10,8,0.9887584151886198,0.9886903485050409,0.9808058109401215,0.9797138295070896,3385.950771336019,3486.107815799271,0.9957439504537878,0.2996696156856803,quarantined,near_repeated_eigenvalue_use_subspace_target
10026,7,calibration,7,6,0.987872942982395,0.9780014865034447,0.9820886977202476,0.9663775894715605,2783.726299573023,3175.261402429567,0.9972812831608876,0.18118584201290783,accepted,
10026,8,calibration,11,9,0.9904522564943579,0.9902903504249246,0.9861787248864512,0.9846162492598949,3647.082142686777,3860.2200987911137,0.9953302853223452,0.20009987557739312,accepted,
10026,9,calibration,6,7,0.9816766282250113,0.9628914715595699,0.9743979552331945,0.9550255054572995,2648.970768846608,3348.9902814094676,0.9986080183084459,0.15702973998898795,accepted,
10026,10,calibration,14,11,0.9908288531833943,0.5486829775958566,0.9891291114226168,0.11940586424873612,4047.1705666637376,4451.279021994221,0.9960254872309919,0.1419308377827004,quarantined,low_MAC;near_repeated_eigenvalue_use_subspace_target
10027,1,calibration,1,1,0.9987539791581564,0.999701068507789,0.9981959556120504,0.999557836898187,1035.2883928216252,1048.4008002367657,0.9994722933027443,1.0,accepted,
10027,2,calibration,3,3,0.996356015493499,0.9992865317911482,0.994452770390728,0.9990126106023821,2075.3742142598885,2091.6134396814864,0.9987382933093606,0.4136270991914251,accepted,
10027,3,calibration,2,2,0.996577948496743,0.9990918012204675,0.9950192770881274,0.9986003920662132,1883.5765014800907,1945.297305212758,0.999288526368977,0.4222663706455212,accepted,
10027,4,calibration,4,4,0.9930300481766181,0.9985195017239511,0.9900543820190694,0.9978419605452311,2780.3232326987304,2849.065094612229,0.9988019482518778,0.42336602926110684,accepted,
10027,5,calibration,6,6,0.9893982816338416,0.9989517778818581,0.9853865356283807,0.9986355488885675,3585.4064360233533,3618.238900565052,0.9980906143505335,0.29613184770372963,accepted,
10027,6,calibration,5,5,0.9901386900554869,0.997422760063753,0.9861269440500261,0.9959871705696454,3017.8533569070178,3168.5269677808033,0.9993495594044579,0.31139456631005874,accepted,
10027,7,calibration,8,8,0.9798772780150263,0.9938525635494955,0.9712663601545728,0.9898163486851053,4163.097247832323,4251.904825328382,0.9982516425750398,0.30184655173984526,accepted,
10027,8,calibration,7,7,0.987347441920437,0.9967335615511589,0.9828927363059239,0.9950884293795937,3795.640936193782,3956.966778383256,0.9989746457010857,0.30705038214287705,accepted,
10027,9,calibration,12,12,0.989124617720438,0.9987163010461187,0.9872213726176671,0.9984000720528282,5435.943318174825,5505.3217054822,0.9974649875500402,0.23530558507649432,accepted,
10027,10,calibration,11,10,0.9831314919249906,0.996013832992276,0.9812258612929339,0.9957816650173943,5039.967933371304,5222.949928207312,0.9984853421404031,0.3015012317093368,accepted,
10028,1,calibration,1,1,0.9996612469309298,0.9999118712540602,0.9994863092787479,0.9998431498350488,1133.4163688814879,1185.2993991666838,0.9961570070375151,1.0,accepted,
10028,2,calibration,3,3,0.9990239400947108,0.9997562512921274,0.9984302695968241,0.9996157275659303,2193.6903989831353,2286.13165437615,0.9923340306795646,0.41347594116362024,accepted,
10028,3,calibration,2,2,0.9990744966778874,0.9999292214233223,0.998634691004892,0.999879050094263,2134.192532892138,2241.0767381637656,0.9927451571950071,0.4126072484789885,accepted,
10028,4,calibration,4,4,0.9981096695384624,0.9998026788853611,0.9972774566699628,0.9996909285916012,3035.0469441035484,3174.062153343421,0.9901508172271348,0.42181699141401774,accepted,
10028,5,calibration,6,6,0.9800665226045684,0.999376782420951,0.9616843349115004,0.9990929720802578,3675.0150113656555,3832.5886191760633,0.9889092895197191,0.30344418451080307,accepted,
10028,6,calibration,5,5,0.980097577703808,0.9996427236522571,0.96171539001074,0.999358913311564,3512.322242890056,3692.1608622022754,0.9898636256659705,0.3203225262975896,accepted,
10028,7,calibration,8,8,0.9967647799944164,0.9996904702967319,0.9956894256244311,0.9995540389893589,4378.278178371427,4574.343381935182,0.9875628649062295,0.29958415065363725,accepted,
10028,8,calibration,7,7,0.9957824907361049,0.9998083940554102,0.9944134105836593,0.9997268147953058,4277.758257230599,4484.546300330323,0.9882638922378569,0.29830923258989583,accepted,
10028,9,calibration,10,10,0.9965336624844965,0.9995601026159151,0.9953284709109895,0.9993892378403736,5420.979176026771,5662.163966141214,0.9859628813665229,0.23081357205099381,accepted,
10028,10,calibration,11,11,0.9953937382789666,0.9996545872816953,0.994769931905875,0.9995504989459685,5465.093598657482,5720.616660019816,0.986650169171871,0.29715643564051963,accepted,
10029,1,calibration,1,1,0.9974554290097948,0.9993704057918227,0.9951941046616475,0.9990357390900768,965.0435650982924,982.335851323616,0.9996884671827215,1.0,accepted,
10029,2,calibration,3,3,0.9963189051389558,0.9985460677728466,0.9930549567795248,0.9980234147314633,1846.7317981303906,1886.233133146845,0.9993404870155705,0.4179515104349064,accepted,
10029,3,calibration,2,2,0.9922493423537038,0.9970271651267242,0.9865048669443016,0.9952613912795423,1651.9330908199115,1731.5593307704103,0.999647104303821,0.42552725407659897,accepted,
10029,4,calibration,4,4,0.9913331135997325,0.9959479602135378,0.9838110294526268,0.993994916157155,2389.838543802052,2493.9144118884265,0.9994846513435046,0.4255011596673218,accepted,
10029,5,calibration,6,6,0.9921032672445758,0.9966488896286421,0.9879732541711439,0.9959603834838033,3021.1276541259044,3122.0237054696663,0.9992957214441044,0.2970045822194377,accepted,
10029,6,calibration,5,5,0.9822753072762176,0.9920908823139964,0.9726925119708072,0.9876985090373934,2528.27817884543,2718.512068228067,0.9996633026119668,0.30884380129475875,accepted,
10029,7,calibration,8,8,0.9429657035854422,0.9586277643753109,0.8947603706122902,0.9237125270824933,3442.715675557164,3611.3091008022875,0.9993560271947494,0.30162036797226927,accepted,
10029,8,calibration,7,7,0.9833693824716415,0.990985296245115,0.9732793125958459,0.987548123363437,3146.5278225868733,3364.079015661229,0.9995052195433426,0.30304019129827037,accepted,
10029,9,calibration,12,12,0.995177378470871,0.9929543878923425,0.9935941453735735,0.9927069274153887,4355.679687299942,4562.835888375017,0.9992196967967844,0.23170296486179334,accepted,
10029,10,calibration,11,10,0.9849500084457005,0.9889291227850044,0.9815286997414601,0.9882406166401657,4073.7400394769475,4355.249969790454,0.9992597116019967,0.29965813875155217,accepted,
10030,1,calibration,1,1,0.9992671498952937,0.9999620264946676,0.9986173985490006,0.9999288855993183,1029.8185025207567,1094.3689742966112,0.9941614105831259,1.0,accepted,
10030,2,calibration,2,2,0.9979829330683692,0.9998753278499269,0.9964347386231227,0.9998263139855638,1715.9309980421294,1848.3964628839765,0.9906700367617884,0.43910792959058803,accepted,
10030,3,calibration,3,3,0.998871551931079,0.9999765212329964,0.997989971005095,0.9999554935163217,2166.806579796403,2285.9625574777024,0.9861712797410501,0.4098039630148992,accepted,
10030,4,calibration,5,5,0.9975493843418227,0.999897156222128,0.995823052621905,0.999863904399483,2700.520908338103,2882.936832025597,0.984408884328503,0.4151347822506033,accepted,
10030,5,calibration,4,4,0.996218362511209,0.9997256768924988,0.9941923232812203,0.9996318434757276,2619.1323638815247,2840.499260320762,0.9888648418985441,0.31609672055859095,accepted,
10030,6,calibration,8,8,0.9984287301940455,0.999909871383572,0.9977094176825192,0.9998558585848931,3801.4080633128365,4005.3837623106674,0.9768307005442187,0.2921837380557978,accepted,
10030,7,calibration,6,6,0.995982659026288,0.9997350870693708,0.9940197504182081,0.9996244319060795,3472.171724254323,3740.2764713898773,0.9835410866195303,0.3115684343541089,accepted,
10030,8,calibration,9,9,0.991385595675261,0.9998718165288015,0.985200804404061,0.9998251315728076,4214.287680235857,4472.838249902673,0.976455008918875,0.29466630489993745,accepted,
10030,9,calibration,7,7,0.9898110019625023,0.9993974216732951,0.9836262106913023,0.9991661347332331,3627.848657786946,3950.0719084652983,0.9882532114283546,0.24502516429932597,accepted,
10030,10,calibration,12,12,0.9889627315309318,0.9898801488424268,0.9821512061863886,0.9803821086983697,4844.303929210315,5181.877756811935,0.976996611546792,0.30039763470547237,accepted,
10031,1,calibration,1,1,0.9982350579233895,0.9986262489461958,0.9966103972779808,0.9976260695814659,888.1649913554753,918.2054303787529,0.996977752600837,1.0,accepted,
10031,2,calibration,2,2,0.9957377129703091,0.9931459034765892,0.9920463086226853,0.987947918673802,1456.88134911003,1577.7838533200932,0.9960673787214087,0.4334482440714007,accepted,
10031,3,calibration,3,3,0.9978870154864634,0.9975845895509146,0.9960158232186661,0.9958956058483346,1833.2808108736576,1881.922689492464,0.9925748464752714,0.40916892484083595,accepted,
10031,4,calibration,5,4,0.9958969059729926,0.9915960219321807,0.9923925790040222,0.9865511837845607,2274.0182691458726,2415.2408368627944,0.9927081585181232,0.41486745605865394,accepted,
10031,5,calibration,4,5,0.9929401866695042,0.9829732160714717,0.9886815270316412,0.9732275583559361,2183.212489784629,2473.79573281273,0.9963404618626619,0.30699189582334446,accepted,
10031,6,calibration,8,7,0.9980667376158843,0.9966585527347324,0.9967724599374372,0.9946075372794116,3170.5338561503527,3257.868529071817,0.9882331392395399,0.2939284179245378,accepted,
10031,7,calibration,6,6,0.9935602438838238,0.9814959276756743,0.9899025545421463,0.9715251489340799,2893.0625912359446,3204.392541220852,0.9934031251874248,0.3041397213604602,accepted,
10031,8,calibration,9,9,0.9914227585777748,0.9891095056178225,0.9858051779811242,0.9837993597766634,3504.7028126204814,3686.6884770013035,0.9887648565360743,0.29651825471834775,accepted,
10031,9,calibration,7,8,0.9865718968625506,0.9674909307325106,0.9809543162659,0.9622929459297235,2979.447145118335,3531.3213059953964,0.9969201023479813,0.24096550152133275,accepted,
10031,10,calibration,12,11,0.992400689112305,0.9774614221947373,0.9897209107982368,0.9740690509352556,4005.2784343415738,4358.631569930161,0.9896106805032842,0.2822988934592137,accepted,
10032,1,calibration,1,1,0.9991300995065658,0.999894589320446,0.9983932155251413,0.9998468045387106,932.526435499521,943.3474510295277,0.9967846776410614,1.0,accepted,
10032,2,calibration,3,3,0.9962560007835863,0.9995602467957323,0.9932698074211572,0.9993879528674777,1874.5054103639898,1899.664466035675,0.9927703428835775,0.4117124667223898,accepted,
10032,3,calibration,2,2,0.998359241583358,0.9996880709802421,0.9970760846958819,0.9995179196124528,1820.5336457987848,1856.2563201127703,0.9936616417752343,0.41412132999691004,accepted,
10032,4,calibration,4,4,0.9950096902822181,0.9992137269166077,0.9911578446220176,0.998980896411684,2656.793414981735,2712.53209783659,0.9905964340438113,0.4223143383430765,accepted,
10032,5,calibration,6,6,0.981594198801727,0.9985891522291541,0.9719794525132045,0.9981834300907927,3287.727717693904,3338.5857767902385,0.9880839632680734,0.29613199797071404,accepted,
10032,6,calibration,5,5,0.9881674281148994,0.9988004544777069,0.9785526818263769,0.998219568202311,3109.9798333463973,3208.4229629560036,0.9906831308562211,0.31287730174914674,accepted,
10032,7,calibration,8,8,0.989301025568498,0.9983015075178955,0.9880178686810219,0.9979201855435099,3977.5331409016494,4067.055974516685,0.9866937701516578,0.2974381771835048,accepted,
10032,8,calibration,7,7,0.992533367945027,0.998383256868034,0.9880968854559906,0.9981774440613708,3856.738121525614,3982.568065150152,0.988447942950213,0.2976948504105167,accepted,
10032,9,calibration,11,10,0.9830011867606533,0.9976196615191463,0.9800149933982242,0.9972139393807848,5084.519564305177,5176.683792194233,0.9830253760943052,0.23024735564287227,quarantined,near_repeated_eigenvalue_use_subspace_target
10032,10,calibration,10,11,0.9880966622897146,0.9972515235616177,0.986381625657055,0.9968499951657899,5069.203240929206,5239.507167654524,0.9855203509261893,0.26015808460792755,quarantined,near_repeated_eigenvalue_use_subspace_target
