run_id,alpha,beta,theta_c,eta1,eta2,role,selection_rank,selection_score
11,0.5197169389770698,0.464251402404527,2.621040830978229,0.9518486849680046,0.026667891550247867,calibration,19,0.5790012867518207
297,0.856315708620753,0.1537163746218936,72.2161094347721,2.468876757219238,0.02421438350187163,calibration,17,0.19380478410602486
373,0.7794232965984597,0.11345313138554934,74.33332340596652,0.5278007799386866,0.08926464951583812,calibration,25,0.37483388674829254
422,0.890859042931897,0.5046779454568878,45.552898321885465,2.766850972076166,0.06724547488745759,test,9,0.44995593931586686
692,0.8521041217209515,0.9943480259771792,43.96367767199684,2.423804545401784,0.13946906717847077,train,40,nan
795,0.8774700476127497,0.5087261495124026,36.14407196866395,0.9821187030230085,0.09994955467936426,calibration,31,0.3188650134177288
818,0.8725689508789899,0.9238095984422778,15.025908445516187,1.7333803592685118,0.11428992393730089,train,51,nan
871,0.20791770720601216,0.10091122110970528,52.281746588800516,0.888485861831001,0.05361393928836089,train,48,nan
970,0.17411879971922645,0.34574645136682736,21.310350713975584,2.400473177724955,0.09569367172958435,train,33,nan
1039,0.5223377800907621,0.5236118843756739,17.698690488935945,2.96836526126666,0.04622399904626642,train,59,nan
1062,0.8897982261962821,0.9172081418996233,38.01919667731675,2.188321588700218,0.07654755323705939,train,58,nan
1063,0.1998222148494856,0.9396528348936904,44.06307791094184,1.8908449154539846,0.09321931751984272,train,36,nan
1190,0.8897676309618316,0.1263718248208702,22.641213995747528,0.5894979554888798,0.06336273657411069,test,16,0.3423602356418584
1356,0.5367409587455574,0.10511406723356659,42.81213944406166,2.424048882597771,0.0829409592853869,train,57,nan
1720,0.25621376262382867,0.97942475051295,42.85087153434359,0.7161980327719418,0.030376772349124406,calibration,23,0.4106150056492648
1793,0.3617699059570594,0.32598526659911087,73.74561125076502,1.753470100537735,0.02271786220807581,train,67,nan
1826,0.36300981189969317,0.8725619480105975,13.528923000233657,2.796402328680776,0.13875625948048917,test,2,0.8278056885923663
1962,0.8831842137596059,0.40006452191339914,69.07309993225759,2.905150583156892,0.14037282109862656,calibration,26,0.35984471647097094
2209,0.8200261360577531,0.9112690543115672,6.5495816973343866,0.5722725430287802,0.0695539081143981,test,8,0.470312661469025
2231,0.2849520693375591,0.9373145301327968,73.56796487697157,1.0742519833704876,0.08025457499922484,calibration,32,0.3035387770085652
2304,0.1152794589279943,0.10163341707561352,72.35680876950126,1.4965204880626684,0.08847394486751367,train,64,nan
2504,0.11287031535011632,0.41964631601851665,74.70569487098345,1.2843979258309544,0.14353669056740115,calibration,22,0.4111827535227085
2612,0.12858229443849184,0.7022848965897838,6.066834731906059,1.7994613347173347,0.036272946668345046,train,49,nan
2764,0.29804721262398526,0.11134367517324696,19.313944648697493,0.656861283660442,0.12669956695742499,calibration,24,0.3912438058051852
2776,0.870781537809074,0.10025461039361983,71.60331512034425,2.1465545777310457,0.09464782753606797,train,35,nan
2802,0.12360137396392776,0.5142488801714558,65.64115991239909,0.9430153384910772,0.08419127097274734,test,10,0.39838107973597114
2889,0.6537157700869469,0.5687907281180626,65.90564769673406,0.6801303819913711,0.10636500102280538,train,80,nan
2892,0.3198695109880324,0.4552784292548083,44.12099650457037,2.197731167119889,0.14940875963772615,train,44,nan
3114,0.26475158634732454,0.9303343900958913,11.53330500874818,1.955160197240877,0.08586136802338128,calibration,27,0.3538185416866921
3124,0.6891265948277765,0.2094482463593101,10.837353986409173,2.9646491862311706,0.14521867676097303,calibration,20,0.5298866959379859
3144,0.3481843549296607,0.4966072677366843,40.59137357348886,1.4071791138647272,0.02173852285039949,train,34,nan
3261,0.886911359485782,0.24439430354570812,45.851714009185265,1.5833377748394344,0.046825358359852486,train,55,nan
3283,0.8794155571513085,0.5600842979892189,15.303246346994397,1.7520412255057134,0.03067227104053203,train,50,nan
3377,0.5690882674092549,0.9940087049914592,15.17489377393006,2.7351091620378476,0.037297468250124456,test,12,0.37225463172736134
3408,0.8876117733149554,0.9764920256017059,74.0522093357596,0.9496021769284819,0.13917623154567965,test,6,0.5429484564737914
3455,0.31068025549175293,0.10013968075297132,45.05348497650192,1.2009698011112242,0.11432062360152367,train,42,nan
3565,0.8414560799666256,0.19347851287193185,36.439460266875784,0.8182723224403327,0.1408026306334134,train,74,nan
3592,0.8297521667226337,0.9506140639414679,74.2237129092967,2.9496312875522634,0.07810974699871184,calibration,21,0.49338066065166236
3721,0.20106714224035882,0.9959117562122379,72.67972740306736,2.443906126464505,0.09642060003033047,train,65,nan
3927,0.5079079802317001,0.4021270083302051,54.04440469550629,2.949438858839634,0.033566795383020334,train,75,nan
3964,0.7751532835014903,0.18258196986951836,0.5912916283441606,1.0000699246604454,0.09666773389118839,train,79,nan
4067,0.2747008596271292,0.5836134561263308,72.79478116859956,2.5399312298058696,0.0627606820751676,train,52,nan
4082,0.8246017218459134,0.2959723050140184,64.12518329042945,0.8654295352803512,0.14818738110496146,test,13,0.3718917305725651
4124,0.15819661800182372,0.9802526457252985,44.2058917354884,2.7842715674649656,0.1498733866817289,calibration,28,0.34253566474362956
4352,0.18748750909388162,0.24137741813862026,1.4061142673484046,1.9184581341041147,0.023378690759013443,test,4,0.5938209659436295
4365,0.4023833195505778,0.5281574033443617,46.73428067855544,2.0141762648544006,0.09402671316082628,train,66,nan
4367,0.8236717175243891,0.12196554767815079,41.22499962757037,2.951840880375378,0.13439190713796517,train,38,nan
4387,0.8672275847425827,0.534819462491966,72.94396876077654,1.4958905959290167,0.07067715424372246,train,45,nan
4391,0.7911518509382442,0.5837245630977301,20.32015651814271,1.413922471039561,0.14885072737526503,train,54,nan
4463,0.4395669299552163,0.8777653125067049,32.81501678849505,0.7223535947895596,0.14722262568792524,calibration,18,0.7597745114707546
4470,0.1187217933179348,0.10347423053155912,67.54198288097774,2.611593917134407,0.13545870275234365,test,5,0.5731240946671575
4588,0.8922789564196051,0.10600970478885738,11.904263434617093,1.6911540211080813,0.03062256704975547,train,69,nan
4723,0.8913320826608016,0.6142717226483334,53.29284499566732,1.6570644494412912,0.1428477091736231,train,62,nan
4919,0.640838573136532,0.5742075131004609,1.748353019941502,0.9946902848736374,0.07750509771667216,train,73,nan
5550,0.2869561085939233,0.13274375125102988,33.806184615957726,1.9913023426239302,0.03032602953914859,calibration,29,0.3352036437562641
5674,0.13731061449429854,0.5573293668769654,11.377233233429195,1.0512518726497975,0.12126862138456862,train,46,nan
5683,0.8940956699605783,0.936785333130927,71.48603377208046,2.292008105782305,0.12843085341739396,train,76,nan
5873,0.13539077422986068,0.11677481334043223,68.9494912405348,2.9363621684332357,0.042940339108617234,test,11,0.3823823355888231
6065,0.30161199355553847,0.45147208743282263,44.641942609528904,0.7135442775859495,0.11619400154654178,train,78,nan
6148,0.7921351415412679,0.11001404586879704,11.456310129761915,1.5324292343785242,0.1363097734729601,test,7,0.4807105295302893
6667,0.7672040639941456,0.8838902200133987,50.07897197590982,0.9963374106250775,0.10108916147872796,train,63,nan
6742,0.4212765847461738,0.6483392036507617,26.995894290877658,0.5704458454460821,0.06409842083581857,train,56,nan
6999,0.35745972524209535,0.2427543342624844,72.63379010702195,2.8860614876798407,0.08764486505110812,train,71,nan
7267,0.7042428157043678,0.8224884520429834,39.881270351962,1.7389473864062837,0.02084760552733399,train,68,nan
7846,0.6480843852559834,0.10425321421542008,60.928679441733166,2.0204113251324567,0.14917387660226067,train,70,nan
7862,0.1456459770343502,0.985627076362043,73.83488536570665,2.250521581360891,0.02832628856463494,test,3,0.5938968477609597
7876,0.5036280076363837,0.6659263984077188,70.25273205796778,0.8751582534427975,0.02493749871115286,train,60,nan
8064,0.16973218894392467,0.7502554145442475,41.36820358681048,2.776125405871648,0.039751625644154354,calibration,30,0.32579702904109503
8110,0.8783250783109775,0.7291597005920147,68.26171375726027,2.420615380062366,0.020462820091906243,train,41,nan
8539,0.8901836257242883,0.9224151484605353,60.14673587758035,0.7802294986176093,0.04835854277243225,test,14,0.3598629795728702
8705,0.8353147688164754,0.10484443825783098,6.623766804640057,2.696578592714224,0.08297753122248085,train,43,nan
8792,0.2027038618713152,0.8932876077866806,65.53545709497836,0.8875048556992671,0.13686881581369706,train,53,nan
9064,0.8547489118642061,0.6268930205993354,34.18204242417736,2.8698496797187145,0.148399972672802,train,61,nan
9167,0.615955276341948,0.39372214287906504,73.31959470493373,1.8907215319464827,0.11588640079605869,train,77,nan
9183,0.8774607082322282,0.10309956773353764,30.385360764452447,2.8080683765731274,0.02529412735788324,train,37,nan
9311,0.36534301362342025,0.7368179835337785,71.53605622535498,2.8826010518949308,0.13171477211731789,test,15,0.3591191987206382
9436,0.804283230540399,0.6066494872758479,3.2419609906669486,2.730119537881887,0.08919196627013462,train,39,nan
9627,0.21632575859796357,0.14624270203968281,5.073167459842237,0.8389193189015542,0.0749621499147579,train,47,nan
9779,0.8361000711088116,0.10685336765986493,72.92425459882384,0.5239082284140667,0.03204676497613171,test,1,0.21422610185009724
9828,0.7695198727055449,0.35527408704883,27.265490880564165,2.975767921232065,0.10068748739382648,train,72,nan
